profile_id,variant,timely_success,eventual_success
profile_000001,control,1,1
profile_000002,treatment,0,0
profile_000003,treatment,1,1
profile_000004,control,1,1
profile_000005,control,1,1
profile_000006,treatment,1,1
profile_000007,control,1,1
profile_000008,control,0,1
profile_000009,treatment,0,1
profile_000010,treatment,0,0
profile_000011,control,1,1
profile_000012,treatment,1,1
profile_000013,control,0,0
profile_000014,treatment,1,1
profile_000015,control,0,1
profile_000016,treatment,1,1
profile_000017,control,1,1
profile_000018,control,1,1
profile_000019,control,0,0
profile_000020,treatment,1,1
profile_000021,treatment,0,1
profile_000022,treatment,0,0
profile_000023,control,1,1
profile_000024,treatment,1,1
profile_000025,treatment,1,1
profile_000026,treatment,0,1
profile_000027,control,0,1
profile_000028,treatment,1,1
profile_000029,treatment,1,1
profile_000030,control,1,1
profile_000031,treatment,1,1
profile_000032,control,1,1
profile_000033,control,0,1
profile_000034,control,1,1
profile_000035,control,1,1
profile_000036,control,0,0
profile_000037,control,0,0
profile_000038,control,1,1
profile_000039,treatment,1,1
profile_000040,control,1,1
profile_000041,control,1,1
profile_000042,treatment,1,1
profile_000043,control,1,1
profile_000044,control,1,1
profile_000045,treatment,1,1
profile_000046,treatment,0,0
profile_000047,control,1,1
profile_000048,treatment,0,0
profile_000049,treatment,1,1
profile_000050,treatment,1,1
profile_000051,control,1,1
profile_000052,treatment,1,1
profile_000053,control,0,0
profile_000054,control,1,1
profile_000055,treatment,1,1
profile_000056,treatment,0,0
profile_000057,treatment,1,1
profile_000058,control,0,1
profile_000059,control,1,1
profile_000060,control,1,1
profile_000061,control,0,1
profile_000062,control,0,1
profile_000063,treatment,1,1
profile_000064,control,1,1
profile_000065,control,1,1
profile_000066,control,0,1
profile_000067,control,1,1
profile_000068,control,0,0
profile_000069,control,1,1
profile_000070,control,1,1
profile_000071,control,1,1
profile_000072,control,1,1
profile_000073,treatment,0,0
profile_000074,control,0,0
profile_000075,control,1,1
profile_000076,control,0,0
profile_000077,control,0,1
profile_000078,control,1,1
profile_000079,treatment,1,1
profile_000080,control,1,1
profile_000081,treatment,1,1
profile_000082,control,1,1
profile_000083,treatment,1,1
profile_000084,control,1,1
profile_000085,treatment,1,1
profile_000086,control,0,0
profile_000087,control,1,1
profile_000088,treatment,1,1
profile_000089,control,0,1
profile_000090,treatment,1,1
profile_000091,treatment,1,1
profile_000092,control,1,1
profile_000093,treatment,0,1
profile_000094,control,0,1
profile_000095,control,1,1
profile_000096,treatment,1,1
profile_000097,treatment,0,0
profile_000098,treatment,0,0
profile_000099,treatment,1,1
profile_000100,control,1,1
profile_000101,control,1,1
profile_000102,treatment,1,1
profile_000103,treatment,0,0
profile_000104,treatment,0,1
profile_000105,control,1,1
profile_000106,treatment,1,1
profile_000107,treatment,0,1
profile_000108,control,1,1
profile_000109,control,0,1
profile_000110,control,0,1
profile_000111,control,0,0
profile_000112,control,0,0
profile_000113,control,1,1
profile_000114,control,1,1
profile_000115,treatment,1,1
profile_000116,control,1,1
profile_000117,treatment,1,1
profile_000118,treatment,1,1
profile_000119,control,0,0
profile_000120,control,1,1
profile_000121,control,1,1
profile_000122,control,0,0
profile_000123,control,0,0
profile_000124,control,1,1
profile_000125,control,1,1
profile_000126,control,0,1
profile_000127,control,0,0
profile_000128,treatment,1,1
profile_000129,control,0,1
profile_000130,control,1,1
profile_000131,control,1,1
profile_000132,treatment,0,1
profile_000133,treatment,1,1
profile_000134,treatment,1,1
profile_000135,control,1,1
profile_000136,control,1,1
profile_000137,control,1,1
profile_000138,control,0,0
profile_000139,treatment,0,0
profile_000140,control,1,1
profile_000141,treatment,1,1
profile_000142,control,0,1
profile_000143,treatment,1,1
profile_000144,control,0,0
profile_000145,control,1,1
profile_000146,treatment,1,1
profile_000147,control,1,1
profile_000148,control,1,1
profile_000149,control,1,1
profile_000150,control,1,1
profile_000151,control,1,1
profile_000152,treatment,0,1
profile_000153,control,1,1
profile_000154,treatment,1,1
profile_000155,treatment,0,0
profile_000156,control,0,1
profile_000157,control,0,1
profile_000158,control,1,1
profile_000159,control,1,1
profile_000160,treatment,1,1
profile_000161,control,1,1
profile_000162,control,0,1
profile_000163,control,1,1
profile_000164,treatment,1,1
profile_000165,control,1,1
profile_000166,treatment,1,1
profile_000167,control,0,1
profile_000168,control,1,1
profile_000169,treatment,0,0
profile_000170,treatment,0,0
profile_000171,control,1,1
profile_000172,control,1,1
profile_000173,treatment,1,1
profile_000174,control,0,0
profile_000175,treatment,1,1
profile_000176,treatment,1,1
profile_000177,control,0,1
profile_000178,treatment,1,1
profile_000179,treatment,1,1
profile_000180,treatment,1,1
profile_000181,treatment,1,1
profile_000182,control,1,1
profile_000183,treatment,1,1
profile_000184,treatment,0,0
profile_000185,control,1,1
profile_000186,control,0,1
profile_000187,control,1,1
profile_000188,treatment,0,0
profile_000189,control,0,1
profile_000190,control,1,1
profile_000191,treatment,0,1
profile_000192,treatment,0,0
profile_000193,control,1,1
profile_000194,treatment,1,1
profile_000195,treatment,1,1
profile_000196,treatment,0,0
profile_000197,treatment,1,1
profile_000198,treatment,0,0
profile_000199,control,0,1
profile_000200,control,1,1
profile_000201,treatment,0,1
profile_000202,treatment,0,0
profile_000203,control,0,0
profile_000204,treatment,0,0
profile_000205,treatment,1,1
profile_000206,treatment,0,1
profile_000207,control,0,0
profile_000208,treatment,1,1
profile_000209,treatment,1,1
profile_000210,treatment,0,0
profile_000211,control,0,1
profile_000212,control,1,1
profile_000213,treatment,1,1
profile_000214,treatment,0,1
profile_000215,treatment,0,0
profile_000216,control,1,1
profile_000217,treatment,1,1
profile_000218,treatment,1,1
profile_000219,control,1,1
profile_000220,control,1,1
profile_000221,control,0,1
profile_000222,control,1,1
profile_000223,treatment,0,0
profile_000224,treatment,1,1
profile_000225,treatment,0,1
profile_000226,treatment,1,1
profile_000227,treatment,1,1
profile_000228,control,1,1
profile_000229,control,1,1
profile_000230,treatment,0,0
profile_000231,treatment,1,1
profile_000232,treatment,0,1
profile_000233,treatment,1,1
profile_000234,control,1,1
profile_000235,control,1,1
profile_000236,control,1,1
profile_000237,control,1,1
profile_000238,control,0,0
profile_000239,treatment,0,1
profile_000240,control,1,1
profile_000241,treatment,0,0
profile_000242,control,1,1
profile_000243,treatment,1,1
profile_000244,treatment,0,1
profile_000245,treatment,0,1
profile_000246,control,1,1
profile_000247,treatment,1,1
profile_000248,treatment,1,1
profile_000249,control,1,1
profile_000250,control,0,0
profile_000251,control,1,1
profile_000252,treatment,1,1
profile_000253,treatment,0,1
profile_000254,control,1,1
profile_000255,treatment,1,1
profile_000256,treatment,0,1
profile_000257,treatment,1,1
profile_000258,control,0,1
profile_000259,treatment,1,1
profile_000260,treatment,1,1
profile_000261,control,1,1
profile_000262,treatment,1,1
profile_000263,control,0,0
profile_000264,treatment,1,1
profile_000265,control,1,1
profile_000266,treatment,1,1
profile_000267,control,1,1
profile_000268,treatment,0,0
profile_000269,control,0,0
profile_000270,treatment,1,1
profile_000271,control,1,1
profile_000272,treatment,1,1
profile_000273,control,1,1
profile_000274,control,0,0
profile_000275,treatment,1,1
profile_000276,control,1,1
profile_000277,treatment,1,1
profile_000278,control,0,0
profile_000279,treatment,0,1
profile_000280,treatment,0,0
profile_000281,treatment,1,1
profile_000282,control,1,1
profile_000283,control,1,1
profile_000284,control,0,1
profile_000285,control,1,1
profile_000286,control,0,1
profile_000287,treatment,1,1
profile_000288,treatment,1,1
profile_000289,treatment,1,1
profile_000290,control,0,0
profile_000291,treatment,1,1
profile_000292,treatment,1,1
profile_000293,treatment,0,0
profile_000294,control,1,1
profile_000295,treatment,1,1
profile_000296,control,0,1
profile_000297,control,0,0
profile_000298,control,1,1
profile_000299,control,1,1
profile_000300,treatment,1,1
profile_000301,treatment,1,1
profile_000302,treatment,1,1
profile_000303,treatment,1,1
profile_000304,control,0,1
profile_000305,control,0,1
profile_000306,treatment,0,1
profile_000307,treatment,0,1
profile_000308,treatment,0,1
profile_000309,treatment,0,1
profile_000310,treatment,1,1
profile_000311,control,1,1
profile_000312,control,1,1
profile_000313,control,1,1
profile_000314,control,1,1
profile_000315,control,1,1
profile_000316,control,1,1
profile_000317,control,0,1
profile_000318,treatment,1,1
profile_000319,control,0,0
profile_000320,control,1,1
profile_000321,treatment,1,1
profile_000322,treatment,0,0
profile_000323,treatment,1,1
profile_000324,control,0,0
profile_000325,treatment,1,1
profile_000326,control,1,1
profile_000327,treatment,1,1
profile_000328,control,0,0
profile_000329,treatment,0,1
profile_000330,treatment,1,1
profile_000331,control,1,1
profile_000332,treatment,1,1
profile_000333,treatment,0,1
profile_000334,treatment,1,1
profile_000335,control,1,1
profile_000336,treatment,1,1
profile_000337,treatment,1,1
profile_000338,control,1,1
profile_000339,control,0,0
profile_000340,treatment,0,1
profile_000341,treatment,1,1
profile_000342,control,0,1
profile_000343,control,0,0
profile_000344,control,0,0
profile_000345,control,0,0
profile_000346,treatment,1,1
profile_000347,treatment,0,1
profile_000348,treatment,0,0
profile_000349,treatment,1,1
profile_000350,control,1,1
profile_000351,treatment,1,1
profile_000352,treatment,1,1
profile_000353,control,1,1
profile_000354,control,1,1
profile_000355,treatment,1,1
profile_000356,control,1,1
profile_000357,control,0,1
profile_000358,control,0,0
profile_000359,treatment,1,1
profile_000360,control,1,1
profile_000361,treatment,1,1
profile_000362,control,0,0
profile_000363,treatment,1,1
profile_000364,treatment,1,1
profile_000365,control,0,0
profile_000366,treatment,1,1
profile_000367,treatment,0,0
profile_000368,control,1,1
profile_000369,treatment,0,0
profile_000370,treatment,1,1
profile_000371,control,1,1
profile_000372,treatment,1,1
profile_000373,control,0,0
profile_000374,control,0,1
profile_000375,treatment,1,1
profile_000376,treatment,1,1
profile_000377,treatment,0,1
profile_000378,treatment,1,1
profile_000379,control,0,0
profile_000380,control,0,1
profile_000381,control,1,1
profile_000382,control,0,0
profile_000383,control,0,0
profile_000384,control,1,1
profile_000385,control,0,0
profile_000386,control,1,1
profile_000387,control,1,1
profile_000388,control,0,0
profile_000389,treatment,1,1
profile_000390,control,0,0
profile_000391,treatment,1,1
profile_000392,control,1,1
profile_000393,control,1,1
profile_000394,treatment,1,1
profile_000395,treatment,1,1
profile_000396,control,0,1
profile_000397,control,1,1
profile_000398,treatment,0,0
profile_000399,treatment,0,0
profile_000400,treatment,1,1
profile_000401,control,0,0
profile_000402,control,0,0
profile_000403,control,1,1
profile_000404,treatment,1,1
profile_000405,control,0,1
profile_000406,treatment,1,1
profile_000407,treatment,1,1
profile_000408,treatment,1,1
profile_000409,control,1,1
profile_000410,control,0,1
profile_000411,control,0,1
profile_000412,control,1,1
profile_000413,treatment,0,1
profile_000414,treatment,1,1
profile_000415,control,1,1
profile_000416,control,1,1
profile_000417,control,1,1
profile_000418,control,1,1
profile_000419,treatment,0,0
profile_000420,control,1,1
profile_000421,control,1,1
profile_000422,treatment,1,1
profile_000423,treatment,1,1
profile_000424,treatment,1,1
profile_000425,treatment,0,1
profile_000426,treatment,0,0
profile_000427,treatment,1,1
profile_000428,treatment,0,0
profile_000429,treatment,0,0
profile_000430,treatment,0,1
profile_000431,treatment,1,1
profile_000432,control,0,1
profile_000433,control,1,1
profile_000434,control,1,1
profile_000435,control,1,1
profile_000436,control,0,0
profile_000437,control,0,1
profile_000438,treatment,1,1
profile_000439,treatment,0,0
profile_000440,treatment,1,1
profile_000441,control,1,1
profile_000442,control,0,1
profile_000443,control,1,1
profile_000444,treatment,1,1
profile_000445,control,1,1
profile_000446,control,0,1
profile_000447,control,1,1
profile_000448,treatment,1,1
profile_000449,control,0,1
profile_000450,control,0,0
profile_000451,treatment,0,0
profile_000452,treatment,1,1
profile_000453,treatment,0,1
profile_000454,treatment,1,1
profile_000455,treatment,1,1
profile_000456,treatment,0,0
profile_000457,control,1,1
profile_000458,control,1,1
profile_000459,treatment,0,0
profile_000460,control,0,1
profile_000461,control,1,1
profile_000462,treatment,1,1
profile_000463,treatment,1,1
profile_000464,treatment,0,0
profile_000465,treatment,1,1
profile_000466,control,1,1
profile_000467,treatment,0,0
profile_000468,treatment,0,0
profile_000469,control,0,1
profile_000470,control,0,1
profile_000471,treatment,0,0
profile_000472,treatment,0,0
profile_000473,control,1,1
profile_000474,treatment,1,1
profile_000475,control,1,1
profile_000476,treatment,1,1
profile_000477,treatment,1,1
profile_000478,treatment,1,1
profile_000479,control,1,1
profile_000480,treatment,0,0
profile_000481,control,0,1
profile_000482,treatment,1,1
profile_000483,control,1,1
profile_000484,treatment,1,1
profile_000485,control,0,1
profile_000486,control,0,1
profile_000487,treatment,1,1
profile_000488,control,1,1
profile_000489,treatment,1,1
profile_000490,control,0,1
profile_000491,treatment,1,1
profile_000492,treatment,1,1
profile_000493,treatment,0,0
profile_000494,control,1,1
profile_000495,treatment,1,1
profile_000496,treatment,0,0
profile_000497,treatment,1,1
profile_000498,treatment,0,0
profile_000499,control,1,1
profile_000500,control,1,1
profile_000501,control,0,0
profile_000502,control,0,0
profile_000503,treatment,1,1
profile_000504,treatment,0,1
profile_000505,control,1,1
profile_000506,treatment,1,1
profile_000507,treatment,0,0
profile_000508,control,0,1
profile_000509,control,1,1
profile_000510,treatment,1,1
profile_000511,control,1,1
profile_000512,treatment,0,0
profile_000513,treatment,1,1
profile_000514,control,1,1
profile_000515,treatment,1,1
profile_000516,treatment,1,1
profile_000517,control,1,1
profile_000518,control,1,1
profile_000519,control,1,1
profile_000520,control,0,1
profile_000521,treatment,0,0
profile_000522,treatment,0,1
profile_000523,control,1,1
profile_000524,control,0,0
profile_000525,treatment,1,1
profile_000526,treatment,1,1
profile_000527,treatment,0,0
profile_000528,control,1,1
profile_000529,control,0,0
profile_000530,control,1,1
profile_000531,treatment,1,1
profile_000532,control,0,0
profile_000533,control,0,1
profile_000534,treatment,0,0
profile_000535,treatment,1,1
profile_000536,control,1,1
profile_000537,control,0,1
profile_000538,control,1,1
profile_000539,control,0,0
profile_000540,control,1,1
profile_000541,treatment,1,1
profile_000542,treatment,1,1
profile_000543,treatment,0,1
profile_000544,control,1,1
profile_000545,control,1,1
profile_000546,control,0,1
profile_000547,treatment,0,0
profile_000548,treatment,0,0
profile_000549,treatment,0,1
profile_000550,control,1,1
profile_000551,treatment,1,1
profile_000552,control,1,1
profile_000553,treatment,1,1
profile_000554,control,0,1
profile_000555,control,1,1
profile_000556,treatment,1,1
profile_000557,control,1,1
profile_000558,treatment,0,0
profile_000559,treatment,1,1
profile_000560,treatment,1,1
profile_000561,treatment,1,1
profile_000562,control,1,1
profile_000563,treatment,1,1
profile_000564,control,0,1
profile_000565,treatment,1,1
profile_000566,control,0,1
profile_000567,treatment,0,1
profile_000568,control,1,1
profile_000569,treatment,1,1
profile_000570,treatment,1,1
profile_000571,control,1,1
profile_000572,control,1,1
profile_000573,control,0,1
profile_000574,treatment,1,1
profile_000575,treatment,1,1
profile_000576,control,1,1
profile_000577,control,1,1
profile_000578,treatment,1,1
profile_000579,treatment,1,1
profile_000580,treatment,0,1
profile_000581,treatment,0,0
profile_000582,treatment,0,0
profile_000583,control,1,1
profile_000584,treatment,1,1
profile_000585,treatment,1,1
profile_000586,control,0,0
profile_000587,control,1,1
profile_000588,control,1,1
profile_000589,control,0,1
profile_000590,treatment,1,1
profile_000591,treatment,1,1
profile_000592,control,1,1
profile_000593,control,1,1
profile_000594,treatment,1,1
profile_000595,control,1,1
profile_000596,control,0,0
profile_000597,control,1,1
profile_000598,treatment,1,1
profile_000599,treatment,0,0
profile_000600,treatment,1,1
profile_000601,control,0,1
profile_000602,treatment,1,1
profile_000603,control,0,1
profile_000604,control,1,1
profile_000605,treatment,1,1
profile_000606,control,0,0
profile_000607,control,0,1
profile_000608,treatment,1,1
profile_000609,control,1,1
profile_000610,control,1,1
profile_000611,control,0,0
profile_000612,control,0,0
profile_000613,treatment,1,1
profile_000614,control,1,1
profile_000615,control,1,1
profile_000616,control,1,1
profile_000617,treatment,0,0
profile_000618,control,1,1
profile_000619,treatment,0,1
profile_000620,treatment,0,0
profile_000621,treatment,0,0
profile_000622,treatment,0,0
profile_000623,treatment,0,0
profile_000624,control,1,1
profile_000625,control,0,0
profile_000626,control,1,1
profile_000627,treatment,1,1
profile_000628,treatment,1,1
profile_000629,treatment,1,1
profile_000630,control,1,1
profile_000631,treatment,1,1
profile_000632,control,0,1
profile_000633,control,1,1
profile_000634,treatment,0,0
profile_000635,control,1,1
profile_000636,treatment,1,1
profile_000637,treatment,0,1
profile_000638,control,1,1
profile_000639,control,1,1
profile_000640,control,0,1
profile_000641,control,1,1
profile_000642,control,1,1
profile_000643,control,0,0
profile_000644,control,1,1
profile_000645,treatment,0,0
profile_000646,treatment,0,0
profile_000647,control,0,0
profile_000648,control,1,1
profile_000649,control,0,1
profile_000650,control,1,1
profile_000651,control,1,1
profile_000652,control,1,1
profile_000653,treatment,1,1
profile_000654,control,1,1
profile_000655,treatment,1,1
profile_000656,treatment,1,1
profile_000657,control,1,1
profile_000658,control,1,1
profile_000659,control,0,1
profile_000660,treatment,1,1
profile_000661,treatment,0,0
profile_000662,treatment,1,1
profile_000663,control,1,1
profile_000664,treatment,1,1
profile_000665,treatment,1,1
profile_000666,control,1,1
profile_000667,treatment,0,1
profile_000668,treatment,1,1
profile_000669,treatment,1,1
profile_000670,control,1,1
profile_000671,control,1,1
profile_000672,control,0,1
profile_000673,control,1,1
profile_000674,treatment,0,0
profile_000675,control,0,0
profile_000676,control,1,1
profile_000677,treatment,1,1
profile_000678,control,1,1
profile_000679,control,1,1
profile_000680,treatment,0,0
profile_000681,control,1,1
profile_000682,treatment,1,1
profile_000683,control,0,0
profile_000684,control,0,0
profile_000685,control,1,1
profile_000686,control,0,1
profile_000687,treatment,0,0
profile_000688,control,1,1
profile_000689,control,1,1
profile_000690,control,1,1
profile_000691,treatment,1,1
profile_000692,control,1,1
profile_000693,control,1,1
profile_000694,control,1,1
profile_000695,control,1,1
profile_000696,treatment,1,1
profile_000697,treatment,1,1
profile_000698,treatment,1,1
profile_000699,treatment,1,1
profile_000700,treatment,0,0
profile_000701,treatment,0,0
profile_000702,treatment,1,1
profile_000703,control,1,1
profile_000704,treatment,1,1
profile_000705,treatment,1,1
profile_000706,control,1,1
profile_000707,treatment,1,1
profile_000708,treatment,1,1
profile_000709,control,0,0
profile_000710,treatment,1,1
profile_000711,treatment,1,1
profile_000712,control,1,1
profile_000713,control,1,1
profile_000714,treatment,1,1
profile_000715,control,1,1
profile_000716,treatment,1,1
profile_000717,treatment,1,1
profile_000718,control,1,1
profile_000719,control,1,1
profile_000720,control,0,1
profile_000721,control,1,1
profile_000722,treatment,0,1
profile_000723,control,1,1
profile_000724,control,0,0
profile_000725,treatment,1,1
profile_000726,treatment,1,1
profile_000727,control,1,1
profile_000728,control,1,1
profile_000729,treatment,0,1
profile_000730,treatment,0,1
profile_000731,treatment,1,1
profile_000732,control,0,0
profile_000733,control,0,1
profile_000734,treatment,0,0
profile_000735,control,0,0
profile_000736,control,0,1
profile_000737,control,1,1
profile_000738,control,1,1
profile_000739,control,0,1
profile_000740,treatment,1,1
profile_000741,treatment,1,1
profile_000742,treatment,1,1
profile_000743,treatment,1,1
profile_000744,treatment,1,1
profile_000745,treatment,0,1
profile_000746,treatment,0,0
profile_000747,control,1,1
profile_000748,control,1,1
profile_000749,control,0,1
profile_000750,control,1,1
profile_000751,treatment,0,1
profile_000752,control,0,0
profile_000753,control,1,1
profile_000754,control,0,0
profile_000755,control,0,1
profile_000756,control,1,1
profile_000757,treatment,0,1
profile_000758,treatment,1,1
profile_000759,control,0,1
profile_000760,treatment,1,1
profile_000761,control,1,1
profile_000762,control,1,1
profile_000763,treatment,0,0
profile_000764,control,1,1
profile_000765,control,1,1
profile_000766,control,0,1
profile_000767,treatment,1,1
profile_000768,treatment,1,1
profile_000769,control,0,1
profile_000770,control,0,0
profile_000771,control,1,1
profile_000772,treatment,0,0
profile_000773,treatment,0,0
profile_000774,treatment,0,0
profile_000775,control,1,1
profile_000776,treatment,0,0
profile_000777,treatment,1,1
profile_000778,control,1,1
profile_000779,treatment,1,1
profile_000780,control,0,1
profile_000781,control,1,1
profile_000782,control,1,1
profile_000783,treatment,0,1
profile_000784,treatment,1,1
profile_000785,treatment,0,0
profile_000786,treatment,1,1
profile_000787,control,1,1
profile_000788,control,0,1
profile_000789,control,1,1
profile_000790,treatment,0,0
profile_000791,treatment,0,0
profile_000792,treatment,0,0
profile_000793,treatment,1,1
profile_000794,control,1,1
profile_000795,treatment,1,1
profile_000796,treatment,0,0
profile_000797,treatment,1,1
profile_000798,control,0,0
profile_000799,control,1,1
profile_000800,control,1,1
profile_000801,treatment,1,1
profile_000802,control,1,1
profile_000803,treatment,1,1
profile_000804,treatment,1,1
profile_000805,treatment,1,1
profile_000806,treatment,0,0
profile_000807,treatment,1,1
profile_000808,treatment,1,1
profile_000809,treatment,1,1
profile_000810,treatment,1,1
profile_000811,treatment,1,1
profile_000812,control,1,1
profile_000813,control,1,1
profile_000814,treatment,1,1
profile_000815,control,0,1
profile_000816,treatment,1,1
profile_000817,treatment,1,1
profile_000818,control,1,1
profile_000819,control,1,1
profile_000820,treatment,1,1
profile_000821,control,0,0
profile_000822,control,1,1
profile_000823,treatment,1,1
profile_000824,control,1,1
profile_000825,control,0,0
profile_000826,control,0,1
profile_000827,control,0,1
profile_000828,control,0,0
profile_000829,treatment,1,1
profile_000830,treatment,0,1
profile_000831,treatment,1,1
profile_000832,treatment,1,1
profile_000833,treatment,1,1
profile_000834,control,0,0
profile_000835,treatment,0,1
profile_000836,control,1,1
profile_000837,control,1,1
profile_000838,treatment,1,1
profile_000839,control,1,1
profile_000840,control,1,1
profile_000841,control,1,1
profile_000842,treatment,0,0
profile_000843,control,0,0
profile_000844,treatment,1,1
profile_000845,control,0,1
profile_000846,control,1,1
profile_000847,control,1,1
profile_000848,treatment,1,1
profile_000849,treatment,1,1
profile_000850,treatment,1,1
profile_000851,control,1,1
profile_000852,treatment,0,0
profile_000853,treatment,1,1
profile_000854,treatment,0,1
profile_000855,control,0,0
profile_000856,treatment,0,1
profile_000857,control,0,0
profile_000858,treatment,1,1
profile_000859,control,0,1
profile_000860,treatment,0,1
profile_000861,treatment,0,1
profile_000862,treatment,0,0
profile_000863,control,0,0
profile_000864,control,0,0
profile_000865,treatment,1,1
profile_000866,treatment,1,1
profile_000867,control,1,1
profile_000868,treatment,1,1
profile_000869,control,0,1
profile_000870,control,0,0
profile_000871,control,1,1
profile_000872,control,1,1
profile_000873,treatment,1,1
profile_000874,control,1,1
profile_000875,control,0,0
profile_000876,treatment,0,0
profile_000877,treatment,0,1
profile_000878,control,1,1
profile_000879,control,0,0
profile_000880,control,1,1
profile_000881,treatment,0,0
profile_000882,treatment,1,1
profile_000883,control,1,1
profile_000884,control,1,1
profile_000885,treatment,1,1
profile_000886,treatment,1,1
profile_000887,control,0,0
profile_000888,treatment,1,1
profile_000889,control,0,1
profile_000890,control,1,1
profile_000891,treatment,0,0
profile_000892,treatment,1,1
profile_000893,control,0,1
profile_000894,control,0,1
profile_000895,treatment,0,0
profile_000896,treatment,0,0
profile_000897,treatment,1,1
profile_000898,treatment,1,1
profile_000899,control,1,1
profile_000900,treatment,0,1
profile_000901,treatment,1,1
profile_000902,treatment,0,1
profile_000903,control,0,1
profile_000904,treatment,1,1
profile_000905,treatment,1,1
profile_000906,treatment,0,0
profile_000907,treatment,0,1
profile_000908,control,1,1
profile_000909,treatment,1,1
profile_000910,treatment,1,1
profile_000911,treatment,1,1
profile_000912,treatment,1,1
profile_000913,treatment,0,0
profile_000914,treatment,0,0
profile_000915,treatment,0,0
profile_000916,control,0,0
profile_000917,control,1,1
profile_000918,control,1,1
profile_000919,treatment,1,1
profile_000920,control,0,0
profile_000921,treatment,0,1
profile_000922,treatment,0,0
profile_000923,control,1,1
profile_000924,control,0,0
profile_000925,treatment,1,1
profile_000926,control,1,1
profile_000927,treatment,1,1
profile_000928,treatment,1,1
profile_000929,control,0,1
profile_000930,control,0,0
profile_000931,treatment,0,0
profile_000932,treatment,0,0
profile_000933,control,1,1
profile_000934,treatment,1,1
profile_000935,treatment,1,1
profile_000936,control,1,1
profile_000937,treatment,1,1
profile_000938,control,0,1
profile_000939,control,0,0
profile_000940,control,0,1
profile_000941,treatment,0,0
profile_000942,control,0,1
profile_000943,control,0,1
profile_000944,control,0,0
profile_000945,control,0,1
profile_000946,control,1,1
profile_000947,control,0,1
profile_000948,treatment,0,0
profile_000949,control,1,1
profile_000950,control,0,0
profile_000951,treatment,0,1
profile_000952,treatment,1,1
profile_000953,control,1,1
profile_000954,control,0,1
profile_000955,control,1,1
profile_000956,control,1,1
profile_000957,treatment,1,1
profile_000958,control,0,1
profile_000959,control,0,0
profile_000960,treatment,1,1
profile_000961,control,0,0
profile_000962,treatment,0,0
profile_000963,control,1,1
profile_000964,control,1,1
profile_000965,treatment,0,1
profile_000966,control,1,1
profile_000967,treatment,0,1
profile_000968,control,1,1
profile_000969,control,0,1
profile_000970,control,1,1
profile_000971,treatment,0,0
profile_000972,treatment,1,1
profile_000973,treatment,0,0
profile_000974,treatment,1,1
profile_000975,control,1,1
profile_000976,control,0,0
profile_000977,control,1,1
profile_000978,treatment,1,1
profile_000979,treatment,1,1
profile_000980,treatment,1,1
profile_000981,control,1,1
profile_000982,control,0,0
profile_000983,treatment,1,1
profile_000984,treatment,0,1
profile_000985,treatment,0,0
profile_000986,control,1,1
profile_000987,treatment,1,1
profile_000988,control,1,1
profile_000989,control,1,1
profile_000990,control,1,1
profile_000991,control,0,1
profile_000992,treatment,1,1
profile_000993,treatment,0,1
profile_000994,control,0,1
profile_000995,treatment,0,0
profile_000996,treatment,1,1
profile_000997,treatment,0,0
profile_000998,treatment,0,0
profile_000999,treatment,1,1
profile_001000,control,1,1
profile_001001,control,0,0
profile_001002,treatment,0,1
profile_001003,control,0,1
profile_001004,treatment,0,1
profile_001005,control,1,1
profile_001006,treatment,1,1
profile_001007,control,0,1
profile_001008,control,1,1
profile_001009,treatment,1,1
profile_001010,control,1,1
profile_001011,control,1,1
profile_001012,treatment,1,1
profile_001013,control,1,1
profile_001014,treatment,1,1
profile_001015,treatment,0,0
profile_001016,control,0,0
profile_001017,control,0,1
profile_001018,treatment,1,1
profile_001019,control,1,1
profile_001020,control,1,1
profile_001021,control,0,0
profile_001022,control,1,1
profile_001023,treatment,0,1
profile_001024,treatment,1,1
profile_001025,treatment,1,1
profile_001026,control,1,1
profile_001027,treatment,1,1
profile_001028,treatment,0,0
profile_001029,treatment,0,0
profile_001030,control,0,1
profile_001031,treatment,1,1
profile_001032,treatment,0,1
profile_001033,control,1,1
profile_001034,treatment,1,1
profile_001035,control,0,0
profile_001036,treatment,0,0
profile_001037,control,0,0
profile_001038,control,1,1
profile_001039,control,0,0
profile_001040,treatment,1,1
profile_001041,treatment,0,1
profile_001042,treatment,1,1
profile_001043,treatment,1,1
profile_001044,control,0,0
profile_001045,control,1,1
profile_001046,treatment,0,0
profile_001047,control,0,1
profile_001048,control,0,1
profile_001049,control,1,1
profile_001050,treatment,0,1
profile_001051,control,0,0
profile_001052,control,1,1
profile_001053,treatment,1,1
profile_001054,treatment,0,0
profile_001055,control,0,1
profile_001056,control,0,0
profile_001057,treatment,0,0
profile_001058,treatment,1,1
profile_001059,treatment,1,1
profile_001060,treatment,1,1
profile_001061,treatment,1,1
profile_001062,treatment,0,1
profile_001063,control,1,1
profile_001064,treatment,1,1
profile_001065,treatment,1,1
profile_001066,treatment,1,1
profile_001067,treatment,1,1
profile_001068,treatment,0,0
profile_001069,control,1,1
profile_001070,treatment,1,1
profile_001071,control,0,1
profile_001072,control,1,1
profile_001073,control,1,1
profile_001074,treatment,0,0
profile_001075,control,1,1
profile_001076,treatment,1,1
profile_001077,treatment,0,1
profile_001078,control,1,1
profile_001079,treatment,0,0
profile_001080,control,1,1
profile_001081,treatment,1,1
profile_001082,control,1,1
profile_001083,treatment,1,1
profile_001084,treatment,1,1
profile_001085,control,1,1
profile_001086,treatment,0,1
profile_001087,control,0,0
profile_001088,control,1,1
profile_001089,control,0,1
profile_001090,control,1,1
profile_001091,control,1,1
profile_001092,treatment,1,1
profile_001093,control,1,1
profile_001094,control,1,1
profile_001095,treatment,0,0
profile_001096,control,0,0
profile_001097,treatment,0,0
profile_001098,treatment,1,1
profile_001099,treatment,1,1
profile_001100,control,1,1
profile_001101,control,1,1
profile_001102,treatment,0,0
profile_001103,treatment,0,1
profile_001104,treatment,0,0
profile_001105,control,1,1
profile_001106,treatment,1,1
profile_001107,control,0,1
profile_001108,control,1,1
profile_001109,control,0,0
profile_001110,treatment,0,0
profile_001111,treatment,1,1
profile_001112,treatment,1,1
profile_001113,treatment,0,1
profile_001114,control,1,1
profile_001115,treatment,1,1
profile_001116,control,1,1
profile_001117,control,1,1
profile_001118,treatment,0,1
profile_001119,treatment,1,1
profile_001120,treatment,1,1
profile_001121,treatment,1,1
profile_001122,treatment,1,1
profile_001123,treatment,0,0
profile_001124,treatment,1,1
profile_001125,treatment,1,1
profile_001126,control,0,1
profile_001127,control,1,1
profile_001128,control,0,1
profile_001129,treatment,1,1
profile_001130,treatment,1,1
profile_001131,treatment,1,1
profile_001132,control,0,0
profile_001133,treatment,1,1
profile_001134,control,0,1
profile_001135,control,0,1
profile_001136,treatment,0,1
profile_001137,treatment,1,1
profile_001138,treatment,1,1
profile_001139,control,0,0
profile_001140,control,0,0
profile_001141,treatment,1,1
profile_001142,control,0,1
profile_001143,treatment,1,1
profile_001144,control,1,1
profile_001145,control,0,1
profile_001146,treatment,0,1
profile_001147,treatment,0,1
profile_001148,control,0,1
profile_001149,control,0,1
profile_001150,treatment,1,1
profile_001151,control,1,1
profile_001152,treatment,0,0
profile_001153,treatment,1,1
profile_001154,control,1,1
profile_001155,treatment,0,0
profile_001156,treatment,1,1
profile_001157,treatment,0,0
profile_001158,treatment,1,1
profile_001159,control,0,0
profile_001160,control,1,1
profile_001161,treatment,1,1
profile_001162,treatment,1,1
profile_001163,control,1,1
profile_001164,control,1,1
profile_001165,control,1,1
profile_001166,control,1,1
profile_001167,control,1,1
profile_001168,treatment,0,0
profile_001169,treatment,1,1
profile_001170,treatment,0,0
profile_001171,treatment,0,0
profile_001172,treatment,0,1
profile_001173,treatment,0,1
profile_001174,treatment,1,1
profile_001175,control,1,1
profile_001176,treatment,0,1
profile_001177,treatment,0,0
profile_001178,control,0,1
profile_001179,treatment,0,0
profile_001180,treatment,0,1
profile_001181,treatment,1,1
profile_001182,control,1,1
profile_001183,treatment,1,1
profile_001184,treatment,1,1
profile_001185,treatment,0,0
profile_001186,control,0,1
profile_001187,control,0,1
profile_001188,treatment,1,1
profile_001189,control,0,0
profile_001190,treatment,0,0
profile_001191,treatment,1,1
profile_001192,control,0,1
profile_001193,treatment,1,1
profile_001194,treatment,1,1
profile_001195,control,1,1
profile_001196,treatment,0,0
profile_001197,control,1,1
profile_001198,treatment,0,0
profile_001199,control,1,1
profile_001200,treatment,0,0
profile_001201,treatment,0,0
profile_001202,control,0,1
profile_001203,treatment,1,1
profile_001204,treatment,1,1
profile_001205,treatment,0,1
profile_001206,control,1,1
profile_001207,control,1,1
profile_001208,control,1,1
profile_001209,treatment,0,0
profile_001210,control,1,1
profile_001211,treatment,1,1
profile_001212,control,0,1
profile_001213,control,1,1
profile_001214,treatment,1,1
profile_001215,treatment,0,0
profile_001216,treatment,1,1
profile_001217,treatment,1,1
profile_001218,treatment,1,1
profile_001219,treatment,1,1
profile_001220,treatment,1,1
profile_001221,control,0,0
profile_001222,treatment,0,1
profile_001223,control,1,1
profile_001224,treatment,1,1
profile_001225,control,0,0
profile_001226,control,1,1
profile_001227,control,1,1
profile_001228,treatment,0,0
profile_001229,treatment,1,1
profile_001230,treatment,0,1
profile_001231,treatment,0,0
profile_001232,treatment,1,1
profile_001233,treatment,1,1
profile_001234,control,1,1
profile_001235,treatment,1,1
profile_001236,control,1,1
profile_001237,treatment,0,0
profile_001238,control,1,1
profile_001239,treatment,0,0
profile_001240,control,1,1
profile_001241,treatment,1,1
profile_001242,control,1,1
profile_001243,control,1,1
profile_001244,control,1,1
profile_001245,control,0,0
profile_001246,treatment,1,1
profile_001247,treatment,1,1
profile_001248,control,0,1
profile_001249,treatment,1,1
profile_001250,treatment,0,0
profile_001251,treatment,1,1
profile_001252,treatment,0,1
profile_001253,control,1,1
profile_001254,control,0,0
profile_001255,treatment,1,1
profile_001256,treatment,1,1
profile_001257,treatment,0,0
profile_001258,control,1,1
profile_001259,control,1,1
profile_001260,control,1,1
profile_001261,treatment,0,1
profile_001262,control,0,0
profile_001263,treatment,1,1
profile_001264,control,1,1
profile_001265,control,1,1
profile_001266,control,0,1
profile_001267,treatment,1,1
profile_001268,control,1,1
profile_001269,treatment,0,1
profile_001270,control,0,1
profile_001271,control,1,1
profile_001272,control,0,1
profile_001273,treatment,1,1
profile_001274,treatment,0,0
profile_001275,control,0,0
profile_001276,treatment,1,1
profile_001277,treatment,1,1
profile_001278,treatment,1,1
profile_001279,control,1,1
profile_001280,treatment,1,1
profile_001281,control,1,1
profile_001282,treatment,1,1
profile_001283,control,0,0
profile_001284,control,0,1
profile_001285,treatment,1,1
profile_001286,control,1,1
profile_001287,control,1,1
profile_001288,control,0,1
profile_001289,treatment,1,1
profile_001290,control,1,1
profile_001291,treatment,0,0
profile_001292,control,1,1
profile_001293,treatment,0,1
profile_001294,control,1,1
profile_001295,control,0,0
profile_001296,control,0,1
profile_001297,control,1,1
profile_001298,control,0,1
profile_001299,control,0,1
profile_001300,control,0,1
profile_001301,treatment,0,0
profile_001302,control,0,1
profile_001303,control,1,1
profile_001304,treatment,1,1
profile_001305,treatment,1,1
profile_001306,control,0,0
profile_001307,control,1,1
profile_001308,treatment,1,1
profile_001309,control,0,1
profile_001310,control,1,1
profile_001311,treatment,1,1
profile_001312,treatment,0,0
profile_001313,control,0,1
profile_001314,treatment,1,1
profile_001315,treatment,0,0
profile_001316,control,0,0
profile_001317,control,0,1
profile_001318,treatment,1,1
profile_001319,control,0,0
profile_001320,treatment,1,1
profile_001321,treatment,1,1
profile_001322,control,1,1
profile_001323,treatment,1,1
profile_001324,control,1,1
profile_001325,treatment,1,1
profile_001326,control,1,1
profile_001327,treatment,0,0
profile_001328,control,1,1
profile_001329,control,0,0
profile_001330,control,1,1
profile_001331,treatment,1,1
profile_001332,treatment,1,1
profile_001333,control,0,0
profile_001334,treatment,1,1
profile_001335,treatment,0,0
profile_001336,control,1,1
profile_001337,treatment,1,1
profile_001338,treatment,1,1
profile_001339,control,0,0
profile_001340,control,1,1
profile_001341,treatment,1,1
profile_001342,treatment,1,1
profile_001343,treatment,0,1
profile_001344,treatment,1,1
profile_001345,control,1,1
profile_001346,treatment,1,1
profile_001347,control,0,0
profile_001348,treatment,1,1
profile_001349,control,1,1
profile_001350,treatment,0,0
profile_001351,control,0,0
profile_001352,control,0,0
profile_001353,control,1,1
profile_001354,control,1,1
profile_001355,treatment,1,1
profile_001356,control,0,0
profile_001357,treatment,0,1
profile_001358,control,0,0
profile_001359,treatment,1,1
profile_001360,control,1,1
profile_001361,control,1,1
profile_001362,treatment,0,1
profile_001363,control,1,1
profile_001364,control,0,0
profile_001365,treatment,0,1
profile_001366,treatment,1,1
profile_001367,treatment,0,0
profile_001368,treatment,0,0
profile_001369,control,0,0
profile_001370,treatment,1,1
profile_001371,control,0,1
profile_001372,treatment,0,1
profile_001373,control,0,1
profile_001374,treatment,0,0
profile_001375,treatment,0,1
profile_001376,control,1,1
profile_001377,control,0,0
profile_001378,control,1,1
profile_001379,treatment,1,1
profile_001380,control,1,1
profile_001381,treatment,1,1
profile_001382,control,1,1
profile_001383,treatment,0,0
profile_001384,control,1,1
profile_001385,treatment,0,0
profile_001386,treatment,1,1
profile_001387,treatment,1,1
profile_001388,treatment,0,0
profile_001389,treatment,0,1
profile_001390,control,1,1
profile_001391,treatment,1,1
profile_001392,control,1,1
profile_001393,treatment,0,1
profile_001394,control,1,1
profile_001395,treatment,1,1
profile_001396,treatment,1,1
profile_001397,control,1,1
profile_001398,control,1,1
profile_001399,treatment,0,0
profile_001400,treatment,1,1
profile_001401,treatment,1,1
profile_001402,control,1,1
profile_001403,control,1,1
profile_001404,control,1,1
profile_001405,treatment,1,1
profile_001406,treatment,0,0
profile_001407,control,1,1
profile_001408,control,1,1
profile_001409,control,1,1
profile_001410,treatment,1,1
profile_001411,control,0,0
profile_001412,treatment,1,1
profile_001413,treatment,0,0
profile_001414,treatment,1,1
profile_001415,control,1,1
profile_001416,control,1,1
profile_001417,control,0,0
profile_001418,control,1,1
profile_001419,treatment,1,1
profile_001420,treatment,1,1
profile_001421,treatment,0,0
profile_001422,treatment,0,0
profile_001423,control,1,1
profile_001424,treatment,0,0
profile_001425,treatment,0,0
profile_001426,control,1,1
profile_001427,control,1,1
profile_001428,control,0,1
profile_001429,treatment,1,1
profile_001430,treatment,1,1
profile_001431,treatment,1,1
profile_001432,treatment,1,1
profile_001433,treatment,0,0
profile_001434,treatment,1,1
profile_001435,treatment,1,1
profile_001436,treatment,0,0
profile_001437,treatment,0,1
profile_001438,treatment,0,0
profile_001439,treatment,1,1
profile_001440,control,1,1
profile_001441,treatment,1,1
profile_001442,control,1,1
profile_001443,treatment,1,1
profile_001444,control,1,1
profile_001445,treatment,1,1
profile_001446,treatment,1,1
profile_001447,control,1,1
profile_001448,control,1,1
profile_001449,treatment,1,1
profile_001450,treatment,1,1
profile_001451,control,0,0
profile_001452,control,0,0
profile_001453,control,1,1
profile_001454,control,0,0
profile_001455,control,0,1
profile_001456,control,0,0
profile_001457,treatment,0,1
profile_001458,treatment,0,0
profile_001459,control,0,0
profile_001460,control,1,1
profile_001461,treatment,1,1
profile_001462,control,0,1
profile_001463,control,1,1
profile_001464,control,1,1
profile_001465,control,1,1
profile_001466,control,0,1
profile_001467,control,1,1
profile_001468,control,0,1
profile_001469,control,0,1
profile_001470,control,1,1
profile_001471,control,1,1
profile_001472,control,0,0
profile_001473,treatment,1,1
profile_001474,control,1,1
profile_001475,control,0,1
profile_001476,control,0,1
profile_001477,treatment,0,0
profile_001478,control,1,1
profile_001479,treatment,0,1
profile_001480,control,1,1
profile_001481,treatment,1,1
profile_001482,control,0,1
profile_001483,treatment,0,0
profile_001484,treatment,1,1
profile_001485,treatment,1,1
profile_001486,control,1,1
profile_001487,control,1,1
profile_001488,treatment,1,1
profile_001489,control,0,1
profile_001490,treatment,0,0
profile_001491,control,0,0
profile_001492,treatment,0,0
profile_001493,control,1,1
profile_001494,treatment,0,0
profile_001495,control,1,1
profile_001496,treatment,1,1
profile_001497,control,0,1
profile_001498,treatment,1,1
profile_001499,control,0,1
profile_001500,treatment,1,1
profile_001501,control,1,1
profile_001502,treatment,0,0
profile_001503,control,1,1
profile_001504,treatment,1,1
profile_001505,control,1,1
profile_001506,treatment,1,1
profile_001507,treatment,0,0
profile_001508,treatment,0,0
profile_001509,control,1,1
profile_001510,treatment,1,1
profile_001511,control,0,1
profile_001512,control,0,1
profile_001513,treatment,0,1
profile_001514,treatment,1,1
profile_001515,control,1,1
profile_001516,control,1,1
profile_001517,control,1,1
profile_001518,control,1,1
profile_001519,treatment,1,1
profile_001520,control,0,0
profile_001521,treatment,1,1
profile_001522,treatment,0,0
profile_001523,control,1,1
profile_001524,control,1,1
profile_001525,control,1,1
profile_001526,treatment,1,1
profile_001527,control,1,1
profile_001528,control,1,1
profile_001529,control,1,1
profile_001530,control,1,1
profile_001531,control,0,0
profile_001532,treatment,1,1
profile_001533,control,1,1
profile_001534,control,0,1
profile_001535,control,0,1
profile_001536,treatment,1,1
profile_001537,treatment,1,1
profile_001538,control,1,1
profile_001539,treatment,1,1
profile_001540,control,1,1
profile_001541,control,1,1
profile_001542,control,1,1
profile_001543,treatment,1,1
profile_001544,treatment,1,1
profile_001545,control,1,1
profile_001546,treatment,1,1
profile_001547,control,1,1
profile_001548,control,0,0
profile_001549,treatment,0,0
profile_001550,control,1,1
profile_001551,treatment,1,1
profile_001552,treatment,0,0
profile_001553,control,0,0
profile_001554,control,1,1
profile_001555,treatment,0,0
profile_001556,control,1,1
profile_001557,treatment,0,1
profile_001558,control,1,1
profile_001559,treatment,1,1
profile_001560,treatment,0,0
profile_001561,control,1,1
profile_001562,treatment,1,1
profile_001563,control,0,0
profile_001564,treatment,1,1
profile_001565,treatment,1,1
profile_001566,treatment,0,1
profile_001567,treatment,1,1
profile_001568,control,1,1
profile_001569,control,1,1
profile_001570,treatment,0,1
profile_001571,treatment,0,0
profile_001572,control,1,1
profile_001573,control,1,1
profile_001574,treatment,1,1
profile_001575,treatment,1,1
profile_001576,treatment,0,1
profile_001577,control,0,1
profile_001578,treatment,1,1
profile_001579,control,0,0
profile_001580,control,0,1
profile_001581,treatment,1,1
profile_001582,control,0,1
profile_001583,control,1,1
profile_001584,treatment,1,1
profile_001585,control,1,1
profile_001586,treatment,1,1
profile_001587,treatment,1,1
profile_001588,treatment,0,0
profile_001589,treatment,1,1
profile_001590,treatment,1,1
profile_001591,control,0,0
profile_001592,treatment,0,0
profile_001593,control,1,1
profile_001594,control,1,1
profile_001595,control,0,1
profile_001596,control,1,1
profile_001597,treatment,0,1
profile_001598,treatment,0,0
profile_001599,control,1,1
profile_001600,control,0,1
profile_001601,control,0,0
profile_001602,treatment,1,1
profile_001603,control,1,1
profile_001604,treatment,1,1
profile_001605,control,0,0
profile_001606,control,1,1
profile_001607,control,1,1
profile_001608,control,1,1
profile_001609,control,0,0
profile_001610,treatment,1,1
profile_001611,treatment,0,1
profile_001612,control,1,1
profile_001613,control,1,1
profile_001614,treatment,1,1
profile_001615,treatment,1,1
profile_001616,control,1,1
profile_001617,treatment,1,1
profile_001618,control,0,1
profile_001619,treatment,0,0
profile_001620,treatment,0,0
profile_001621,treatment,0,1
profile_001622,control,0,1
profile_001623,control,0,0
profile_001624,treatment,0,1
profile_001625,treatment,0,1
profile_001626,control,1,1
profile_001627,treatment,0,0
profile_001628,control,1,1
profile_001629,control,1,1
profile_001630,treatment,1,1
profile_001631,control,0,0
profile_001632,treatment,0,1
profile_001633,treatment,1,1
profile_001634,treatment,1,1
profile_001635,treatment,1,1
profile_001636,control,0,0
profile_001637,control,1,1
profile_001638,treatment,1,1
profile_001639,treatment,1,1
profile_001640,control,1,1
profile_001641,control,0,1
profile_001642,treatment,0,0
profile_001643,control,1,1
profile_001644,control,1,1
profile_001645,treatment,1,1
profile_001646,treatment,1,1
profile_001647,treatment,0,1
profile_001648,control,1,1
profile_001649,control,1,1
profile_001650,treatment,1,1
profile_001651,treatment,1,1
profile_001652,control,1,1
profile_001653,treatment,1,1
profile_001654,control,0,0
profile_001655,treatment,0,1
profile_001656,treatment,0,0
profile_001657,control,1,1
profile_001658,control,0,1
profile_001659,treatment,1,1
profile_001660,control,0,0
profile_001661,control,1,1
profile_001662,control,0,1
profile_001663,control,1,1
profile_001664,control,1,1
profile_001665,treatment,1,1
profile_001666,treatment,1,1
profile_001667,control,1,1
profile_001668,treatment,1,1
profile_001669,control,1,1
profile_001670,treatment,1,1
profile_001671,treatment,0,0
profile_001672,control,1,1
profile_001673,control,0,1
profile_001674,treatment,1,1
profile_001675,treatment,1,1
profile_001676,treatment,1,1
profile_001677,control,1,1
profile_001678,treatment,1,1
profile_001679,control,0,0
profile_001680,control,0,1
profile_001681,control,1,1
profile_001682,treatment,0,1
profile_001683,control,1,1
profile_001684,control,1,1
profile_001685,treatment,1,1
profile_001686,treatment,1,1
profile_001687,control,1,1
profile_001688,control,0,1
profile_001689,treatment,1,1
profile_001690,treatment,1,1
profile_001691,treatment,1,1
profile_001692,control,1,1
profile_001693,control,1,1
profile_001694,control,1,1
profile_001695,control,0,1
profile_001696,treatment,1,1
profile_001697,treatment,1,1
profile_001698,control,0,1
profile_001699,treatment,1,1
profile_001700,control,1,1
profile_001701,treatment,0,0
profile_001702,control,1,1
profile_001703,control,1,1
profile_001704,treatment,1,1
profile_001705,control,0,1
profile_001706,control,0,0
profile_001707,treatment,1,1
profile_001708,treatment,0,1
profile_001709,treatment,0,1
profile_001710,control,0,1
profile_001711,treatment,0,0
profile_001712,control,0,1
profile_001713,control,0,1
profile_001714,control,1,1
profile_001715,control,1,1
profile_001716,control,1,1
profile_001717,control,0,1
profile_001718,control,1,1
profile_001719,control,1,1
profile_001720,treatment,0,1
profile_001721,control,1,1
profile_001722,treatment,1,1
profile_001723,control,1,1
profile_001724,treatment,1,1
profile_001725,control,1,1
profile_001726,control,0,1
profile_001727,control,0,1
profile_001728,treatment,0,0
profile_001729,control,0,0
profile_001730,treatment,1,1
profile_001731,treatment,1,1
profile_001732,control,1,1
profile_001733,control,1,1
profile_001734,control,1,1
profile_001735,treatment,0,0
profile_001736,control,1,1
profile_001737,control,0,1
profile_001738,control,0,1
profile_001739,treatment,0,0
profile_001740,treatment,1,1
profile_001741,control,1,1
profile_001742,treatment,1,1
profile_001743,treatment,0,0
profile_001744,treatment,1,1
profile_001745,control,1,1
profile_001746,control,1,1
profile_001747,control,1,1
profile_001748,control,0,1
profile_001749,control,1,1
profile_001750,control,1,1
profile_001751,control,1,1
profile_001752,control,1,1
profile_001753,control,0,0
profile_001754,control,0,1
profile_001755,control,0,0
profile_001756,control,1,1
profile_001757,control,1,1
profile_001758,treatment,1,1
profile_001759,treatment,1,1
profile_001760,treatment,1,1
profile_001761,control,1,1
profile_001762,treatment,0,0
profile_001763,treatment,0,0
profile_001764,control,1,1
profile_001765,control,1,1
profile_001766,treatment,0,0
profile_001767,treatment,1,1
profile_001768,treatment,1,1
profile_001769,control,0,0
profile_001770,control,1,1
profile_001771,treatment,1,1
profile_001772,control,1,1
profile_001773,treatment,1,1
profile_001774,control,0,0
profile_001775,control,1,1
profile_001776,control,1,1
profile_001777,treatment,1,1
profile_001778,treatment,1,1
profile_001779,treatment,1,1
profile_001780,treatment,1,1
profile_001781,treatment,1,1
profile_001782,control,0,0
profile_001783,control,1,1
profile_001784,control,0,1
profile_001785,control,0,0
profile_001786,control,1,1
profile_001787,treatment,1,1
profile_001788,treatment,0,1
profile_001789,control,1,1
profile_001790,treatment,0,0
profile_001791,control,0,0
profile_001792,treatment,0,0
profile_001793,treatment,1,1
profile_001794,treatment,0,0
profile_001795,treatment,0,0
profile_001796,control,1,1
profile_001797,treatment,1,1
profile_001798,treatment,0,0
profile_001799,control,0,0
profile_001800,treatment,1,1
profile_001801,control,0,0
profile_001802,control,1,1
profile_001803,control,1,1
profile_001804,control,0,1
profile_001805,control,1,1
profile_001806,treatment,1,1
profile_001807,treatment,1,1
profile_001808,control,0,0
profile_001809,treatment,0,0
profile_001810,control,0,1
profile_001811,treatment,1,1
profile_001812,treatment,1,1
profile_001813,control,0,0
profile_001814,control,0,1
profile_001815,treatment,1,1
profile_001816,control,1,1
profile_001817,treatment,0,1
profile_001818,control,0,1
profile_001819,control,0,1
profile_001820,treatment,1,1
profile_001821,control,0,1
profile_001822,control,1,1
profile_001823,treatment,0,1
profile_001824,treatment,1,1
profile_001825,control,1,1
profile_001826,treatment,1,1
profile_001827,treatment,1,1
profile_001828,control,0,1
profile_001829,control,0,0
profile_001830,treatment,0,0
profile_001831,control,1,1
profile_001832,treatment,1,1
profile_001833,control,1,1
profile_001834,control,0,1
profile_001835,treatment,1,1
profile_001836,treatment,1,1
profile_001837,treatment,1,1
profile_001838,control,1,1
profile_001839,control,0,0
profile_001840,control,1,1
profile_001841,treatment,1,1
profile_001842,control,0,1
profile_001843,control,0,0
profile_001844,treatment,1,1
profile_001845,treatment,1,1
profile_001846,treatment,0,0
profile_001847,control,1,1
profile_001848,treatment,1,1
profile_001849,treatment,0,0
profile_001850,treatment,1,1
profile_001851,control,1,1
profile_001852,control,0,0
profile_001853,treatment,0,1
profile_001854,control,1,1
profile_001855,control,0,0
profile_001856,control,1,1
profile_001857,control,0,0
profile_001858,treatment,1,1
profile_001859,treatment,1,1
profile_001860,treatment,1,1
profile_001861,treatment,1,1
profile_001862,treatment,1,1
profile_001863,treatment,1,1
profile_001864,control,1,1
profile_001865,treatment,1,1
profile_001866,treatment,0,0
profile_001867,control,1,1
profile_001868,treatment,0,1
profile_001869,treatment,0,0
profile_001870,treatment,0,1
profile_001871,treatment,1,1
profile_001872,control,1,1
profile_001873,control,1,1
profile_001874,control,1,1
profile_001875,control,0,0
profile_001876,control,1,1
profile_001877,control,0,0
profile_001878,control,0,1
profile_001879,control,1,1
profile_001880,control,1,1
profile_001881,control,1,1
profile_001882,control,1,1
profile_001883,treatment,0,0
profile_001884,treatment,1,1
profile_001885,treatment,1,1
profile_001886,control,0,0
profile_001887,control,1,1
profile_001888,treatment,1,1
profile_001889,treatment,1,1
profile_001890,treatment,0,0
profile_001891,treatment,1,1
profile_001892,control,0,1
profile_001893,treatment,0,1
profile_001894,control,0,0
profile_001895,control,0,1
profile_001896,control,0,1
profile_001897,control,1,1
profile_001898,control,1,1
profile_001899,control,1,1
profile_001900,control,0,0
profile_001901,control,1,1
profile_001902,control,1,1
profile_001903,treatment,1,1
profile_001904,control,0,0
profile_001905,treatment,1,1
profile_001906,treatment,1,1
profile_001907,control,1,1
profile_001908,control,0,0
profile_001909,treatment,0,0
profile_001910,treatment,1,1
profile_001911,treatment,1,1
profile_001912,control,0,0
profile_001913,treatment,1,1
profile_001914,treatment,1,1
profile_001915,control,1,1
profile_001916,treatment,1,1
profile_001917,treatment,0,1
profile_001918,treatment,0,1
profile_001919,treatment,0,0
profile_001920,treatment,1,1
profile_001921,control,1,1
profile_001922,control,1,1
profile_001923,treatment,1,1
profile_001924,treatment,0,0
profile_001925,treatment,0,0
profile_001926,control,1,1
profile_001927,control,0,0
profile_001928,treatment,0,1
profile_001929,treatment,1,1
profile_001930,treatment,1,1
profile_001931,control,0,1
profile_001932,treatment,1,1
profile_001933,treatment,1,1
profile_001934,treatment,1,1
profile_001935,control,1,1
profile_001936,treatment,1,1
profile_001937,control,1,1
profile_001938,treatment,1,1
profile_001939,treatment,1,1
profile_001940,treatment,1,1
profile_001941,treatment,1,1
profile_001942,treatment,1,1
profile_001943,control,1,1
profile_001944,treatment,0,0
profile_001945,treatment,1,1
profile_001946,control,0,0
profile_001947,control,0,1
profile_001948,control,1,1
profile_001949,control,0,0
profile_001950,treatment,1,1
profile_001951,control,0,0
profile_001952,treatment,1,1
profile_001953,control,1,1
profile_001954,treatment,0,0
profile_001955,treatment,1,1
profile_001956,control,1,1
profile_001957,control,1,1
profile_001958,treatment,0,0
profile_001959,treatment,1,1
profile_001960,control,0,1
profile_001961,treatment,1,1
profile_001962,control,0,1
profile_001963,control,1,1
profile_001964,treatment,1,1
profile_001965,control,0,1
profile_001966,treatment,1,1
profile_001967,treatment,0,1
profile_001968,treatment,0,1
profile_001969,control,1,1
profile_001970,treatment,0,0
profile_001971,control,1,1
profile_001972,treatment,1,1
profile_001973,treatment,1,1
profile_001974,control,1,1
profile_001975,control,0,1
profile_001976,control,1,1
profile_001977,treatment,1,1
profile_001978,treatment,1,1
profile_001979,treatment,0,1
profile_001980,treatment,0,1
profile_001981,control,1,1
profile_001982,treatment,1,1
profile_001983,control,1,1
profile_001984,treatment,1,1
profile_001985,treatment,1,1
profile_001986,control,0,0
profile_001987,treatment,0,0
profile_001988,treatment,0,1
profile_001989,treatment,1,1
profile_001990,control,0,1
profile_001991,treatment,0,1
profile_001992,control,1,1
profile_001993,control,0,0
profile_001994,control,0,0
profile_001995,treatment,0,1
profile_001996,treatment,0,0
profile_001997,treatment,0,0
profile_001998,treatment,1,1
profile_001999,control,1,1
profile_002000,treatment,1,1
profile_002001,control,0,0
profile_002002,control,1,1
profile_002003,control,1,1
profile_002004,treatment,1,1
profile_002005,treatment,1,1
profile_002006,control,1,1
profile_002007,treatment,1,1
profile_002008,control,1,1
profile_002009,control,1,1
profile_002010,control,1,1
profile_002011,treatment,0,0
profile_002012,control,1,1
profile_002013,treatment,0,0
profile_002014,control,0,1
profile_002015,control,0,0
profile_002016,control,0,1
profile_002017,treatment,1,1
profile_002018,treatment,1,1
profile_002019,control,1,1
profile_002020,treatment,1,1
profile_002021,control,1,1
profile_002022,treatment,1,1
profile_002023,treatment,0,0
profile_002024,treatment,0,1
profile_002025,control,1,1
profile_002026,treatment,0,1
profile_002027,treatment,1,1
profile_002028,treatment,1,1
profile_002029,control,1,1
profile_002030,control,0,0
profile_002031,control,0,0
profile_002032,control,1,1
profile_002033,control,1,1
profile_002034,treatment,0,0
profile_002035,treatment,1,1
profile_002036,treatment,1,1
profile_002037,treatment,0,0
profile_002038,treatment,1,1
profile_002039,treatment,0,1
profile_002040,treatment,0,1
profile_002041,control,0,1
profile_002042,control,0,0
profile_002043,treatment,1,1
profile_002044,treatment,0,0
profile_002045,control,1,1
profile_002046,control,1,1
profile_002047,control,1,1
profile_002048,treatment,0,1
profile_002049,control,0,0
profile_002050,control,0,0
profile_002051,control,1,1
profile_002052,control,0,0
profile_002053,treatment,1,1
profile_002054,treatment,1,1
profile_002055,treatment,1,1
profile_002056,control,0,1
profile_002057,control,1,1
profile_002058,treatment,1,1
profile_002059,treatment,0,0
profile_002060,control,0,1
profile_002061,control,1,1
profile_002062,treatment,0,0
profile_002063,control,1,1
profile_002064,treatment,1,1
profile_002065,treatment,1,1
profile_002066,control,0,1
profile_002067,treatment,1,1
profile_002068,treatment,0,1
profile_002069,treatment,0,0
profile_002070,treatment,0,1
profile_002071,control,0,1
profile_002072,treatment,1,1
profile_002073,control,1,1
profile_002074,control,1,1
profile_002075,control,1,1
profile_002076,control,0,1
profile_002077,treatment,0,1
profile_002078,control,1,1
profile_002079,control,0,1
profile_002080,treatment,1,1
profile_002081,control,0,0
profile_002082,treatment,1,1
profile_002083,treatment,0,0
profile_002084,control,0,0
profile_002085,treatment,1,1
profile_002086,treatment,1,1
profile_002087,treatment,1,1
profile_002088,control,0,0
profile_002089,control,1,1
profile_002090,treatment,1,1
profile_002091,control,1,1
profile_002092,control,0,0
profile_002093,control,0,0
profile_002094,treatment,1,1
profile_002095,treatment,0,0
profile_002096,control,1,1
profile_002097,control,1,1
profile_002098,treatment,0,1
profile_002099,control,0,0
profile_002100,control,1,1
profile_002101,control,0,0
profile_002102,control,0,0
profile_002103,treatment,1,1
profile_002104,treatment,1,1
profile_002105,control,1,1
profile_002106,treatment,1,1
profile_002107,control,1,1
profile_002108,treatment,1,1
profile_002109,control,1,1
profile_002110,control,0,0
profile_002111,treatment,0,0
profile_002112,control,1,1
profile_002113,treatment,0,1
profile_002114,control,0,1
profile_002115,treatment,1,1
profile_002116,control,0,0
profile_002117,treatment,1,1
profile_002118,control,1,1
profile_002119,treatment,1,1
profile_002120,control,1,1
profile_002121,treatment,1,1
profile_002122,treatment,0,0
profile_002123,control,1,1
profile_002124,control,1,1
profile_002125,control,1,1
profile_002126,treatment,1,1
profile_002127,treatment,1,1
profile_002128,treatment,0,1
profile_002129,control,1,1
profile_002130,treatment,0,0
profile_002131,treatment,1,1
profile_002132,control,0,1
profile_002133,control,1,1
profile_002134,treatment,1,1
profile_002135,control,0,1
profile_002136,control,0,1
profile_002137,treatment,1,1
profile_002138,control,0,0
profile_002139,treatment,0,1
profile_002140,control,1,1
profile_002141,treatment,0,0
profile_002142,treatment,0,1
profile_002143,control,1,1
profile_002144,treatment,1,1
profile_002145,control,1,1
profile_002146,control,1,1
profile_002147,control,1,1
profile_002148,control,1,1
profile_002149,control,1,1
profile_002150,control,0,1
profile_002151,control,1,1
profile_002152,treatment,0,0
profile_002153,treatment,1,1
profile_002154,treatment,0,1
profile_002155,treatment,0,0
profile_002156,treatment,1,1
profile_002157,control,1,1
profile_002158,treatment,1,1
profile_002159,control,0,0
profile_002160,treatment,0,0
profile_002161,treatment,1,1
profile_002162,treatment,0,1
profile_002163,control,1,1
profile_002164,control,1,1
profile_002165,control,1,1
profile_002166,treatment,1,1
profile_002167,treatment,0,1
profile_002168,control,0,0
profile_002169,treatment,1,1
profile_002170,control,0,1
profile_002171,treatment,0,1
profile_002172,control,0,0
profile_002173,treatment,1,1
profile_002174,treatment,0,0
profile_002175,control,0,1
profile_002176,control,1,1
profile_002177,control,1,1
profile_002178,control,0,1
profile_002179,treatment,0,0
profile_002180,treatment,1,1
profile_002181,control,1,1
profile_002182,control,1,1
profile_002183,treatment,1,1
profile_002184,control,0,0
profile_002185,control,0,1
profile_002186,treatment,0,1
profile_002187,control,1,1
profile_002188,control,0,1
profile_002189,treatment,1,1
profile_002190,treatment,0,1
profile_002191,control,1,1
profile_002192,treatment,0,0
profile_002193,control,0,0
profile_002194,treatment,0,0
profile_002195,control,1,1
profile_002196,treatment,1,1
profile_002197,treatment,1,1
profile_002198,treatment,0,1
profile_002199,treatment,1,1
profile_002200,treatment,0,1
profile_002201,treatment,1,1
profile_002202,treatment,1,1
profile_002203,treatment,0,0
profile_002204,control,1,1
profile_002205,treatment,1,1
profile_002206,treatment,1,1
profile_002207,control,1,1
profile_002208,treatment,1,1
profile_002209,treatment,0,1
profile_002210,treatment,0,0
profile_002211,control,1,1
profile_002212,treatment,1,1
profile_002213,treatment,1,1
profile_002214,control,1,1
profile_002215,treatment,1,1
profile_002216,treatment,0,0
profile_002217,treatment,0,1
profile_002218,control,0,0
profile_002219,control,1,1
profile_002220,control,1,1
profile_002221,treatment,0,0
profile_002222,control,0,1
profile_002223,control,1,1
profile_002224,control,0,0
profile_002225,treatment,1,1
profile_002226,control,0,1
profile_002227,control,1,1
profile_002228,treatment,0,1
profile_002229,treatment,0,0
profile_002230,control,0,1
profile_002231,treatment,0,0
profile_002232,treatment,0,0
profile_002233,control,1,1
profile_002234,treatment,1,1
profile_002235,treatment,0,0
profile_002236,control,0,1
profile_002237,control,1,1
profile_002238,control,1,1
profile_002239,treatment,1,1
profile_002240,treatment,1,1
profile_002241,treatment,1,1
profile_002242,control,1,1
profile_002243,control,1,1
profile_002244,treatment,1,1
profile_002245,treatment,0,0
profile_002246,control,1,1
profile_002247,control,1,1
profile_002248,control,1,1
profile_002249,treatment,1,1
profile_002250,treatment,1,1
profile_002251,control,0,1
profile_002252,treatment,0,1
profile_002253,treatment,1,1
profile_002254,control,0,1
profile_002255,control,1,1
profile_002256,treatment,1,1
profile_002257,control,0,1
profile_002258,treatment,1,1
profile_002259,control,1,1
profile_002260,treatment,1,1
profile_002261,control,1,1
profile_002262,treatment,0,1
profile_002263,control,1,1
profile_002264,control,1,1
profile_002265,treatment,1,1
profile_002266,control,1,1
profile_002267,control,0,0
profile_002268,control,0,0
profile_002269,treatment,1,1
profile_002270,treatment,1,1
profile_002271,control,1,1
profile_002272,treatment,1,1
profile_002273,control,0,1
profile_002274,treatment,1,1
profile_002275,treatment,1,1
profile_002276,control,0,0
profile_002277,treatment,1,1
profile_002278,control,1,1
profile_002279,control,1,1
profile_002280,treatment,1,1
profile_002281,control,1,1
profile_002282,control,0,1
profile_002283,treatment,0,0
profile_002284,treatment,0,1
profile_002285,treatment,1,1
profile_002286,control,0,0
profile_002287,control,1,1
profile_002288,control,0,0
profile_002289,treatment,1,1
profile_002290,treatment,1,1
profile_002291,control,1,1
profile_002292,treatment,1,1
profile_002293,treatment,0,0
profile_002294,treatment,1,1
profile_002295,control,1,1
profile_002296,treatment,1,1
profile_002297,control,0,1
profile_002298,treatment,1,1
profile_002299,treatment,1,1
profile_002300,treatment,1,1
profile_002301,control,0,0
profile_002302,control,1,1
profile_002303,treatment,0,0
profile_002304,control,0,0
profile_002305,treatment,0,0
profile_002306,control,0,0
profile_002307,control,1,1
profile_002308,treatment,1,1
profile_002309,treatment,0,1
profile_002310,treatment,0,1
profile_002311,treatment,1,1
profile_002312,treatment,1,1
profile_002313,treatment,1,1
profile_002314,treatment,0,1
profile_002315,control,1,1
profile_002316,treatment,1,1
profile_002317,treatment,1,1
profile_002318,control,1,1
profile_002319,control,1,1
profile_002320,control,1,1
profile_002321,control,1,1
profile_002322,control,1,1
profile_002323,control,1,1
profile_002324,treatment,1,1
profile_002325,control,1,1
profile_002326,treatment,1,1
profile_002327,treatment,0,0
profile_002328,control,1,1
profile_002329,control,1,1
profile_002330,control,1,1
profile_002331,treatment,1,1
profile_002332,control,1,1
profile_002333,control,0,1
profile_002334,treatment,0,1
profile_002335,control,1,1
profile_002336,treatment,0,0
profile_002337,treatment,0,0
profile_002338,treatment,1,1
profile_002339,treatment,0,0
profile_002340,treatment,1,1
profile_002341,treatment,1,1
profile_002342,control,1,1
profile_002343,treatment,0,0
profile_002344,control,1,1
profile_002345,control,1,1
profile_002346,control,1,1
profile_002347,treatment,1,1
profile_002348,treatment,0,1
profile_002349,control,1,1
profile_002350,treatment,1,1
profile_002351,treatment,0,0
profile_002352,control,1,1
profile_002353,treatment,1,1
profile_002354,control,1,1
profile_002355,control,1,1
profile_002356,treatment,1,1
profile_002357,control,1,1
profile_002358,treatment,0,1
profile_002359,control,1,1
profile_002360,control,1,1
profile_002361,control,0,1
profile_002362,control,1,1
profile_002363,control,0,0
profile_002364,treatment,1,1
profile_002365,treatment,0,1
profile_002366,control,1,1
profile_002367,control,0,1
profile_002368,treatment,0,1
profile_002369,control,0,1
profile_002370,treatment,1,1
profile_002371,treatment,1,1
profile_002372,treatment,1,1
profile_002373,control,0,1
profile_002374,treatment,1,1
profile_002375,control,0,0
profile_002376,treatment,1,1
profile_002377,treatment,1,1
profile_002378,treatment,1,1
profile_002379,control,1,1
profile_002380,control,1,1
profile_002381,control,1,1
profile_002382,treatment,1,1
profile_002383,treatment,0,0
profile_002384,control,1,1
profile_002385,control,1,1
profile_002386,treatment,0,1
profile_002387,treatment,1,1
profile_002388,treatment,1,1
profile_002389,control,0,0
profile_002390,treatment,0,1
profile_002391,control,1,1
profile_002392,control,0,1
profile_002393,control,0,1
profile_002394,control,1,1
profile_002395,control,1,1
profile_002396,treatment,0,0
profile_002397,treatment,0,0
profile_002398,treatment,1,1
profile_002399,treatment,1,1
profile_002400,control,1,1
profile_002401,control,1,1
profile_002402,control,1,1
profile_002403,control,1,1
profile_002404,control,1,1
profile_002405,treatment,0,0
profile_002406,treatment,1,1
profile_002407,control,1,1
profile_002408,control,1,1
profile_002409,control,0,1
profile_002410,treatment,0,0
profile_002411,control,1,1
profile_002412,control,0,1
profile_002413,treatment,1,1
profile_002414,control,1,1
profile_002415,control,0,0
profile_002416,treatment,0,0
profile_002417,treatment,0,1
profile_002418,control,0,1
profile_002419,treatment,1,1
profile_002420,control,1,1
profile_002421,control,0,1
profile_002422,treatment,1,1
profile_002423,control,0,1
profile_002424,control,0,1
profile_002425,control,1,1
profile_002426,treatment,1,1
profile_002427,control,0,0
profile_002428,treatment,0,0
profile_002429,treatment,0,1
profile_002430,control,0,0
profile_002431,treatment,1,1
profile_002432,control,1,1
profile_002433,treatment,1,1
profile_002434,treatment,0,0
profile_002435,control,1,1
profile_002436,control,1,1
profile_002437,treatment,0,0
profile_002438,control,1,1
profile_002439,treatment,0,0
profile_002440,treatment,1,1
profile_002441,treatment,1,1
profile_002442,treatment,1,1
profile_002443,control,1,1
profile_002444,control,0,0
profile_002445,control,1,1
profile_002446,treatment,0,0
profile_002447,control,0,0
profile_002448,treatment,0,0
profile_002449,treatment,0,0
profile_002450,control,1,1
profile_002451,treatment,0,0
profile_002452,control,1,1
profile_002453,treatment,0,0
profile_002454,control,1,1
profile_002455,treatment,0,1
profile_002456,control,1,1
profile_002457,control,1,1
profile_002458,control,1,1
profile_002459,treatment,1,1
profile_002460,treatment,1,1
profile_002461,control,1,1
profile_002462,control,0,1
profile_002463,control,1,1
profile_002464,control,1,1
profile_002465,control,1,1
profile_002466,control,1,1
profile_002467,treatment,1,1
profile_002468,control,1,1
profile_002469,treatment,1,1
profile_002470,control,1,1
profile_002471,control,0,0
profile_002472,control,1,1
profile_002473,treatment,1,1
profile_002474,control,0,1
profile_002475,treatment,0,0
profile_002476,treatment,0,1
profile_002477,control,0,0
profile_002478,treatment,0,0
profile_002479,treatment,1,1
profile_002480,treatment,0,0
profile_002481,treatment,1,1
profile_002482,treatment,0,0
profile_002483,control,0,0
profile_002484,treatment,0,1
profile_002485,control,1,1
profile_002486,control,0,1
profile_002487,control,1,1
profile_002488,treatment,1,1
profile_002489,treatment,0,0
profile_002490,control,1,1
profile_002491,control,0,0
profile_002492,treatment,0,1
profile_002493,treatment,1,1
profile_002494,control,0,0
profile_002495,treatment,1,1
profile_002496,control,1,1
profile_002497,treatment,0,1
profile_002498,control,1,1
profile_002499,treatment,1,1
profile_002500,control,1,1
profile_002501,control,0,0
profile_002502,control,1,1
profile_002503,treatment,1,1
profile_002504,treatment,1,1
profile_002505,control,1,1
profile_002506,treatment,1,1
profile_002507,control,1,1
profile_002508,treatment,1,1
profile_002509,treatment,0,0
profile_002510,control,1,1
profile_002511,treatment,0,1
profile_002512,treatment,0,0
profile_002513,treatment,1,1
profile_002514,treatment,1,1
profile_002515,control,1,1
profile_002516,control,0,1
profile_002517,treatment,1,1
profile_002518,treatment,1,1
profile_002519,treatment,1,1
profile_002520,control,0,0
profile_002521,control,0,1
profile_002522,control,1,1
profile_002523,treatment,1,1
profile_002524,control,1,1
profile_002525,control,0,1
profile_002526,control,0,0
profile_002527,control,1,1
profile_002528,control,0,0
profile_002529,control,1,1
profile_002530,treatment,1,1
profile_002531,control,0,0
profile_002532,control,1,1
profile_002533,control,0,0
profile_002534,treatment,1,1
profile_002535,control,0,1
profile_002536,treatment,1,1
profile_002537,treatment,1,1
profile_002538,control,1,1
profile_002539,treatment,1,1
profile_002540,control,0,0
profile_002541,treatment,1,1
profile_002542,control,1,1
profile_002543,treatment,0,1
profile_002544,control,0,0
profile_002545,treatment,0,0
profile_002546,treatment,0,1
profile_002547,control,0,1
profile_002548,treatment,1,1
profile_002549,control,1,1
profile_002550,control,0,0
profile_002551,control,0,0
profile_002552,treatment,0,1
profile_002553,treatment,0,0
profile_002554,treatment,0,0
profile_002555,treatment,1,1
profile_002556,control,1,1
profile_002557,control,0,0
profile_002558,control,0,1
profile_002559,control,1,1
profile_002560,control,0,1
profile_002561,treatment,0,1
profile_002562,control,1,1
profile_002563,treatment,1,1
profile_002564,control,0,0
profile_002565,control,1,1
profile_002566,control,0,0
profile_002567,control,0,1
profile_002568,treatment,1,1
profile_002569,treatment,0,0
profile_002570,control,1,1
profile_002571,control,1,1
profile_002572,control,0,1
profile_002573,control,1,1
profile_002574,treatment,1,1
profile_002575,treatment,1,1
profile_002576,treatment,0,0
profile_002577,control,0,1
profile_002578,control,0,1
profile_002579,control,1,1
profile_002580,control,1,1
profile_002581,control,0,0
profile_002582,treatment,0,0
profile_002583,treatment,0,0
profile_002584,treatment,1,1
profile_002585,treatment,1,1
profile_002586,control,1,1
profile_002587,control,0,1
profile_002588,treatment,1,1
profile_002589,control,0,0
profile_002590,control,0,1
profile_002591,treatment,0,0
profile_002592,control,0,0
profile_002593,control,0,1
profile_002594,treatment,1,1
profile_002595,treatment,1,1
profile_002596,treatment,0,0
profile_002597,treatment,1,1
profile_002598,treatment,0,0
profile_002599,control,0,0
profile_002600,treatment,1,1
profile_002601,treatment,1,1
profile_002602,control,0,0
profile_002603,treatment,1,1
profile_002604,treatment,0,1
profile_002605,treatment,0,1
profile_002606,control,1,1
profile_002607,treatment,0,0
profile_002608,treatment,1,1
profile_002609,control,0,1
profile_002610,treatment,1,1
profile_002611,control,1,1
profile_002612,treatment,1,1
profile_002613,control,1,1
profile_002614,treatment,0,0
profile_002615,treatment,1,1
profile_002616,control,0,0
profile_002617,treatment,1,1
profile_002618,control,1,1
profile_002619,treatment,0,0
profile_002620,control,1,1
profile_002621,treatment,0,1
profile_002622,control,0,1
profile_002623,treatment,1,1
profile_002624,control,1,1
profile_002625,control,0,0
profile_002626,control,1,1
profile_002627,treatment,1,1
profile_002628,control,1,1
profile_002629,treatment,1,1
profile_002630,treatment,0,1
profile_002631,treatment,1,1
profile_002632,control,0,0
profile_002633,control,1,1
profile_002634,control,0,0
profile_002635,control,1,1
profile_002636,control,0,0
profile_002637,control,0,1
profile_002638,control,0,0
profile_002639,treatment,1,1
profile_002640,treatment,1,1
profile_002641,control,0,0
profile_002642,control,1,1
profile_002643,control,1,1
profile_002644,control,1,1
profile_002645,treatment,1,1
profile_002646,treatment,1,1
profile_002647,control,0,1
profile_002648,control,1,1
profile_002649,control,1,1
profile_002650,control,0,1
profile_002651,control,1,1
profile_002652,treatment,0,1
profile_002653,treatment,1,1
profile_002654,control,1,1
profile_002655,control,0,0
profile_002656,control,0,0
profile_002657,control,0,1
profile_002658,treatment,1,1
profile_002659,control,0,0
profile_002660,control,0,1
profile_002661,control,0,0
profile_002662,control,0,1
profile_002663,treatment,1,1
profile_002664,treatment,0,1
profile_002665,treatment,1,1
profile_002666,control,1,1
profile_002667,treatment,1,1
profile_002668,control,1,1
profile_002669,treatment,0,0
profile_002670,control,0,0
profile_002671,treatment,0,0
profile_002672,control,0,1
profile_002673,treatment,1,1
profile_002674,treatment,1,1
profile_002675,control,1,1
profile_002676,control,0,0
profile_002677,treatment,1,1
profile_002678,control,1,1
profile_002679,treatment,0,1
profile_002680,treatment,0,0
profile_002681,control,0,0
profile_002682,treatment,1,1
profile_002683,control,1,1
profile_002684,treatment,1,1
profile_002685,treatment,1,1
profile_002686,control,0,0
profile_002687,control,0,1
profile_002688,treatment,1,1
profile_002689,treatment,0,1
profile_002690,treatment,1,1
profile_002691,treatment,1,1
profile_002692,treatment,0,0
profile_002693,treatment,1,1
profile_002694,control,0,1
profile_002695,treatment,0,0
profile_002696,control,1,1
profile_002697,treatment,1,1
profile_002698,treatment,0,0
profile_002699,control,1,1
profile_002700,treatment,1,1
profile_002701,control,1,1
profile_002702,treatment,1,1
profile_002703,treatment,0,0
profile_002704,control,1,1
profile_002705,control,0,0
profile_002706,control,0,0
profile_002707,control,0,1
profile_002708,control,1,1
profile_002709,treatment,0,0
profile_002710,control,0,0
profile_002711,treatment,1,1
profile_002712,control,1,1
profile_002713,treatment,0,1
profile_002714,control,0,1
profile_002715,treatment,1,1
profile_002716,control,1,1
profile_002717,control,0,1
profile_002718,treatment,1,1
profile_002719,treatment,0,1
profile_002720,treatment,1,1
profile_002721,control,1,1
profile_002722,treatment,1,1
profile_002723,control,0,0
profile_002724,treatment,0,0
profile_002725,control,0,1
profile_002726,treatment,1,1
profile_002727,treatment,1,1
profile_002728,treatment,1,1
profile_002729,control,1,1
profile_002730,control,1,1
profile_002731,treatment,0,0
profile_002732,treatment,1,1
profile_002733,treatment,1,1
profile_002734,control,1,1
profile_002735,treatment,1,1
profile_002736,control,0,0
profile_002737,treatment,1,1
profile_002738,treatment,1,1
profile_002739,control,1,1
profile_002740,treatment,1,1
profile_002741,treatment,0,1
profile_002742,treatment,0,0
profile_002743,treatment,0,0
profile_002744,control,1,1
profile_002745,treatment,1,1
profile_002746,treatment,1,1
profile_002747,control,1,1
profile_002748,control,0,0
profile_002749,treatment,0,0
profile_002750,treatment,0,1
profile_002751,control,1,1
profile_002752,control,1,1
profile_002753,control,1,1
profile_002754,control,1,1
profile_002755,treatment,1,1
profile_002756,control,0,1
profile_002757,treatment,1,1
profile_002758,treatment,1,1
profile_002759,treatment,1,1
profile_002760,control,0,1
profile_002761,control,1,1
profile_002762,control,0,1
profile_002763,control,1,1
profile_002764,control,1,1
profile_002765,treatment,1,1
profile_002766,control,0,1
profile_002767,treatment,1,1
profile_002768,treatment,0,0
profile_002769,treatment,1,1
profile_002770,treatment,1,1
profile_002771,control,0,1
profile_002772,treatment,1,1
profile_002773,control,0,1
profile_002774,treatment,1,1
profile_002775,treatment,1,1
profile_002776,control,1,1
profile_002777,control,0,1
profile_002778,treatment,0,0
profile_002779,control,0,1
profile_002780,treatment,1,1
profile_002781,control,1,1
profile_002782,control,0,0
profile_002783,treatment,1,1
profile_002784,treatment,0,1
profile_002785,control,0,0
profile_002786,treatment,1,1
profile_002787,treatment,0,0
profile_002788,control,0,1
profile_002789,control,1,1
profile_002790,treatment,1,1
profile_002791,control,1,1
profile_002792,treatment,0,1
profile_002793,treatment,1,1
profile_002794,treatment,1,1
profile_002795,treatment,1,1
profile_002796,treatment,1,1
profile_002797,control,1,1
profile_002798,control,1,1
profile_002799,control,1,1
profile_002800,control,1,1
profile_002801,treatment,1,1
profile_002802,treatment,0,1
profile_002803,treatment,1,1
profile_002804,treatment,1,1
profile_002805,control,1,1
profile_002806,treatment,1,1
profile_002807,treatment,1,1
profile_002808,treatment,1,1
profile_002809,control,1,1
profile_002810,control,1,1
profile_002811,treatment,0,0
profile_002812,treatment,1,1
profile_002813,treatment,1,1
profile_002814,treatment,0,0
profile_002815,treatment,0,0
profile_002816,control,0,0
profile_002817,control,0,1
profile_002818,control,1,1
profile_002819,control,0,0
profile_002820,control,0,1
profile_002821,treatment,0,0
profile_002822,control,0,1
profile_002823,control,1,1
profile_002824,treatment,0,1
profile_002825,control,1,1
profile_002826,control,1,1
profile_002827,control,1,1
profile_002828,treatment,1,1
profile_002829,control,0,1
profile_002830,treatment,0,0
profile_002831,treatment,1,1
profile_002832,control,1,1
profile_002833,control,1,1
profile_002834,treatment,1,1
profile_002835,control,0,1
profile_002836,treatment,1,1
profile_002837,control,0,1
profile_002838,control,0,1
profile_002839,control,0,0
profile_002840,control,1,1
profile_002841,treatment,1,1
profile_002842,treatment,0,0
profile_002843,treatment,1,1
profile_002844,treatment,1,1
profile_002845,control,1,1
profile_002846,treatment,1,1
profile_002847,treatment,1,1
profile_002848,treatment,1,1
profile_002849,treatment,0,0
profile_002850,treatment,1,1
profile_002851,control,0,0
profile_002852,treatment,1,1
profile_002853,treatment,1,1
profile_002854,treatment,1,1
profile_002855,treatment,1,1
profile_002856,control,0,1
profile_002857,treatment,1,1
profile_002858,treatment,1,1
profile_002859,control,1,1
profile_002860,control,1,1
profile_002861,control,1,1
profile_002862,control,0,0
profile_002863,treatment,0,0
profile_002864,treatment,0,0
profile_002865,control,1,1
profile_002866,treatment,1,1
profile_002867,control,1,1
profile_002868,control,1,1
profile_002869,treatment,0,1
profile_002870,control,1,1
profile_002871,control,1,1
profile_002872,treatment,1,1
profile_002873,control,1,1
profile_002874,treatment,0,0
profile_002875,treatment,1,1
profile_002876,control,0,0
profile_002877,treatment,0,0
profile_002878,control,1,1
profile_002879,treatment,1,1
profile_002880,control,1,1
profile_002881,control,0,1
profile_002882,control,1,1
profile_002883,treatment,1,1
profile_002884,control,1,1
profile_002885,treatment,1,1
profile_002886,treatment,1,1
profile_002887,control,1,1
profile_002888,treatment,1,1
profile_002889,control,0,1
profile_002890,control,1,1
profile_002891,treatment,1,1
profile_002892,treatment,1,1
profile_002893,control,0,0
profile_002894,treatment,1,1
profile_002895,treatment,1,1
profile_002896,control,0,0
profile_002897,control,1,1
profile_002898,treatment,1,1
profile_002899,control,0,1
profile_002900,treatment,1,1
profile_002901,control,1,1
profile_002902,treatment,1,1
profile_002903,treatment,1,1
profile_002904,control,0,1
profile_002905,control,1,1
profile_002906,treatment,1,1
profile_002907,treatment,0,0
profile_002908,control,0,1
profile_002909,treatment,1,1
profile_002910,control,1,1
profile_002911,control,1,1
profile_002912,treatment,0,0
profile_002913,control,0,0
profile_002914,control,0,1
profile_002915,control,0,0
profile_002916,control,0,1
profile_002917,treatment,0,0
profile_002918,treatment,1,1
profile_002919,control,0,1
profile_002920,treatment,0,1
profile_002921,treatment,1,1
profile_002922,treatment,0,1
profile_002923,control,1,1
profile_002924,treatment,0,0
profile_002925,treatment,1,1
profile_002926,treatment,1,1
profile_002927,control,1,1
profile_002928,treatment,0,0
profile_002929,treatment,1,1
profile_002930,treatment,0,0
profile_002931,control,1,1
profile_002932,treatment,0,1
profile_002933,control,1,1
profile_002934,control,1,1
profile_002935,control,1,1
profile_002936,treatment,1,1
profile_002937,treatment,1,1
profile_002938,treatment,1,1
profile_002939,treatment,0,0
profile_002940,control,1,1
profile_002941,control,1,1
profile_002942,treatment,1,1
profile_002943,treatment,0,0
profile_002944,treatment,0,0
profile_002945,treatment,1,1
profile_002946,control,1,1
profile_002947,control,1,1
profile_002948,treatment,1,1
profile_002949,treatment,1,1
profile_002950,treatment,1,1
profile_002951,treatment,1,1
profile_002952,control,1,1
profile_002953,treatment,1,1
profile_002954,control,0,0
profile_002955,control,1,1
profile_002956,control,1,1
profile_002957,treatment,1,1
profile_002958,control,1,1
profile_002959,control,1,1
profile_002960,treatment,0,0
profile_002961,control,1,1
profile_002962,control,1,1
profile_002963,control,0,1
profile_002964,control,1,1
profile_002965,control,1,1
profile_002966,treatment,1,1
profile_002967,treatment,0,0
profile_002968,control,1,1
profile_002969,control,1,1
profile_002970,control,1,1
profile_002971,control,1,1
profile_002972,treatment,0,0
profile_002973,control,1,1
profile_002974,treatment,1,1
profile_002975,control,1,1
profile_002976,control,0,1
profile_002977,control,1,1
profile_002978,control,0,1
profile_002979,control,1,1
profile_002980,control,1,1
profile_002981,control,1,1
profile_002982,control,1,1
profile_002983,control,1,1
profile_002984,treatment,0,1
profile_002985,treatment,1,1
profile_002986,control,0,1
profile_002987,treatment,0,0
profile_002988,treatment,1,1
profile_002989,control,1,1
profile_002990,treatment,1,1
profile_002991,treatment,1,1
profile_002992,control,1,1
profile_002993,control,0,1
profile_002994,control,1,1
profile_002995,control,0,1
profile_002996,treatment,0,1
profile_002997,treatment,1,1
profile_002998,control,0,1
profile_002999,treatment,1,1
profile_003000,treatment,0,0
profile_003001,control,1,1
profile_003002,control,0,0
profile_003003,control,0,0
profile_003004,control,0,0
profile_003005,treatment,0,0
profile_003006,treatment,0,0
profile_003007,treatment,1,1
profile_003008,treatment,0,1
profile_003009,control,0,1
profile_003010,control,1,1
profile_003011,treatment,1,1
profile_003012,control,0,0
profile_003013,control,1,1
profile_003014,treatment,0,1
profile_003015,treatment,0,1
profile_003016,control,0,1
profile_003017,control,1,1
profile_003018,treatment,1,1
profile_003019,control,1,1
profile_003020,treatment,0,0
profile_003021,treatment,1,1
profile_003022,control,1,1
profile_003023,treatment,0,0
profile_003024,treatment,1,1
profile_003025,treatment,0,0
profile_003026,control,0,1
profile_003027,control,1,1
profile_003028,treatment,1,1
profile_003029,treatment,0,0
profile_003030,control,1,1
profile_003031,control,1,1
profile_003032,treatment,1,1
profile_003033,treatment,1,1
profile_003034,treatment,1,1
profile_003035,treatment,0,1
profile_003036,treatment,0,0
profile_003037,treatment,1,1
profile_003038,control,0,1
profile_003039,control,1,1
profile_003040,treatment,1,1
profile_003041,treatment,1,1
profile_003042,treatment,1,1
profile_003043,control,0,0
profile_003044,treatment,1,1
profile_003045,treatment,1,1
profile_003046,control,1,1
profile_003047,treatment,0,0
profile_003048,control,0,0
profile_003049,control,1,1
profile_003050,treatment,0,0
profile_003051,treatment,1,1
profile_003052,control,0,0
profile_003053,control,1,1
profile_003054,control,0,0
profile_003055,treatment,0,0
profile_003056,control,0,1
profile_003057,control,0,0
profile_003058,treatment,1,1
profile_003059,treatment,0,1
profile_003060,treatment,1,1
profile_003061,treatment,0,1
profile_003062,treatment,0,1
profile_003063,treatment,1,1
profile_003064,control,1,1
profile_003065,control,0,0
profile_003066,control,0,1
profile_003067,treatment,0,0
profile_003068,treatment,1,1
profile_003069,control,0,0
profile_003070,control,0,0
profile_003071,treatment,1,1
profile_003072,control,1,1
profile_003073,treatment,1,1
profile_003074,treatment,1,1
profile_003075,control,1,1
profile_003076,control,0,0
profile_003077,treatment,1,1
profile_003078,control,0,0
profile_003079,treatment,1,1
profile_003080,treatment,0,1
profile_003081,treatment,0,0
profile_003082,treatment,0,0
profile_003083,control,1,1
profile_003084,control,0,1
profile_003085,treatment,1,1
profile_003086,control,1,1
profile_003087,control,1,1
profile_003088,treatment,0,0
profile_003089,treatment,1,1
profile_003090,treatment,1,1
profile_003091,control,1,1
profile_003092,treatment,1,1
profile_003093,treatment,0,0
profile_003094,control,0,1
profile_003095,control,1,1
profile_003096,control,0,1
profile_003097,treatment,1,1
profile_003098,treatment,1,1
profile_003099,treatment,0,1
profile_003100,control,0,1
profile_003101,treatment,0,0
profile_003102,treatment,1,1
profile_003103,treatment,1,1
profile_003104,treatment,0,1
profile_003105,control,0,1
profile_003106,treatment,0,0
profile_003107,control,1,1
profile_003108,treatment,1,1
profile_003109,control,1,1
profile_003110,control,0,1
profile_003111,control,0,1
profile_003112,control,0,0
profile_003113,treatment,1,1
profile_003114,treatment,1,1
profile_003115,treatment,0,0
profile_003116,treatment,1,1
profile_003117,control,0,1
profile_003118,control,1,1
profile_003119,control,1,1
profile_003120,control,0,1
profile_003121,control,1,1
profile_003122,treatment,1,1
profile_003123,control,0,0
profile_003124,treatment,1,1
profile_003125,control,1,1
profile_003126,treatment,1,1
profile_003127,control,1,1
profile_003128,control,1,1
profile_003129,control,1,1
profile_003130,treatment,0,0
profile_003131,treatment,1,1
profile_003132,treatment,0,0
profile_003133,treatment,1,1
profile_003134,control,1,1
profile_003135,control,0,0
profile_003136,control,0,0
profile_003137,control,1,1
profile_003138,control,0,1
profile_003139,control,0,0
profile_003140,treatment,1,1
profile_003141,control,1,1
profile_003142,control,1,1
profile_003143,treatment,1,1
profile_003144,control,1,1
profile_003145,treatment,0,0
profile_003146,control,0,1
profile_003147,control,0,0
profile_003148,treatment,1,1
profile_003149,treatment,0,1
profile_003150,control,0,1
profile_003151,treatment,0,1
profile_003152,treatment,1,1
profile_003153,control,1,1
profile_003154,control,0,0
profile_003155,control,1,1
profile_003156,treatment,0,1
profile_003157,treatment,0,0
profile_003158,treatment,1,1
profile_003159,treatment,1,1
profile_003160,treatment,1,1
profile_003161,treatment,1,1
profile_003162,treatment,1,1
profile_003163,control,1,1
profile_003164,treatment,0,1
profile_003165,control,0,0
profile_003166,treatment,1,1
profile_003167,treatment,0,0
profile_003168,treatment,0,0
profile_003169,treatment,0,1
profile_003170,treatment,1,1
profile_003171,treatment,1,1
profile_003172,control,1,1
profile_003173,control,0,0
profile_003174,treatment,1,1
profile_003175,control,1,1
profile_003176,treatment,1,1
profile_003177,treatment,1,1
profile_003178,treatment,1,1
profile_003179,control,0,1
profile_003180,control,0,1
profile_003181,control,0,0
profile_003182,treatment,1,1
profile_003183,control,0,1
profile_003184,treatment,1,1
profile_003185,control,1,1
profile_003186,treatment,1,1
profile_003187,control,1,1
profile_003188,control,1,1
profile_003189,control,1,1
profile_003190,control,1,1
profile_003191,control,0,0
profile_003192,treatment,1,1
profile_003193,control,0,0
profile_003194,treatment,1,1
profile_003195,control,0,0
profile_003196,treatment,0,1
profile_003197,control,0,1
profile_003198,treatment,1,1
profile_003199,control,1,1
profile_003200,control,1,1
profile_003201,control,1,1
profile_003202,treatment,1,1
profile_003203,treatment,0,1
profile_003204,control,0,1
profile_003205,control,0,0
profile_003206,control,1,1
profile_003207,treatment,1,1
profile_003208,treatment,1,1
profile_003209,control,1,1
profile_003210,treatment,1,1
profile_003211,control,1,1
profile_003212,control,0,1
profile_003213,treatment,1,1
profile_003214,treatment,1,1
profile_003215,treatment,0,1
profile_003216,treatment,0,1
profile_003217,treatment,0,1
profile_003218,control,0,0
profile_003219,treatment,1,1
profile_003220,treatment,1,1
profile_003221,control,0,0
profile_003222,control,1,1
profile_003223,control,1,1
profile_003224,control,0,1
profile_003225,control,1,1
profile_003226,treatment,1,1
profile_003227,control,1,1
profile_003228,treatment,0,0
profile_003229,control,1,1
profile_003230,control,1,1
profile_003231,control,1,1
profile_003232,treatment,0,1
profile_003233,treatment,0,1
profile_003234,control,1,1
profile_003235,control,1,1
profile_003236,control,0,0
profile_003237,control,0,0
profile_003238,control,1,1
profile_003239,treatment,0,1
profile_003240,control,1,1
profile_003241,treatment,0,0
profile_003242,control,0,0
profile_003243,control,1,1
profile_003244,treatment,1,1
profile_003245,treatment,1,1
profile_003246,treatment,0,1
profile_003247,treatment,0,0
profile_003248,treatment,1,1
profile_003249,treatment,0,0
profile_003250,treatment,1,1
profile_003251,control,0,0
profile_003252,treatment,1,1
profile_003253,control,0,1
profile_003254,treatment,0,0
profile_003255,treatment,0,0
profile_003256,treatment,1,1
profile_003257,treatment,0,0
profile_003258,treatment,0,0
profile_003259,control,1,1
profile_003260,treatment,0,0
profile_003261,treatment,1,1
profile_003262,treatment,1,1
profile_003263,treatment,1,1
profile_003264,control,1,1
profile_003265,treatment,1,1
profile_003266,control,1,1
profile_003267,control,1,1
profile_003268,treatment,1,1
profile_003269,control,0,1
profile_003270,treatment,1,1
profile_003271,treatment,0,1
profile_003272,control,0,1
profile_003273,treatment,1,1
profile_003274,treatment,1,1
profile_003275,control,0,1
profile_003276,control,0,0
profile_003277,control,0,0
profile_003278,control,1,1
profile_003279,control,1,1
profile_003280,treatment,0,1
profile_003281,treatment,1,1
profile_003282,control,0,0
profile_003283,treatment,1,1
profile_003284,treatment,0,0
profile_003285,control,1,1
profile_003286,control,0,0
profile_003287,control,0,1
profile_003288,control,1,1
profile_003289,control,1,1
profile_003290,control,1,1
profile_003291,treatment,1,1
profile_003292,control,0,1
profile_003293,control,1,1
profile_003294,control,1,1
profile_003295,control,1,1
profile_003296,control,0,1
profile_003297,treatment,0,0
profile_003298,treatment,1,1
profile_003299,control,0,1
profile_003300,control,0,1
profile_003301,treatment,1,1
profile_003302,treatment,1,1
profile_003303,treatment,1,1
profile_003304,treatment,0,1
profile_003305,treatment,1,1
profile_003306,treatment,0,1
profile_003307,treatment,0,1
profile_003308,control,0,0
profile_003309,treatment,0,1
profile_003310,treatment,0,0
profile_003311,treatment,1,1
profile_003312,treatment,0,1
profile_003313,treatment,0,1
profile_003314,control,1,1
profile_003315,treatment,1,1
profile_003316,treatment,1,1
profile_003317,control,1,1
profile_003318,treatment,1,1
profile_003319,treatment,1,1
profile_003320,treatment,0,0
profile_003321,treatment,1,1
profile_003322,control,1,1
profile_003323,treatment,1,1
profile_003324,treatment,1,1
profile_003325,control,0,1
profile_003326,treatment,1,1
profile_003327,control,1,1
profile_003328,treatment,0,0
profile_003329,treatment,0,0
profile_003330,treatment,1,1
profile_003331,treatment,0,1
profile_003332,treatment,0,1
profile_003333,treatment,0,1
profile_003334,control,1,1
profile_003335,treatment,1,1
profile_003336,control,1,1
profile_003337,treatment,1,1
profile_003338,control,0,1
profile_003339,treatment,0,0
profile_003340,control,0,1
profile_003341,control,1,1
profile_003342,treatment,1,1
profile_003343,control,0,1
profile_003344,treatment,0,0
profile_003345,treatment,1,1
profile_003346,control,0,1
profile_003347,treatment,1,1
profile_003348,treatment,0,1
profile_003349,treatment,1,1
profile_003350,treatment,1,1
profile_003351,treatment,1,1
profile_003352,treatment,0,1
profile_003353,treatment,1,1
profile_003354,control,0,0
profile_003355,control,0,1
profile_003356,treatment,0,0
profile_003357,control,1,1
profile_003358,control,1,1
profile_003359,treatment,1,1
profile_003360,treatment,1,1
profile_003361,treatment,1,1
profile_003362,treatment,0,0
profile_003363,control,0,1
profile_003364,control,0,1
profile_003365,control,1,1
profile_003366,treatment,1,1
profile_003367,control,0,0
profile_003368,control,0,0
profile_003369,treatment,0,0
profile_003370,treatment,0,0
profile_003371,treatment,1,1
profile_003372,treatment,1,1
profile_003373,control,1,1
profile_003374,control,0,1
profile_003375,treatment,0,0
profile_003376,control,1,1
profile_003377,treatment,1,1
profile_003378,control,0,0
profile_003379,treatment,1,1
profile_003380,treatment,1,1
profile_003381,treatment,0,0
profile_003382,control,1,1
profile_003383,control,1,1
profile_003384,treatment,0,1
profile_003385,treatment,1,1
profile_003386,treatment,1,1
profile_003387,treatment,1,1
profile_003388,control,1,1
profile_003389,treatment,1,1
profile_003390,control,1,1
profile_003391,control,0,0
profile_003392,control,1,1
profile_003393,treatment,0,0
profile_003394,treatment,1,1
profile_003395,control,0,1
profile_003396,treatment,0,1
profile_003397,treatment,1,1
profile_003398,treatment,1,1
profile_003399,control,0,0
profile_003400,control,0,1
profile_003401,treatment,1,1
profile_003402,control,1,1
profile_003403,control,1,1
profile_003404,control,1,1
profile_003405,control,0,1
profile_003406,treatment,1,1
profile_003407,control,1,1
profile_003408,treatment,1,1
profile_003409,control,0,1
profile_003410,treatment,1,1
profile_003411,treatment,1,1
profile_003412,treatment,1,1
profile_003413,treatment,0,1
profile_003414,control,1,1
profile_003415,control,0,0
profile_003416,control,0,0
profile_003417,control,1,1
profile_003418,treatment,0,1
profile_003419,treatment,1,1
profile_003420,control,0,0
profile_003421,treatment,0,1
profile_003422,treatment,1,1
profile_003423,treatment,1,1
profile_003424,treatment,1,1
profile_003425,treatment,1,1
profile_003426,control,1,1
profile_003427,treatment,1,1
profile_003428,treatment,1,1
profile_003429,control,1,1
profile_003430,control,0,1
profile_003431,treatment,0,1
profile_003432,treatment,0,0
profile_003433,treatment,0,0
profile_003434,treatment,1,1
profile_003435,treatment,1,1
profile_003436,control,1,1
profile_003437,control,1,1
profile_003438,control,0,0
profile_003439,control,0,1
profile_003440,control,1,1
profile_003441,treatment,1,1
profile_003442,treatment,0,0
profile_003443,treatment,1,1
profile_003444,control,1,1
profile_003445,control,1,1
profile_003446,treatment,0,1
profile_003447,control,1,1
profile_003448,control,1,1
profile_003449,control,1,1
profile_003450,control,0,0
profile_003451,control,1,1
profile_003452,treatment,1,1
profile_003453,control,1,1
profile_003454,treatment,1,1
profile_003455,treatment,1,1
profile_003456,control,0,0
profile_003457,treatment,1,1
profile_003458,treatment,0,1
profile_003459,control,1,1
profile_003460,treatment,0,1
profile_003461,treatment,1,1
profile_003462,control,1,1
profile_003463,treatment,1,1
profile_003464,treatment,1,1
profile_003465,control,1,1
profile_003466,treatment,0,1
profile_003467,treatment,1,1
profile_003468,control,1,1
profile_003469,treatment,0,0
profile_003470,control,0,1
profile_003471,treatment,1,1
profile_003472,control,1,1
profile_003473,treatment,1,1
profile_003474,treatment,0,0
profile_003475,control,0,0
profile_003476,treatment,1,1
profile_003477,treatment,0,1
profile_003478,control,1,1
profile_003479,control,0,1
profile_003480,treatment,0,0
profile_003481,control,0,1
profile_003482,treatment,1,1
profile_003483,control,0,1
profile_003484,treatment,0,1
profile_003485,treatment,1,1
profile_003486,treatment,1,1
profile_003487,treatment,1,1
profile_003488,control,0,0
profile_003489,treatment,1,1
profile_003490,treatment,0,0
profile_003491,treatment,0,0
profile_003492,treatment,0,1
profile_003493,treatment,0,0
profile_003494,treatment,1,1
profile_003495,treatment,0,1
profile_003496,treatment,1,1
profile_003497,treatment,1,1
profile_003498,control,1,1
profile_003499,treatment,1,1
profile_003500,treatment,0,0
profile_003501,control,1,1
profile_003502,control,1,1
profile_003503,control,0,0
profile_003504,treatment,1,1
profile_003505,treatment,0,1
profile_003506,treatment,1,1
profile_003507,control,0,0
profile_003508,treatment,1,1
profile_003509,control,1,1
profile_003510,control,1,1
profile_003511,control,0,1
profile_003512,treatment,1,1
profile_003513,control,1,1
profile_003514,control,0,1
profile_003515,treatment,0,0
profile_003516,control,1,1
profile_003517,control,1,1
profile_003518,control,1,1
profile_003519,control,0,0
profile_003520,control,1,1
profile_003521,treatment,1,1
profile_003522,treatment,1,1
profile_003523,control,0,1
profile_003524,treatment,1,1
profile_003525,control,1,1
profile_003526,treatment,1,1
profile_003527,control,1,1
profile_003528,treatment,1,1
profile_003529,treatment,1,1
profile_003530,control,1,1
profile_003531,treatment,1,1
profile_003532,treatment,1,1
profile_003533,control,1,1
profile_003534,control,1,1
profile_003535,control,1,1
profile_003536,treatment,1,1
profile_003537,treatment,1,1
profile_003538,control,1,1
profile_003539,treatment,0,1
profile_003540,treatment,1,1
profile_003541,treatment,0,1
profile_003542,treatment,0,0
profile_003543,control,0,0
profile_003544,treatment,1,1
profile_003545,control,0,0
profile_003546,control,1,1
profile_003547,treatment,0,1
profile_003548,treatment,1,1
profile_003549,control,0,0
profile_003550,control,1,1
profile_003551,treatment,1,1
profile_003552,treatment,1,1
profile_003553,control,0,1
profile_003554,treatment,1,1
profile_003555,control,1,1
profile_003556,treatment,1,1
profile_003557,treatment,1,1
profile_003558,control,0,1
profile_003559,treatment,1,1
profile_003560,treatment,0,0
profile_003561,control,0,1
profile_003562,treatment,0,0
profile_003563,treatment,1,1
profile_003564,treatment,1,1
profile_003565,treatment,1,1
profile_003566,control,0,0
profile_003567,control,0,1
profile_003568,control,1,1
profile_003569,treatment,1,1
profile_003570,control,0,0
profile_003571,control,1,1
profile_003572,treatment,1,1
profile_003573,control,0,0
profile_003574,control,0,1
profile_003575,treatment,0,1
profile_003576,control,1,1
profile_003577,treatment,1,1
profile_003578,treatment,1,1
profile_003579,treatment,1,1
profile_003580,treatment,1,1
profile_003581,treatment,1,1
profile_003582,control,0,0
profile_003583,control,0,0
profile_003584,control,1,1
profile_003585,treatment,0,0
profile_003586,treatment,1,1
profile_003587,control,0,1
profile_003588,treatment,1,1
profile_003589,treatment,0,1
profile_003590,treatment,1,1
profile_003591,treatment,1,1
profile_003592,treatment,1,1
profile_003593,treatment,1,1
profile_003594,control,0,0
profile_003595,treatment,1,1
profile_003596,treatment,1,1
profile_003597,treatment,1,1
profile_003598,treatment,0,0
profile_003599,treatment,0,0
profile_003600,treatment,1,1
profile_003601,treatment,1,1
profile_003602,control,1,1
profile_003603,treatment,0,1
profile_003604,control,0,1
profile_003605,treatment,1,1
profile_003606,control,0,0
profile_003607,treatment,1,1
profile_003608,control,0,0
profile_003609,treatment,1,1
profile_003610,treatment,1,1
profile_003611,control,0,0
profile_003612,control,0,0
profile_003613,treatment,0,1
profile_003614,control,0,0
profile_003615,treatment,0,0
profile_003616,treatment,1,1
profile_003617,treatment,1,1
profile_003618,treatment,0,0
profile_003619,control,1,1
profile_003620,control,1,1
profile_003621,control,1,1
profile_003622,control,0,1
profile_003623,control,1,1
profile_003624,control,0,1
profile_003625,treatment,1,1
profile_003626,treatment,1,1
profile_003627,treatment,0,0
profile_003628,control,0,1
profile_003629,control,0,1
profile_003630,treatment,0,0
profile_003631,control,1,1
profile_003632,treatment,1,1
profile_003633,treatment,1,1
profile_003634,treatment,1,1
profile_003635,treatment,0,1
profile_003636,treatment,0,0
profile_003637,treatment,1,1
profile_003638,treatment,1,1
profile_003639,control,1,1
profile_003640,control,1,1
profile_003641,control,1,1
profile_003642,treatment,1,1
profile_003643,control,1,1
profile_003644,control,1,1
profile_003645,treatment,0,0
profile_003646,control,1,1
profile_003647,control,0,0
profile_003648,treatment,1,1
profile_003649,treatment,0,1
profile_003650,control,1,1
profile_003651,control,0,0
profile_003652,treatment,1,1
profile_003653,control,0,0
profile_003654,treatment,0,0
profile_003655,treatment,1,1
profile_003656,treatment,1,1
profile_003657,control,1,1
profile_003658,control,1,1
profile_003659,control,1,1
profile_003660,treatment,1,1
profile_003661,treatment,1,1
profile_003662,control,1,1
profile_003663,treatment,1,1
profile_003664,treatment,1,1
profile_003665,control,1,1
profile_003666,control,1,1
profile_003667,treatment,0,1
profile_003668,treatment,0,0
profile_003669,treatment,1,1
profile_003670,treatment,1,1
profile_003671,control,1,1
profile_003672,treatment,0,0
profile_003673,control,0,0
profile_003674,treatment,0,0
profile_003675,control,0,1
profile_003676,control,1,1
profile_003677,control,1,1
profile_003678,control,1,1
profile_003679,treatment,0,0
profile_003680,treatment,0,1
profile_003681,control,1,1
profile_003682,control,1,1
profile_003683,treatment,1,1
profile_003684,treatment,1,1
profile_003685,treatment,1,1
profile_003686,control,1,1
profile_003687,control,1,1
profile_003688,control,0,0
profile_003689,control,0,1
profile_003690,control,0,0
profile_003691,control,1,1
profile_003692,control,0,1
profile_003693,treatment,1,1
profile_003694,control,0,0
profile_003695,treatment,0,1
profile_003696,treatment,0,1
profile_003697,control,1,1
profile_003698,control,0,0
profile_003699,treatment,1,1
profile_003700,treatment,1,1
profile_003701,control,1,1
profile_003702,control,1,1
profile_003703,control,1,1
profile_003704,treatment,1,1
profile_003705,control,1,1
profile_003706,treatment,0,0
profile_003707,treatment,0,0
profile_003708,control,0,1
profile_003709,control,0,1
profile_003710,control,1,1
profile_003711,treatment,1,1
profile_003712,treatment,0,1
profile_003713,control,0,0
profile_003714,control,1,1
profile_003715,treatment,1,1
profile_003716,control,0,1
profile_003717,control,1,1
profile_003718,treatment,0,0
profile_003719,treatment,1,1
profile_003720,control,1,1
profile_003721,treatment,0,0
profile_003722,control,1,1
profile_003723,control,1,1
profile_003724,control,1,1
profile_003725,control,0,1
profile_003726,control,0,0
profile_003727,control,1,1
profile_003728,control,0,1
profile_003729,control,1,1
profile_003730,control,1,1
profile_003731,treatment,0,0
profile_003732,control,1,1
profile_003733,treatment,1,1
profile_003734,control,1,1
profile_003735,treatment,1,1
profile_003736,treatment,0,0
profile_003737,treatment,0,1
profile_003738,control,1,1
profile_003739,treatment,1,1
profile_003740,treatment,1,1
profile_003741,control,1,1
profile_003742,control,0,0
profile_003743,treatment,0,0
profile_003744,control,1,1
profile_003745,control,1,1
profile_003746,treatment,1,1
profile_003747,treatment,1,1
profile_003748,treatment,1,1
profile_003749,control,1,1
profile_003750,control,0,0
profile_003751,control,1,1
profile_003752,control,1,1
profile_003753,control,1,1
profile_003754,treatment,1,1
profile_003755,control,1,1
profile_003756,treatment,1,1
profile_003757,treatment,1,1
profile_003758,treatment,0,1
profile_003759,control,0,0
profile_003760,control,1,1
profile_003761,control,0,1
profile_003762,control,0,0
profile_003763,control,0,0
profile_003764,control,1,1
profile_003765,control,1,1
profile_003766,control,1,1
profile_003767,treatment,1,1
profile_003768,control,1,1
profile_003769,treatment,1,1
profile_003770,treatment,1,1
profile_003771,control,1,1
profile_003772,control,1,1
profile_003773,control,0,1
profile_003774,control,1,1
profile_003775,control,1,1
profile_003776,treatment,1,1
profile_003777,control,1,1
profile_003778,control,0,1
profile_003779,treatment,0,1
profile_003780,control,0,0
profile_003781,treatment,1,1
profile_003782,control,1,1
profile_003783,treatment,1,1
profile_003784,control,1,1
profile_003785,treatment,0,1
profile_003786,control,1,1
profile_003787,treatment,0,0
profile_003788,treatment,0,1
profile_003789,control,1,1
profile_003790,treatment,1,1
profile_003791,control,1,1
profile_003792,control,1,1
profile_003793,control,0,1
profile_003794,treatment,0,0
profile_003795,control,0,0
profile_003796,control,1,1
profile_003797,treatment,1,1
profile_003798,control,0,0
profile_003799,treatment,1,1
profile_003800,treatment,0,1
profile_003801,treatment,0,0
profile_003802,treatment,1,1
profile_003803,treatment,1,1
profile_003804,control,1,1
profile_003805,control,0,1
profile_003806,treatment,1,1
profile_003807,treatment,1,1
profile_003808,treatment,0,0
profile_003809,treatment,0,1
profile_003810,treatment,0,1
profile_003811,control,0,1
profile_003812,control,1,1
profile_003813,control,0,0
profile_003814,control,0,1
profile_003815,treatment,1,1
profile_003816,treatment,1,1
profile_003817,control,0,0
profile_003818,treatment,1,1
profile_003819,control,1,1
profile_003820,treatment,1,1
profile_003821,treatment,1,1
profile_003822,control,1,1
profile_003823,treatment,1,1
profile_003824,treatment,0,1
profile_003825,treatment,0,1
profile_003826,control,1,1
profile_003827,control,1,1
profile_003828,control,1,1
profile_003829,control,1,1
profile_003830,treatment,1,1
profile_003831,treatment,1,1
profile_003832,treatment,0,1
profile_003833,treatment,1,1
profile_003834,treatment,1,1
profile_003835,control,1,1
profile_003836,treatment,1,1
profile_003837,control,0,0
profile_003838,control,1,1
profile_003839,treatment,0,0
profile_003840,control,1,1
profile_003841,treatment,0,1
profile_003842,treatment,0,0
profile_003843,treatment,0,0
profile_003844,control,0,1
profile_003845,treatment,1,1
profile_003846,treatment,0,0
profile_003847,treatment,1,1
profile_003848,control,1,1
profile_003849,treatment,1,1
profile_003850,treatment,1,1
profile_003851,control,0,1
profile_003852,treatment,1,1
profile_003853,control,1,1
profile_003854,treatment,1,1
profile_003855,treatment,1,1
profile_003856,treatment,0,0
profile_003857,treatment,0,0
profile_003858,control,0,1
profile_003859,control,1,1
profile_003860,treatment,1,1
profile_003861,treatment,1,1
profile_003862,control,1,1
profile_003863,control,1,1
profile_003864,treatment,1,1
profile_003865,treatment,0,0
profile_003866,treatment,1,1
profile_003867,control,0,1
profile_003868,treatment,1,1
profile_003869,treatment,1,1
profile_003870,treatment,0,0
profile_003871,control,1,1
profile_003872,control,1,1
profile_003873,control,0,1
profile_003874,control,1,1
profile_003875,treatment,1,1
profile_003876,treatment,1,1
profile_003877,control,1,1
profile_003878,treatment,1,1
profile_003879,control,1,1
profile_003880,treatment,1,1
profile_003881,control,0,0
profile_003882,control,1,1
profile_003883,control,1,1
profile_003884,control,1,1
profile_003885,treatment,1,1
profile_003886,treatment,1,1
profile_003887,control,1,1
profile_003888,control,0,0
profile_003889,treatment,0,0
profile_003890,treatment,0,0
profile_003891,treatment,0,0
profile_003892,control,0,1
profile_003893,treatment,1,1
profile_003894,control,0,0
profile_003895,control,0,1
profile_003896,treatment,0,0
profile_003897,control,1,1
profile_003898,control,1,1
profile_003899,treatment,0,1
profile_003900,control,1,1
profile_003901,treatment,1,1
profile_003902,control,1,1
profile_003903,treatment,0,0
profile_003904,treatment,1,1
profile_003905,control,1,1
profile_003906,treatment,1,1
profile_003907,treatment,1,1
profile_003908,treatment,1,1
profile_003909,treatment,1,1
profile_003910,control,0,0
profile_003911,control,1,1
profile_003912,control,1,1
profile_003913,control,1,1
profile_003914,control,0,0
profile_003915,treatment,0,1
profile_003916,control,1,1
profile_003917,treatment,0,0
profile_003918,treatment,1,1
profile_003919,treatment,1,1
profile_003920,control,0,0
profile_003921,control,1,1
profile_003922,control,1,1
profile_003923,control,0,0
profile_003924,treatment,0,0
profile_003925,control,0,0
profile_003926,treatment,1,1
profile_003927,control,1,1
profile_003928,control,0,1
profile_003929,control,1,1
profile_003930,control,1,1
profile_003931,control,1,1
profile_003932,control,1,1
profile_003933,treatment,1,1
profile_003934,treatment,1,1
profile_003935,control,1,1
profile_003936,control,1,1
profile_003937,control,1,1
profile_003938,control,1,1
profile_003939,treatment,1,1
profile_003940,control,0,0
profile_003941,treatment,1,1
profile_003942,treatment,1,1
profile_003943,treatment,0,1
profile_003944,control,0,0
profile_003945,control,0,1
profile_003946,control,1,1
profile_003947,treatment,1,1
profile_003948,treatment,1,1
profile_003949,control,1,1
profile_003950,control,0,0
profile_003951,control,0,1
profile_003952,control,0,1
profile_003953,control,0,0
profile_003954,treatment,1,1
profile_003955,control,0,1
profile_003956,treatment,0,0
profile_003957,treatment,1,1
profile_003958,treatment,0,0
profile_003959,treatment,1,1
profile_003960,treatment,1,1
profile_003961,control,0,0
profile_003962,control,0,1
profile_003963,control,1,1
profile_003964,treatment,0,1
profile_003965,treatment,1,1
profile_003966,treatment,1,1
profile_003967,control,1,1
profile_003968,treatment,1,1
profile_003969,control,1,1
profile_003970,treatment,1,1
profile_003971,control,0,1
profile_003972,treatment,1,1
profile_003973,treatment,1,1
profile_003974,control,1,1
profile_003975,control,0,0
profile_003976,treatment,1,1
profile_003977,control,1,1
profile_003978,control,1,1
profile_003979,treatment,1,1
profile_003980,control,1,1
profile_003981,treatment,1,1
profile_003982,control,1,1
profile_003983,control,1,1
profile_003984,treatment,1,1
profile_003985,control,1,1
profile_003986,treatment,0,1
profile_003987,treatment,1,1
profile_003988,control,1,1
profile_003989,treatment,1,1
profile_003990,control,1,1
profile_003991,control,0,0
profile_003992,control,1,1
profile_003993,control,1,1
profile_003994,treatment,0,1
profile_003995,control,1,1
profile_003996,control,1,1
profile_003997,treatment,1,1
profile_003998,control,0,1
profile_003999,control,0,0
profile_004000,control,1,1
profile_004001,control,0,0
profile_004002,control,0,1
profile_004003,control,0,1
profile_004004,control,1,1
profile_004005,control,0,1
profile_004006,control,1,1
profile_004007,control,0,0
profile_004008,treatment,0,0
profile_004009,treatment,1,1
profile_004010,control,0,1
profile_004011,treatment,1,1
profile_004012,treatment,0,1
profile_004013,treatment,1,1
profile_004014,control,0,0
profile_004015,treatment,1,1
profile_004016,treatment,1,1
profile_004017,treatment,1,1
profile_004018,control,1,1
profile_004019,control,1,1
profile_004020,control,0,1
profile_004021,control,1,1
profile_004022,control,1,1
profile_004023,control,1,1
profile_004024,control,1,1
profile_004025,control,1,1
profile_004026,control,1,1
profile_004027,control,0,0
profile_004028,control,1,1
profile_004029,control,0,1
profile_004030,control,1,1
profile_004031,treatment,1,1
profile_004032,treatment,1,1
profile_004033,treatment,1,1
profile_004034,treatment,1,1
profile_004035,control,0,0
profile_004036,treatment,0,1
profile_004037,control,1,1
profile_004038,treatment,1,1
profile_004039,treatment,1,1
profile_004040,treatment,0,0
profile_004041,treatment,1,1
profile_004042,control,1,1
profile_004043,treatment,1,1
profile_004044,treatment,1,1
profile_004045,treatment,0,0
profile_004046,treatment,1,1
profile_004047,control,0,0
profile_004048,control,1,1
profile_004049,control,1,1
profile_004050,control,1,1
profile_004051,treatment,0,0
profile_004052,treatment,1,1
profile_004053,treatment,1,1
profile_004054,control,1,1
profile_004055,control,0,1
profile_004056,treatment,0,1
profile_004057,treatment,1,1
profile_004058,control,0,0
profile_004059,treatment,1,1
profile_004060,control,0,0
profile_004061,treatment,1,1
profile_004062,treatment,0,0
profile_004063,control,1,1
profile_004064,control,1,1
profile_004065,control,0,1
profile_004066,treatment,0,0
profile_004067,control,1,1
profile_004068,treatment,1,1
profile_004069,control,1,1
profile_004070,treatment,1,1
profile_004071,control,1,1
profile_004072,treatment,1,1
profile_004073,treatment,1,1
profile_004074,control,0,1
profile_004075,treatment,0,1
profile_004076,treatment,1,1
profile_004077,control,0,1
profile_004078,treatment,0,0
profile_004079,treatment,1,1
profile_004080,treatment,1,1
profile_004081,treatment,0,0
profile_004082,control,1,1
profile_004083,treatment,0,0
profile_004084,control,1,1
profile_004085,control,1,1
profile_004086,treatment,1,1
profile_004087,control,1,1
profile_004088,treatment,1,1
profile_004089,treatment,0,1
profile_004090,control,1,1
profile_004091,treatment,1,1
profile_004092,control,1,1
profile_004093,treatment,1,1
profile_004094,control,1,1
profile_004095,treatment,1,1
profile_004096,control,0,1
profile_004097,treatment,0,0
profile_004098,control,1,1
profile_004099,treatment,1,1
profile_004100,treatment,1,1
profile_004101,treatment,1,1
profile_004102,control,1,1
profile_004103,control,1,1
profile_004104,control,1,1
profile_004105,control,1,1
profile_004106,treatment,0,0
profile_004107,control,1,1
profile_004108,treatment,0,1
profile_004109,treatment,1,1
profile_004110,control,1,1
profile_004111,treatment,1,1
profile_004112,control,1,1
profile_004113,control,0,1
profile_004114,control,0,1
profile_004115,control,0,1
profile_004116,control,1,1
profile_004117,treatment,1,1
profile_004118,treatment,1,1
profile_004119,treatment,1,1
profile_004120,control,1,1
profile_004121,control,1,1
profile_004122,control,0,0
profile_004123,control,0,1
profile_004124,treatment,1,1
profile_004125,control,1,1
profile_004126,control,0,1
profile_004127,treatment,0,1
profile_004128,treatment,0,0
profile_004129,treatment,1,1
profile_004130,control,1,1
profile_004131,control,0,1
profile_004132,treatment,1,1
profile_004133,treatment,1,1
profile_004134,treatment,0,1
profile_004135,treatment,1,1
profile_004136,control,0,0
profile_004137,treatment,0,0
profile_004138,control,1,1
profile_004139,control,1,1
profile_004140,control,1,1
profile_004141,control,1,1
profile_004142,treatment,0,0
profile_004143,treatment,1,1
profile_004144,treatment,0,0
profile_004145,control,1,1
profile_004146,treatment,1,1
profile_004147,control,0,1
profile_004148,control,0,0
profile_004149,control,0,1
profile_004150,treatment,0,1
profile_004151,treatment,0,0
profile_004152,control,1,1
profile_004153,control,1,1
profile_004154,treatment,0,0
profile_004155,treatment,1,1
profile_004156,control,1,1
profile_004157,control,0,1
profile_004158,treatment,1,1
profile_004159,treatment,0,1
profile_004160,control,0,0
profile_004161,control,1,1
profile_004162,control,1,1
profile_004163,treatment,1,1
profile_004164,control,1,1
profile_004165,treatment,1,1
profile_004166,treatment,1,1
profile_004167,treatment,0,1
profile_004168,treatment,1,1
profile_004169,treatment,0,1
profile_004170,control,1,1
profile_004171,treatment,0,1
profile_004172,control,0,1
profile_004173,control,0,0
profile_004174,control,1,1
profile_004175,treatment,1,1
profile_004176,treatment,1,1
profile_004177,control,0,0
profile_004178,control,0,1
profile_004179,treatment,0,1
profile_004180,treatment,1,1
profile_004181,control,1,1
profile_004182,control,1,1
profile_004183,control,0,1
profile_004184,control,1,1
profile_004185,control,0,1
profile_004186,control,1,1
profile_004187,treatment,1,1
profile_004188,treatment,1,1
profile_004189,treatment,1,1
profile_004190,control,0,1
profile_004191,treatment,1,1
profile_004192,treatment,1,1
profile_004193,treatment,0,1
profile_004194,treatment,1,1
profile_004195,treatment,1,1
profile_004196,treatment,0,0
profile_004197,control,0,0
profile_004198,treatment,0,0
profile_004199,treatment,0,0
profile_004200,treatment,1,1
profile_004201,treatment,1,1
profile_004202,treatment,1,1
profile_004203,treatment,0,0
profile_004204,treatment,0,1
profile_004205,control,1,1
profile_004206,control,1,1
profile_004207,control,1,1
profile_004208,treatment,0,0
profile_004209,treatment,1,1
profile_004210,treatment,0,0
profile_004211,treatment,1,1
profile_004212,treatment,1,1
profile_004213,control,1,1
profile_004214,control,1,1
profile_004215,treatment,0,1
profile_004216,control,0,1
profile_004217,treatment,0,0
profile_004218,control,1,1
profile_004219,control,1,1
profile_004220,control,1,1
profile_004221,treatment,0,0
profile_004222,control,1,1
profile_004223,control,1,1
profile_004224,treatment,1,1
profile_004225,treatment,0,1
profile_004226,treatment,1,1
profile_004227,control,0,1
profile_004228,treatment,1,1
profile_004229,treatment,1,1
profile_004230,control,0,1
profile_004231,control,0,0
profile_004232,control,1,1
profile_004233,control,0,0
profile_004234,control,1,1
profile_004235,control,0,0
profile_004236,control,1,1
profile_004237,control,0,1
profile_004238,treatment,0,0
profile_004239,control,0,0
profile_004240,control,1,1
profile_004241,control,1,1
profile_004242,control,0,1
profile_004243,control,0,1
profile_004244,treatment,1,1
profile_004245,control,0,1
profile_004246,treatment,0,1
profile_004247,treatment,0,0
profile_004248,treatment,1,1
profile_004249,treatment,1,1
profile_004250,control,0,0
profile_004251,treatment,1,1
profile_004252,control,1,1
profile_004253,control,0,0
profile_004254,treatment,1,1
profile_004255,treatment,1,1
profile_004256,control,1,1
profile_004257,control,1,1
profile_004258,treatment,0,1
profile_004259,treatment,1,1
profile_004260,treatment,1,1
profile_004261,treatment,1,1
profile_004262,control,0,0
profile_004263,treatment,1,1
profile_004264,treatment,0,1
profile_004265,control,1,1
profile_004266,control,1,1
profile_004267,control,1,1
profile_004268,treatment,0,0
profile_004269,control,1,1
profile_004270,treatment,1,1
profile_004271,treatment,1,1
profile_004272,control,1,1
profile_004273,treatment,0,1
profile_004274,treatment,1,1
profile_004275,control,1,1
profile_004276,control,1,1
profile_004277,treatment,1,1
profile_004278,control,1,1
profile_004279,treatment,1,1
profile_004280,control,1,1
profile_004281,treatment,1,1
profile_004282,control,0,0
profile_004283,control,1,1
profile_004284,control,1,1
profile_004285,treatment,1,1
profile_004286,treatment,0,1
profile_004287,control,1,1
profile_004288,control,0,0
profile_004289,control,1,1
profile_004290,treatment,1,1
profile_004291,control,1,1
profile_004292,treatment,1,1
profile_004293,control,0,0
profile_004294,control,1,1
profile_004295,treatment,0,0
profile_004296,treatment,0,0
profile_004297,control,1,1
profile_004298,control,0,1
profile_004299,control,1,1
profile_004300,treatment,0,0
profile_004301,control,0,0
profile_004302,control,0,0
profile_004303,treatment,1,1
profile_004304,control,0,0
profile_004305,treatment,0,0
profile_004306,control,1,1
profile_004307,control,0,1
profile_004308,treatment,0,1
profile_004309,control,1,1
profile_004310,treatment,1,1
profile_004311,control,1,1
profile_004312,treatment,0,1
profile_004313,control,1,1
profile_004314,control,0,0
profile_004315,control,0,0
profile_004316,treatment,0,0
profile_004317,control,1,1
profile_004318,treatment,1,1
profile_004319,treatment,1,1
profile_004320,control,0,1
profile_004321,control,1,1
profile_004322,control,0,0
profile_004323,treatment,1,1
profile_004324,treatment,1,1
profile_004325,control,1,1
profile_004326,control,1,1
profile_004327,control,0,0
profile_004328,control,0,0
profile_004329,control,1,1
profile_004330,treatment,0,1
profile_004331,control,1,1
profile_004332,control,1,1
profile_004333,treatment,0,0
profile_004334,treatment,0,0
profile_004335,treatment,1,1
profile_004336,control,0,0
profile_004337,treatment,1,1
profile_004338,treatment,1,1
profile_004339,treatment,1,1
profile_004340,treatment,1,1
profile_004341,treatment,0,0
profile_004342,control,0,0
profile_004343,treatment,1,1
profile_004344,treatment,0,0
profile_004345,treatment,1,1
profile_004346,control,1,1
profile_004347,control,1,1
profile_004348,treatment,1,1
profile_004349,treatment,1,1
profile_004350,treatment,1,1
profile_004351,treatment,0,0
profile_004352,control,0,1
profile_004353,control,0,0
profile_004354,treatment,1,1
profile_004355,control,0,0
profile_004356,treatment,0,1
profile_004357,control,1,1
profile_004358,treatment,1,1
profile_004359,control,1,1
profile_004360,control,1,1
profile_004361,treatment,0,1
profile_004362,control,1,1
profile_004363,control,1,1
profile_004364,control,1,1
profile_004365,control,1,1
profile_004366,control,0,1
profile_004367,control,0,0
profile_004368,control,0,0
profile_004369,control,0,1
profile_004370,treatment,1,1
profile_004371,treatment,1,1
profile_004372,treatment,1,1
profile_004373,control,0,0
profile_004374,treatment,1,1
profile_004375,treatment,0,0
profile_004376,control,1,1
profile_004377,treatment,0,0
profile_004378,control,1,1
profile_004379,treatment,0,1
profile_004380,control,1,1
profile_004381,control,1,1
profile_004382,control,1,1
profile_004383,treatment,0,0
profile_004384,treatment,1,1
profile_004385,treatment,1,1
profile_004386,treatment,1,1
profile_004387,treatment,1,1
profile_004388,control,1,1
profile_004389,treatment,1,1
profile_004390,control,0,1
profile_004391,treatment,1,1
profile_004392,treatment,1,1
profile_004393,treatment,1,1
profile_004394,treatment,1,1
profile_004395,treatment,0,1
profile_004396,treatment,1,1
profile_004397,treatment,1,1
profile_004398,treatment,0,1
profile_004399,control,1,1
profile_004400,control,1,1
profile_004401,control,1,1
profile_004402,control,1,1
profile_004403,control,0,0
profile_004404,treatment,0,1
profile_004405,control,0,1
profile_004406,control,1,1
profile_004407,control,1,1
profile_004408,treatment,0,1
profile_004409,control,1,1
profile_004410,treatment,1,1
profile_004411,treatment,1,1
profile_004412,treatment,0,0
profile_004413,control,0,0
profile_004414,treatment,1,1
profile_004415,treatment,0,0
profile_004416,treatment,0,0
profile_004417,control,1,1
profile_004418,control,1,1
profile_004419,control,0,1
profile_004420,treatment,1,1
profile_004421,treatment,1,1
profile_004422,treatment,0,0
profile_004423,control,1,1
profile_004424,treatment,1,1
profile_004425,treatment,0,0
profile_004426,control,0,1
profile_004427,control,1,1
profile_004428,control,1,1
profile_004429,treatment,1,1
profile_004430,control,0,0
profile_004431,control,0,0
profile_004432,control,0,0
profile_004433,control,1,1
profile_004434,control,1,1
profile_004435,control,1,1
profile_004436,control,1,1
profile_004437,control,0,1
profile_004438,control,1,1
profile_004439,treatment,1,1
profile_004440,treatment,1,1
profile_004441,control,0,0
profile_004442,treatment,1,1
profile_004443,control,0,0
profile_004444,control,0,1
profile_004445,control,1,1
profile_004446,treatment,1,1
profile_004447,control,0,1
profile_004448,control,0,1
profile_004449,treatment,1,1
profile_004450,control,1,1
profile_004451,treatment,1,1
profile_004452,treatment,1,1
profile_004453,control,1,1
profile_004454,treatment,1,1
profile_004455,treatment,0,0
profile_004456,control,0,0
profile_004457,treatment,0,0
profile_004458,treatment,0,1
profile_004459,treatment,0,0
profile_004460,control,1,1
profile_004461,control,1,1
profile_004462,control,0,0
profile_004463,treatment,1,1
profile_004464,control,1,1
profile_004465,treatment,1,1
profile_004466,control,1,1
profile_004467,treatment,1,1
profile_004468,control,0,0
profile_004469,control,0,0
profile_004470,control,0,0
profile_004471,treatment,1,1
profile_004472,control,1,1
profile_004473,control,1,1
profile_004474,control,0,0
profile_004475,treatment,0,1
profile_004476,treatment,0,1
profile_004477,control,1,1
profile_004478,treatment,0,0
profile_004479,treatment,0,0
profile_004480,treatment,1,1
profile_004481,treatment,0,1
profile_004482,treatment,1,1
profile_004483,treatment,0,0
profile_004484,treatment,0,0
profile_004485,control,1,1
profile_004486,control,1,1
profile_004487,treatment,0,0
profile_004488,treatment,0,0
profile_004489,treatment,0,0
profile_004490,control,1,1
profile_004491,treatment,0,0
profile_004492,treatment,0,1
profile_004493,control,1,1
profile_004494,control,0,1
profile_004495,treatment,0,1
profile_004496,treatment,1,1
profile_004497,treatment,0,0
profile_004498,control,1,1
profile_004499,control,1,1
profile_004500,treatment,0,0
profile_004501,control,1,1
profile_004502,treatment,1,1
profile_004503,control,0,1
profile_004504,control,1,1
profile_004505,control,1,1
profile_004506,control,0,0
profile_004507,control,1,1
profile_004508,control,1,1
profile_004509,control,1,1
profile_004510,treatment,1,1
profile_004511,treatment,0,0
profile_004512,treatment,0,0
profile_004513,control,1,1
profile_004514,treatment,1,1
profile_004515,treatment,1,1
profile_004516,treatment,1,1
profile_004517,control,1,1
profile_004518,control,1,1
profile_004519,treatment,1,1
profile_004520,treatment,0,0
profile_004521,treatment,1,1
profile_004522,control,1,1
profile_004523,treatment,1,1
profile_004524,control,0,0
profile_004525,control,1,1
profile_004526,control,1,1
profile_004527,treatment,1,1
profile_004528,control,0,1
profile_004529,treatment,0,1
profile_004530,control,1,1
profile_004531,treatment,1,1
profile_004532,control,1,1
profile_004533,treatment,1,1
profile_004534,treatment,1,1
profile_004535,treatment,0,1
profile_004536,control,1,1
profile_004537,treatment,1,1
profile_004538,treatment,1,1
profile_004539,control,1,1
profile_004540,control,0,0
profile_004541,control,1,1
profile_004542,treatment,0,0
profile_004543,control,0,1
profile_004544,treatment,0,0
profile_004545,control,1,1
profile_004546,control,1,1
profile_004547,treatment,1,1
profile_004548,treatment,1,1
profile_004549,control,1,1
profile_004550,treatment,1,1
profile_004551,control,1,1
profile_004552,treatment,1,1
profile_004553,treatment,0,0
profile_004554,control,1,1
profile_004555,treatment,1,1
profile_004556,treatment,1,1
profile_004557,control,0,0
profile_004558,control,0,1
profile_004559,control,1,1
profile_004560,control,1,1
profile_004561,control,0,1
profile_004562,control,0,0
profile_004563,control,0,0
profile_004564,treatment,0,0
profile_004565,treatment,1,1
profile_004566,control,1,1
profile_004567,treatment,1,1
profile_004568,treatment,1,1
profile_004569,control,0,1
profile_004570,treatment,1,1
profile_004571,treatment,1,1
profile_004572,control,0,1
profile_004573,control,0,0
profile_004574,control,1,1
profile_004575,control,1,1
profile_004576,treatment,1,1
profile_004577,control,0,1
profile_004578,control,0,1
profile_004579,control,1,1
profile_004580,treatment,1,1
profile_004581,control,1,1
profile_004582,control,0,1
profile_004583,control,0,1
profile_004584,control,0,0
profile_004585,control,1,1
profile_004586,control,1,1
profile_004587,treatment,1,1
profile_004588,treatment,1,1
profile_004589,treatment,1,1
profile_004590,treatment,0,0
profile_004591,control,1,1
profile_004592,treatment,0,0
profile_004593,control,1,1
profile_004594,treatment,0,0
profile_004595,control,0,1
profile_004596,treatment,1,1
profile_004597,control,0,1
profile_004598,treatment,0,1
profile_004599,control,1,1
profile_004600,control,0,0
profile_004601,treatment,0,0
profile_004602,treatment,1,1
profile_004603,treatment,1,1
profile_004604,control,0,0
profile_004605,treatment,0,0
profile_004606,control,0,1
profile_004607,control,1,1
profile_004608,treatment,0,0
profile_004609,treatment,1,1
profile_004610,control,0,1
profile_004611,treatment,0,1
profile_004612,treatment,1,1
profile_004613,control,1,1
profile_004614,treatment,1,1
profile_004615,control,0,1
profile_004616,control,0,0
profile_004617,treatment,1,1
profile_004618,treatment,1,1
profile_004619,control,1,1
profile_004620,treatment,1,1
profile_004621,treatment,0,1
profile_004622,control,1,1
profile_004623,control,0,1
profile_004624,treatment,1,1
profile_004625,control,1,1
profile_004626,treatment,1,1
profile_004627,treatment,1,1
profile_004628,treatment,1,1
profile_004629,control,1,1
profile_004630,control,1,1
profile_004631,control,0,0
profile_004632,treatment,1,1
profile_004633,treatment,0,0
profile_004634,treatment,1,1
profile_004635,treatment,1,1
profile_004636,control,0,1
profile_004637,treatment,1,1
profile_004638,control,1,1
profile_004639,control,0,1
profile_004640,treatment,1,1
profile_004641,control,1,1
profile_004642,treatment,0,1
profile_004643,control,1,1
profile_004644,control,0,0
profile_004645,treatment,0,1
profile_004646,control,1,1
profile_004647,control,0,1
profile_004648,control,1,1
profile_004649,treatment,0,0
profile_004650,control,0,1
profile_004651,treatment,1,1
profile_004652,control,1,1
profile_004653,control,0,0
profile_004654,control,0,0
profile_004655,treatment,1,1
profile_004656,treatment,0,0
profile_004657,treatment,1,1
profile_004658,treatment,1,1
profile_004659,control,1,1
profile_004660,treatment,1,1
profile_004661,treatment,0,1
profile_004662,control,0,1
profile_004663,control,0,1
profile_004664,control,1,1
profile_004665,control,1,1
profile_004666,treatment,1,1
profile_004667,control,1,1
profile_004668,control,0,0
profile_004669,control,1,1
profile_004670,treatment,0,1
profile_004671,treatment,1,1
profile_004672,control,1,1
profile_004673,treatment,0,0
profile_004674,control,1,1
profile_004675,treatment,1,1
profile_004676,control,0,1
profile_004677,control,1,1
profile_004678,control,1,1
profile_004679,control,1,1
profile_004680,treatment,1,1
profile_004681,treatment,1,1
profile_004682,control,0,1
profile_004683,treatment,0,1
profile_004684,treatment,0,1
profile_004685,control,1,1
profile_004686,treatment,1,1
profile_004687,control,0,1
profile_004688,treatment,1,1
profile_004689,treatment,1,1
profile_004690,control,0,0
profile_004691,treatment,1,1
profile_004692,treatment,1,1
profile_004693,treatment,1,1
profile_004694,control,0,1
profile_004695,control,0,0
profile_004696,treatment,1,1
profile_004697,treatment,0,1
profile_004698,control,1,1
profile_004699,control,0,1
profile_004700,control,1,1
profile_004701,control,0,0
profile_004702,treatment,0,1
profile_004703,control,1,1
profile_004704,control,1,1
profile_004705,control,1,1
profile_004706,treatment,1,1
profile_004707,control,1,1
profile_004708,control,1,1
profile_004709,treatment,1,1
profile_004710,treatment,1,1
profile_004711,control,0,1
profile_004712,control,1,1
profile_004713,control,1,1
profile_004714,treatment,1,1
profile_004715,control,1,1
profile_004716,treatment,1,1
profile_004717,control,1,1
profile_004718,control,1,1
profile_004719,control,0,0
profile_004720,treatment,0,1
profile_004721,treatment,1,1
profile_004722,control,1,1
profile_004723,control,0,1
profile_004724,control,0,1
profile_004725,treatment,0,0
profile_004726,control,1,1
profile_004727,treatment,0,1
profile_004728,control,0,1
profile_004729,treatment,1,1
profile_004730,control,0,0
profile_004731,control,1,1
profile_004732,control,0,0
profile_004733,treatment,0,1
profile_004734,treatment,0,0
profile_004735,control,0,0
profile_004736,treatment,0,0
profile_004737,control,1,1
profile_004738,treatment,1,1
profile_004739,treatment,1,1
profile_004740,treatment,0,1
profile_004741,treatment,0,0
profile_004742,control,0,1
profile_004743,control,1,1
profile_004744,control,1,1
profile_004745,control,1,1
profile_004746,control,1,1
profile_004747,control,0,0
profile_004748,treatment,1,1
profile_004749,treatment,1,1
profile_004750,control,0,0
profile_004751,treatment,1,1
profile_004752,control,1,1
profile_004753,control,1,1
profile_004754,treatment,0,0
profile_004755,control,1,1
profile_004756,control,1,1
profile_004757,treatment,1,1
profile_004758,treatment,1,1
profile_004759,treatment,0,0
profile_004760,control,1,1
profile_004761,control,0,0
profile_004762,treatment,0,0
profile_004763,control,1,1
profile_004764,control,0,1
profile_004765,treatment,1,1
profile_004766,control,1,1
profile_004767,control,1,1
profile_004768,control,1,1
profile_004769,control,1,1
profile_004770,control,1,1
profile_004771,control,0,0
profile_004772,control,1,1
profile_004773,control,1,1
profile_004774,control,0,0
profile_004775,treatment,1,1
profile_004776,treatment,1,1
profile_004777,treatment,0,0
profile_004778,treatment,0,1
profile_004779,control,1,1
profile_004780,control,0,1
profile_004781,treatment,1,1
profile_004782,control,1,1
profile_004783,treatment,1,1
profile_004784,treatment,1,1
profile_004785,treatment,1,1
profile_004786,control,0,1
profile_004787,treatment,0,0
profile_004788,control,0,1
profile_004789,control,0,0
profile_004790,control,1,1
profile_004791,control,0,1
profile_004792,treatment,1,1
profile_004793,treatment,0,0
profile_004794,treatment,0,0
profile_004795,control,1,1
profile_004796,treatment,1,1
profile_004797,treatment,0,1
profile_004798,control,0,0
profile_004799,control,1,1
profile_004800,treatment,1,1
profile_004801,treatment,1,1
profile_004802,control,1,1
profile_004803,treatment,0,0
profile_004804,treatment,1,1
profile_004805,treatment,1,1
profile_004806,treatment,0,0
profile_004807,control,0,0
profile_004808,control,1,1
profile_004809,treatment,1,1
profile_004810,treatment,0,0
profile_004811,treatment,0,0
profile_004812,treatment,1,1
profile_004813,treatment,0,0
profile_004814,control,1,1
profile_004815,treatment,1,1
profile_004816,treatment,1,1
profile_004817,control,0,1
profile_004818,control,0,0
profile_004819,control,1,1
profile_004820,control,1,1
profile_004821,control,1,1
profile_004822,control,1,1
profile_004823,treatment,1,1
profile_004824,treatment,1,1
profile_004825,treatment,1,1
profile_004826,control,0,0
profile_004827,treatment,1,1
profile_004828,treatment,0,0
profile_004829,control,0,1
profile_004830,control,0,1
profile_004831,treatment,1,1
profile_004832,control,0,1
profile_004833,treatment,1,1
profile_004834,treatment,0,1
profile_004835,control,1,1
profile_004836,treatment,1,1
profile_004837,control,0,1
profile_004838,treatment,1,1
profile_004839,treatment,1,1
profile_004840,control,1,1
profile_004841,treatment,0,1
profile_004842,control,1,1
profile_004843,treatment,1,1
profile_004844,treatment,1,1
profile_004845,treatment,1,1
profile_004846,treatment,1,1
profile_004847,treatment,0,1
profile_004848,treatment,1,1
profile_004849,control,0,1
profile_004850,control,1,1
profile_004851,control,1,1
profile_004852,treatment,1,1
profile_004853,control,0,1
profile_004854,treatment,1,1
profile_004855,control,1,1
profile_004856,treatment,1,1
profile_004857,control,0,0
profile_004858,control,1,1
profile_004859,treatment,1,1
profile_004860,treatment,1,1
profile_004861,treatment,1,1
profile_004862,control,1,1
profile_004863,control,1,1
profile_004864,treatment,0,0
profile_004865,control,0,1
profile_004866,treatment,1,1
profile_004867,control,0,0
profile_004868,treatment,0,0
profile_004869,treatment,1,1
profile_004870,treatment,0,0
profile_004871,treatment,0,0
profile_004872,control,1,1
profile_004873,treatment,0,0
profile_004874,control,0,1
profile_004875,control,1,1
profile_004876,control,1,1
profile_004877,treatment,1,1
profile_004878,treatment,1,1
profile_004879,treatment,0,0
profile_004880,treatment,1,1
profile_004881,treatment,1,1
profile_004882,control,0,0
profile_004883,treatment,0,1
profile_004884,control,1,1
profile_004885,treatment,0,0
profile_004886,control,0,1
profile_004887,treatment,1,1
profile_004888,control,1,1
profile_004889,treatment,1,1
profile_004890,treatment,1,1
profile_004891,treatment,1,1
profile_004892,treatment,0,1
profile_004893,treatment,1,1
profile_004894,treatment,1,1
profile_004895,treatment,0,0
profile_004896,treatment,1,1
profile_004897,control,1,1
profile_004898,control,0,0
profile_004899,control,1,1
profile_004900,control,1,1
profile_004901,control,0,0
profile_004902,treatment,1,1
profile_004903,treatment,0,0
profile_004904,treatment,0,1
profile_004905,treatment,1,1
profile_004906,control,1,1
profile_004907,control,1,1
profile_004908,control,1,1
profile_004909,control,1,1
profile_004910,treatment,1,1
profile_004911,control,1,1
profile_004912,control,1,1
profile_004913,treatment,1,1
profile_004914,control,1,1
profile_004915,treatment,0,0
profile_004916,treatment,1,1
profile_004917,treatment,0,0
profile_004918,treatment,0,1
profile_004919,control,1,1
profile_004920,control,1,1
profile_004921,control,1,1
profile_004922,treatment,0,0
profile_004923,control,0,0
profile_004924,treatment,1,1
profile_004925,treatment,1,1
profile_004926,treatment,0,0
profile_004927,control,1,1
profile_004928,treatment,1,1
profile_004929,control,0,0
profile_004930,treatment,1,1
profile_004931,treatment,0,1
profile_004932,treatment,1,1
profile_004933,control,1,1
profile_004934,treatment,1,1
profile_004935,treatment,1,1
profile_004936,control,1,1
profile_004937,control,1,1
profile_004938,control,1,1
profile_004939,treatment,1,1
profile_004940,treatment,1,1
profile_004941,control,1,1
profile_004942,control,1,1
profile_004943,control,1,1
profile_004944,control,1,1
profile_004945,control,1,1
profile_004946,control,1,1
profile_004947,treatment,1,1
profile_004948,treatment,0,1
profile_004949,control,1,1
profile_004950,treatment,1,1
profile_004951,control,0,0
profile_004952,control,0,1
profile_004953,treatment,1,1
profile_004954,treatment,1,1
profile_004955,control,1,1
profile_004956,treatment,1,1
profile_004957,treatment,1,1
profile_004958,treatment,1,1
profile_004959,treatment,1,1
profile_004960,treatment,0,0
profile_004961,treatment,1,1
profile_004962,control,1,1
profile_004963,treatment,1,1
profile_004964,control,0,1
profile_004965,treatment,1,1
profile_004966,treatment,0,0
profile_004967,control,1,1
profile_004968,treatment,1,1
profile_004969,treatment,0,0
profile_004970,treatment,0,0
profile_004971,control,1,1
profile_004972,treatment,1,1
profile_004973,treatment,0,0
profile_004974,control,0,0
profile_004975,treatment,1,1
profile_004976,control,1,1
profile_004977,treatment,1,1
profile_004978,treatment,1,1
profile_004979,control,0,1
profile_004980,control,1,1
profile_004981,treatment,1,1
profile_004982,control,1,1
profile_004983,control,1,1
profile_004984,control,0,1
profile_004985,control,0,0
profile_004986,treatment,0,0
profile_004987,control,1,1
profile_004988,treatment,0,1
profile_004989,control,0,1
profile_004990,control,1,1
profile_004991,treatment,0,0
profile_004992,control,1,1
profile_004993,treatment,1,1
profile_004994,control,0,0
profile_004995,treatment,1,1
profile_004996,treatment,0,1
profile_004997,treatment,0,0
profile_004998,treatment,1,1
profile_004999,treatment,1,1
profile_005000,control,0,0
profile_005001,treatment,1,1
profile_005002,control,1,1
profile_005003,control,1,1
profile_005004,control,1,1
profile_005005,control,1,1
profile_005006,control,0,0
profile_005007,treatment,1,1
profile_005008,treatment,1,1
profile_005009,treatment,1,1
profile_005010,treatment,1,1
profile_005011,treatment,0,0
profile_005012,control,0,0
profile_005013,treatment,0,0
profile_005014,control,1,1
profile_005015,treatment,1,1
profile_005016,treatment,1,1
profile_005017,control,1,1
profile_005018,control,1,1
profile_005019,treatment,1,1
profile_005020,control,0,1
profile_005021,control,0,1
profile_005022,treatment,1,1
profile_005023,control,0,0
profile_005024,control,1,1
profile_005025,treatment,0,1
profile_005026,treatment,1,1
profile_005027,control,0,1
profile_005028,control,1,1
profile_005029,treatment,1,1
profile_005030,treatment,1,1
profile_005031,treatment,1,1
profile_005032,control,1,1
profile_005033,treatment,1,1
profile_005034,control,1,1
profile_005035,control,1,1
profile_005036,control,0,0
profile_005037,control,0,0
profile_005038,control,1,1
profile_005039,control,1,1
profile_005040,control,0,0
profile_005041,control,0,0
profile_005042,treatment,0,0
profile_005043,control,0,1
profile_005044,treatment,0,0
profile_005045,control,1,1
profile_005046,control,1,1
profile_005047,control,1,1
profile_005048,treatment,1,1
profile_005049,control,0,0
profile_005050,treatment,1,1
profile_005051,treatment,0,0
profile_005052,treatment,1,1
profile_005053,treatment,1,1
profile_005054,control,1,1
profile_005055,control,1,1
profile_005056,control,0,1
profile_005057,treatment,0,0
profile_005058,control,1,1
profile_005059,control,1,1
profile_005060,treatment,1,1
profile_005061,control,1,1
profile_005062,treatment,1,1
profile_005063,control,0,1
profile_005064,treatment,1,1
profile_005065,treatment,0,1
profile_005066,treatment,1,1
profile_005067,treatment,0,1
profile_005068,control,1,1
profile_005069,control,0,1
profile_005070,control,1,1
profile_005071,control,1,1
profile_005072,control,0,1
profile_005073,control,1,1
profile_005074,control,0,0
profile_005075,control,0,1
profile_005076,treatment,0,0
profile_005077,control,0,1
profile_005078,treatment,1,1
profile_005079,control,1,1
profile_005080,treatment,1,1
profile_005081,control,1,1
profile_005082,control,0,0
profile_005083,treatment,0,1
profile_005084,control,1,1
profile_005085,control,1,1
profile_005086,treatment,0,0
profile_005087,control,0,1
profile_005088,control,1,1
profile_005089,treatment,1,1
profile_005090,treatment,0,0
profile_005091,control,0,1
profile_005092,control,1,1
profile_005093,treatment,1,1
profile_005094,control,1,1
profile_005095,treatment,0,0
profile_005096,control,0,0
profile_005097,treatment,1,1
profile_005098,treatment,0,0
profile_005099,control,1,1
profile_005100,treatment,1,1
profile_005101,treatment,1,1
profile_005102,control,1,1
profile_005103,treatment,0,0
profile_005104,treatment,0,0
profile_005105,control,1,1
profile_005106,treatment,1,1
profile_005107,treatment,1,1
profile_005108,control,0,1
profile_005109,control,0,1
profile_005110,control,1,1
profile_005111,treatment,0,0
profile_005112,treatment,1,1
profile_005113,control,1,1
profile_005114,control,1,1
profile_005115,control,1,1
profile_005116,treatment,1,1
profile_005117,control,1,1
profile_005118,control,0,1
profile_005119,control,1,1
profile_005120,treatment,1,1
profile_005121,control,1,1
profile_005122,treatment,0,0
profile_005123,control,1,1
profile_005124,treatment,1,1
profile_005125,treatment,0,1
profile_005126,control,1,1
profile_005127,treatment,1,1
profile_005128,treatment,1,1
profile_005129,treatment,0,0
profile_005130,treatment,0,0
profile_005131,control,1,1
profile_005132,treatment,0,0
profile_005133,control,0,0
profile_005134,treatment,1,1
profile_005135,treatment,1,1
profile_005136,treatment,1,1
profile_005137,control,1,1
profile_005138,control,1,1
profile_005139,treatment,1,1
profile_005140,treatment,1,1
profile_005141,control,1,1
profile_005142,treatment,1,1
profile_005143,control,1,1
profile_005144,control,0,1
profile_005145,treatment,0,1
profile_005146,treatment,1,1
profile_005147,treatment,0,0
profile_005148,treatment,0,0
profile_005149,treatment,0,0
profile_005150,control,1,1
profile_005151,treatment,0,0
profile_005152,control,1,1
profile_005153,treatment,1,1
profile_005154,control,1,1
profile_005155,treatment,0,1
profile_005156,control,1,1
profile_005157,control,1,1
profile_005158,control,0,0
profile_005159,treatment,1,1
profile_005160,control,1,1
profile_005161,treatment,0,0
profile_005162,treatment,1,1
profile_005163,treatment,1,1
profile_005164,treatment,1,1
profile_005165,treatment,1,1
profile_005166,control,1,1
profile_005167,control,0,1
profile_005168,control,0,1
profile_005169,control,0,0
profile_005170,control,1,1
profile_005171,treatment,0,1
profile_005172,control,1,1
profile_005173,control,0,0
profile_005174,treatment,0,0
profile_005175,treatment,1,1
profile_005176,control,0,1
profile_005177,control,1,1
profile_005178,control,0,1
profile_005179,treatment,1,1
profile_005180,control,0,1
profile_005181,treatment,1,1
profile_005182,control,0,1
profile_005183,control,0,1
profile_005184,control,0,0
profile_005185,treatment,1,1
profile_005186,treatment,1,1
profile_005187,treatment,0,0
profile_005188,treatment,1,1
profile_005189,control,1,1
profile_005190,treatment,1,1
profile_005191,treatment,1,1
profile_005192,treatment,0,0
profile_005193,control,1,1
profile_005194,treatment,0,0
profile_005195,control,1,1
profile_005196,control,1,1
profile_005197,control,1,1
profile_005198,control,0,0
profile_005199,treatment,0,0
profile_005200,treatment,1,1
profile_005201,control,1,1
profile_005202,control,1,1
profile_005203,treatment,0,0
profile_005204,control,0,1
profile_005205,treatment,1,1
profile_005206,treatment,1,1
profile_005207,control,1,1
profile_005208,treatment,0,1
profile_005209,treatment,1,1
profile_005210,control,1,1
profile_005211,control,1,1
profile_005212,control,1,1
profile_005213,treatment,0,0
profile_005214,control,0,1
profile_005215,control,1,1
profile_005216,treatment,1,1
profile_005217,treatment,1,1
profile_005218,control,1,1
profile_005219,treatment,0,1
profile_005220,control,1,1
profile_005221,control,1,1
profile_005222,control,0,0
profile_005223,treatment,0,0
profile_005224,treatment,1,1
profile_005225,control,0,0
profile_005226,control,1,1
profile_005227,treatment,1,1
profile_005228,treatment,0,0
profile_005229,control,1,1
profile_005230,treatment,1,1
profile_005231,control,1,1
profile_005232,treatment,0,0
profile_005233,control,0,1
profile_005234,control,1,1
profile_005235,control,0,1
profile_005236,treatment,1,1
profile_005237,treatment,1,1
profile_005238,treatment,1,1
profile_005239,control,0,0
profile_005240,treatment,0,0
profile_005241,control,1,1
profile_005242,treatment,0,0
profile_005243,control,1,1
profile_005244,control,1,1
profile_005245,treatment,1,1
profile_005246,control,1,1
profile_005247,control,1,1
profile_005248,treatment,1,1
profile_005249,treatment,1,1
profile_005250,control,1,1
profile_005251,treatment,1,1
profile_005252,treatment,0,0
profile_005253,control,1,1
profile_005254,control,1,1
profile_005255,control,0,1
profile_005256,treatment,1,1
profile_005257,treatment,0,0
profile_005258,control,1,1
profile_005259,treatment,1,1
profile_005260,treatment,0,0
profile_005261,control,0,0
profile_005262,control,0,0
profile_005263,treatment,0,1
profile_005264,treatment,0,1
profile_005265,treatment,0,0
profile_005266,control,1,1
profile_005267,control,0,0
profile_005268,treatment,1,1
profile_005269,treatment,1,1
profile_005270,treatment,1,1
profile_005271,treatment,1,1
profile_005272,control,0,1
profile_005273,treatment,1,1
profile_005274,control,0,1
profile_005275,control,1,1
profile_005276,control,1,1
profile_005277,control,0,1
profile_005278,treatment,1,1
profile_005279,control,1,1
profile_005280,treatment,0,1
profile_005281,control,0,0
profile_005282,control,0,0
profile_005283,treatment,1,1
profile_005284,control,1,1
profile_005285,treatment,0,1
profile_005286,control,1,1
profile_005287,treatment,1,1
profile_005288,treatment,1,1
profile_005289,treatment,1,1
profile_005290,treatment,0,0
profile_005291,control,0,1
profile_005292,control,1,1
profile_005293,control,1,1
profile_005294,control,0,1
profile_005295,treatment,1,1
profile_005296,treatment,1,1
profile_005297,control,1,1
profile_005298,treatment,1,1
profile_005299,control,0,0
profile_005300,control,0,1
profile_005301,treatment,1,1
profile_005302,control,0,1
profile_005303,control,1,1
profile_005304,treatment,1,1
profile_005305,control,1,1
profile_005306,treatment,1,1
profile_005307,treatment,1,1
profile_005308,treatment,1,1
profile_005309,treatment,1,1
profile_005310,treatment,0,1
profile_005311,treatment,1,1
profile_005312,treatment,1,1
profile_005313,treatment,1,1
profile_005314,control,1,1
profile_005315,control,0,0
profile_005316,treatment,1,1
profile_005317,treatment,0,0
profile_005318,control,0,0
profile_005319,treatment,1,1
profile_005320,control,1,1
profile_005321,control,1,1
profile_005322,treatment,1,1
profile_005323,treatment,0,1
profile_005324,treatment,0,0
profile_005325,treatment,1,1
profile_005326,treatment,1,1
profile_005327,treatment,1,1
profile_005328,treatment,1,1
profile_005329,treatment,1,1
profile_005330,treatment,1,1
profile_005331,control,0,1
profile_005332,control,0,0
profile_005333,treatment,0,1
profile_005334,treatment,1,1
profile_005335,control,1,1
profile_005336,control,1,1
profile_005337,treatment,0,1
profile_005338,treatment,1,1
profile_005339,control,1,1
profile_005340,treatment,1,1
profile_005341,treatment,0,0
profile_005342,control,0,1
profile_005343,control,1,1
profile_005344,control,1,1
profile_005345,control,1,1
profile_005346,control,0,1
profile_005347,control,0,1
profile_005348,control,1,1
profile_005349,control,1,1
profile_005350,control,1,1
profile_005351,treatment,1,1
profile_005352,treatment,0,0
profile_005353,treatment,1,1
profile_005354,treatment,0,0
profile_005355,control,1,1
profile_005356,treatment,1,1
profile_005357,control,0,0
profile_005358,control,1,1
profile_005359,treatment,1,1
profile_005360,control,1,1
profile_005361,control,0,0
profile_005362,treatment,0,0
profile_005363,treatment,1,1
profile_005364,control,0,0
profile_005365,control,0,1
profile_005366,treatment,1,1
profile_005367,control,1,1
profile_005368,control,0,1
profile_005369,control,0,0
profile_005370,treatment,1,1
profile_005371,control,0,1
profile_005372,treatment,0,0
profile_005373,treatment,1,1
profile_005374,treatment,1,1
profile_005375,treatment,0,0
profile_005376,control,0,1
profile_005377,treatment,0,1
profile_005378,control,0,1
profile_005379,control,1,1
profile_005380,control,0,0
profile_005381,control,1,1
profile_005382,treatment,1,1
profile_005383,treatment,1,1
profile_005384,treatment,0,1
profile_005385,treatment,0,0
profile_005386,treatment,1,1
profile_005387,control,1,1
profile_005388,control,1,1
profile_005389,treatment,0,1
profile_005390,control,0,1
profile_005391,control,0,0
profile_005392,treatment,1,1
profile_005393,treatment,1,1
profile_005394,treatment,0,0
profile_005395,control,0,1
profile_005396,treatment,0,1
profile_005397,treatment,1,1
profile_005398,control,0,0
profile_005399,control,1,1
profile_005400,control,0,1
profile_005401,control,0,0
profile_005402,control,1,1
profile_005403,treatment,0,1
profile_005404,treatment,0,0
profile_005405,control,1,1
profile_005406,treatment,1,1
profile_005407,treatment,1,1
profile_005408,control,1,1
profile_005409,control,0,0
profile_005410,treatment,0,0
profile_005411,control,1,1
profile_005412,treatment,1,1
profile_005413,control,1,1
profile_005414,control,0,1
profile_005415,control,1,1
profile_005416,control,0,0
profile_005417,treatment,1,1
profile_005418,treatment,1,1
profile_005419,treatment,1,1
profile_005420,treatment,0,0
profile_005421,control,1,1
profile_005422,treatment,1,1
profile_005423,control,1,1
profile_005424,control,1,1
profile_005425,control,1,1
profile_005426,control,1,1
profile_005427,control,0,0
profile_005428,treatment,0,0
profile_005429,treatment,0,0
profile_005430,control,1,1
profile_005431,control,0,1
profile_005432,treatment,1,1
profile_005433,treatment,0,0
profile_005434,control,0,0
profile_005435,treatment,1,1
profile_005436,treatment,1,1
profile_005437,treatment,1,1
profile_005438,control,1,1
profile_005439,control,1,1
profile_005440,treatment,0,0
profile_005441,treatment,0,0
profile_005442,treatment,1,1
profile_005443,treatment,0,0
profile_005444,treatment,1,1
profile_005445,treatment,1,1
profile_005446,treatment,1,1
profile_005447,control,1,1
profile_005448,control,1,1
profile_005449,control,0,0
profile_005450,control,0,0
profile_005451,treatment,1,1
profile_005452,control,1,1
profile_005453,treatment,1,1
profile_005454,treatment,1,1
profile_005455,treatment,1,1
profile_005456,treatment,1,1
profile_005457,treatment,1,1
profile_005458,treatment,0,1
profile_005459,treatment,1,1
profile_005460,control,1,1
profile_005461,treatment,1,1
profile_005462,control,1,1
profile_005463,control,0,1
profile_005464,control,0,1
profile_005465,control,1,1
profile_005466,control,0,1
profile_005467,control,1,1
profile_005468,treatment,0,0
profile_005469,treatment,1,1
profile_005470,control,1,1
profile_005471,treatment,1,1
profile_005472,control,1,1
profile_005473,control,1,1
profile_005474,control,1,1
profile_005475,treatment,1,1
profile_005476,control,1,1
profile_005477,treatment,1,1
profile_005478,control,1,1
profile_005479,control,1,1
profile_005480,treatment,1,1
profile_005481,treatment,1,1
profile_005482,treatment,0,0
profile_005483,treatment,1,1
profile_005484,control,0,0
profile_005485,control,1,1
profile_005486,treatment,1,1
profile_005487,treatment,1,1
profile_005488,treatment,1,1
profile_005489,control,1,1
profile_005490,treatment,1,1
profile_005491,control,1,1
profile_005492,treatment,1,1
profile_005493,control,1,1
profile_005494,control,0,0
profile_005495,treatment,0,0
profile_005496,control,0,1
profile_005497,control,0,0
profile_005498,treatment,0,0
profile_005499,treatment,1,1
profile_005500,control,0,1
profile_005501,control,0,1
profile_005502,treatment,1,1
profile_005503,treatment,1,1
profile_005504,treatment,0,0
profile_005505,treatment,1,1
profile_005506,treatment,0,0
profile_005507,control,1,1
profile_005508,control,0,0
profile_005509,control,1,1
profile_005510,control,0,1
profile_005511,treatment,1,1
profile_005512,treatment,1,1
profile_005513,control,1,1
profile_005514,treatment,1,1
profile_005515,control,0,1
profile_005516,treatment,1,1
profile_005517,treatment,0,1
profile_005518,control,0,0
profile_005519,control,0,1
profile_005520,treatment,0,1
profile_005521,treatment,1,1
profile_005522,control,1,1
profile_005523,control,1,1
profile_005524,treatment,1,1
profile_005525,treatment,0,0
profile_005526,treatment,1,1
profile_005527,control,0,0
profile_005528,treatment,1,1
profile_005529,treatment,1,1
profile_005530,treatment,0,0
profile_005531,treatment,0,0
profile_005532,control,1,1
profile_005533,treatment,0,1
profile_005534,treatment,1,1
profile_005535,treatment,1,1
profile_005536,control,1,1
profile_005537,treatment,1,1
profile_005538,treatment,1,1
profile_005539,treatment,1,1
profile_005540,control,1,1
profile_005541,control,0,0
profile_005542,treatment,0,0
profile_005543,control,0,0
profile_005544,treatment,1,1
profile_005545,treatment,1,1
profile_005546,treatment,0,0
profile_005547,control,1,1
profile_005548,control,0,1
profile_005549,control,1,1
profile_005550,control,1,1
profile_005551,control,1,1
profile_005552,control,0,0
profile_005553,treatment,1,1
profile_005554,control,1,1
profile_005555,treatment,1,1
profile_005556,control,0,0
profile_005557,treatment,1,1
profile_005558,treatment,1,1
profile_005559,control,0,1
profile_005560,control,0,1
profile_005561,control,1,1
profile_005562,treatment,1,1
profile_005563,control,0,1
profile_005564,treatment,0,0
profile_005565,control,1,1
profile_005566,control,0,1
profile_005567,treatment,1,1
profile_005568,control,1,1
profile_005569,treatment,1,1
profile_005570,control,1,1
profile_005571,control,1,1
profile_005572,treatment,1,1
profile_005573,treatment,1,1
profile_005574,control,1,1
profile_005575,treatment,0,0
profile_005576,control,1,1
profile_005577,control,1,1
profile_005578,control,0,1
profile_005579,control,1,1
profile_005580,treatment,0,1
profile_005581,control,1,1
profile_005582,control,0,0
profile_005583,control,1,1
profile_005584,control,0,0
profile_005585,treatment,1,1
profile_005586,control,0,1
profile_005587,treatment,0,0
profile_005588,control,1,1
profile_005589,treatment,1,1
profile_005590,control,0,0
profile_005591,control,0,0
profile_005592,treatment,1,1
profile_005593,treatment,1,1
profile_005594,control,0,0
profile_005595,control,1,1
profile_005596,treatment,1,1
profile_005597,control,1,1
profile_005598,control,0,0
profile_005599,treatment,1,1
profile_005600,treatment,1,1
profile_005601,treatment,1,1
profile_005602,control,1,1
profile_005603,treatment,1,1
profile_005604,treatment,1,1
profile_005605,control,0,1
profile_005606,control,0,0
profile_005607,treatment,0,0
profile_005608,treatment,1,1
profile_005609,treatment,1,1
profile_005610,control,0,0
profile_005611,control,0,1
profile_005612,control,1,1
profile_005613,control,0,0
profile_005614,control,1,1
profile_005615,treatment,1,1
profile_005616,treatment,1,1
profile_005617,control,1,1
profile_005618,treatment,1,1
profile_005619,control,0,0
profile_005620,treatment,0,1
profile_005621,control,1,1
profile_005622,treatment,0,0
profile_005623,treatment,0,0
profile_005624,treatment,1,1
profile_005625,control,1,1
profile_005626,control,1,1
profile_005627,control,1,1
profile_005628,treatment,1,1
profile_005629,treatment,1,1
profile_005630,control,1,1
profile_005631,control,1,1
profile_005632,control,1,1
profile_005633,treatment,1,1
profile_005634,treatment,0,1
profile_005635,control,0,1
profile_005636,control,0,0
profile_005637,control,1,1
profile_005638,treatment,1,1
profile_005639,treatment,1,1
profile_005640,treatment,0,1
profile_005641,control,1,1
profile_005642,treatment,0,1
profile_005643,treatment,1,1
profile_005644,control,1,1
profile_005645,control,0,0
profile_005646,treatment,1,1
profile_005647,control,0,0
profile_005648,control,0,0
profile_005649,treatment,1,1
profile_005650,treatment,1,1
profile_005651,control,0,0
profile_005652,treatment,0,0
profile_005653,treatment,1,1
profile_005654,control,1,1
profile_005655,treatment,1,1
profile_005656,treatment,1,1
profile_005657,treatment,1,1
profile_005658,control,0,1
profile_005659,control,1,1
profile_005660,treatment,1,1
profile_005661,control,0,0
profile_005662,control,1,1
profile_005663,control,1,1
profile_005664,control,0,0
profile_005665,treatment,1,1
profile_005666,treatment,0,0
profile_005667,treatment,1,1
profile_005668,treatment,0,1
profile_005669,treatment,0,0
profile_005670,treatment,1,1
profile_005671,control,0,0
profile_005672,control,1,1
profile_005673,control,0,1
profile_005674,treatment,1,1
profile_005675,treatment,0,0
profile_005676,control,1,1
profile_005677,control,1,1
profile_005678,treatment,1,1
profile_005679,control,0,1
profile_005680,treatment,1,1
profile_005681,control,1,1
profile_005682,treatment,1,1
profile_005683,treatment,1,1
profile_005684,control,1,1
profile_005685,control,0,1
profile_005686,control,1,1
profile_005687,treatment,0,1
profile_005688,control,1,1
profile_005689,control,1,1
profile_005690,control,1,1
profile_005691,control,1,1
profile_005692,control,0,1
profile_005693,control,1,1
profile_005694,treatment,1,1
profile_005695,treatment,1,1
profile_005696,control,1,1
profile_005697,treatment,0,1
profile_005698,control,1,1
profile_005699,treatment,1,1
profile_005700,treatment,1,1
profile_005701,control,1,1
profile_005702,control,1,1
profile_005703,treatment,1,1
profile_005704,control,0,0
profile_005705,treatment,1,1
profile_005706,treatment,1,1
profile_005707,control,0,1
profile_005708,treatment,1,1
profile_005709,treatment,1,1
profile_005710,treatment,1,1
profile_005711,treatment,1,1
profile_005712,treatment,0,0
profile_005713,control,1,1
profile_005714,treatment,1,1
profile_005715,control,1,1
profile_005716,treatment,1,1
profile_005717,control,1,1
profile_005718,treatment,1,1
profile_005719,treatment,1,1
profile_005720,control,0,0
profile_005721,treatment,0,1
profile_005722,treatment,0,1
profile_005723,control,1,1
profile_005724,treatment,1,1
profile_005725,treatment,1,1
profile_005726,control,0,0
profile_005727,control,0,0
profile_005728,control,1,1
profile_005729,treatment,1,1
profile_005730,treatment,0,0
profile_005731,treatment,1,1
profile_005732,treatment,1,1
profile_005733,control,0,1
profile_005734,treatment,1,1
profile_005735,treatment,1,1
profile_005736,control,0,0
profile_005737,control,0,1
profile_005738,control,0,0
profile_005739,treatment,1,1
profile_005740,treatment,1,1
profile_005741,treatment,0,1
profile_005742,control,1,1
profile_005743,treatment,1,1
profile_005744,treatment,1,1
profile_005745,treatment,0,0
profile_005746,control,0,1
profile_005747,treatment,0,0
profile_005748,control,0,0
profile_005749,control,0,1
profile_005750,control,0,0
profile_005751,control,0,0
profile_005752,treatment,1,1
profile_005753,treatment,1,1
profile_005754,treatment,0,0
profile_005755,control,1,1
profile_005756,control,0,1
profile_005757,control,0,0
profile_005758,treatment,1,1
profile_005759,treatment,1,1
profile_005760,treatment,0,1
profile_005761,control,0,0
profile_005762,treatment,0,0
profile_005763,control,1,1
profile_005764,control,1,1
profile_005765,treatment,0,0
profile_005766,treatment,0,1
profile_005767,treatment,1,1
profile_005768,treatment,1,1
profile_005769,control,1,1
profile_005770,control,1,1
profile_005771,treatment,0,1
profile_005772,treatment,1,1
profile_005773,control,1,1
profile_005774,treatment,1,1
profile_005775,treatment,1,1
profile_005776,control,1,1
profile_005777,control,0,0
profile_005778,control,1,1
profile_005779,treatment,1,1
profile_005780,control,0,1
profile_005781,control,0,1
profile_005782,control,1,1
profile_005783,treatment,1,1
profile_005784,control,1,1
profile_005785,treatment,1,1
profile_005786,treatment,1,1
profile_005787,treatment,1,1
profile_005788,treatment,1,1
profile_005789,control,0,0
profile_005790,treatment,1,1
profile_005791,treatment,0,1
profile_005792,control,1,1
profile_005793,control,1,1
profile_005794,treatment,1,1
profile_005795,control,0,1
profile_005796,treatment,0,0
profile_005797,control,1,1
profile_005798,control,1,1
profile_005799,control,1,1
profile_005800,control,1,1
profile_005801,treatment,1,1
profile_005802,control,1,1
profile_005803,control,1,1
profile_005804,control,1,1
profile_005805,control,0,0
profile_005806,control,1,1
profile_005807,treatment,1,1
profile_005808,control,1,1
profile_005809,treatment,0,0
profile_005810,treatment,0,0
profile_005811,treatment,0,0
profile_005812,treatment,1,1
profile_005813,control,1,1
profile_005814,treatment,1,1
profile_005815,treatment,0,0
profile_005816,treatment,1,1
profile_005817,control,0,0
profile_005818,treatment,0,0
profile_005819,control,0,0
profile_005820,treatment,1,1
profile_005821,treatment,1,1
profile_005822,control,0,0
profile_005823,treatment,0,0
profile_005824,treatment,0,1
profile_005825,control,1,1
profile_005826,treatment,0,0
profile_005827,treatment,0,0
profile_005828,control,1,1
profile_005829,treatment,1,1
profile_005830,treatment,0,0
profile_005831,control,1,1
profile_005832,treatment,1,1
profile_005833,control,1,1
profile_005834,treatment,1,1
profile_005835,treatment,1,1
profile_005836,control,0,0
profile_005837,treatment,1,1
profile_005838,treatment,1,1
profile_005839,treatment,1,1
profile_005840,treatment,1,1
profile_005841,treatment,1,1
profile_005842,treatment,1,1
profile_005843,treatment,0,1
profile_005844,treatment,0,1
profile_005845,control,1,1
profile_005846,treatment,1,1
profile_005847,control,0,1
profile_005848,control,0,0
profile_005849,treatment,1,1
profile_005850,treatment,1,1
profile_005851,control,1,1
profile_005852,treatment,0,0
profile_005853,treatment,0,0
profile_005854,control,1,1
profile_005855,treatment,1,1
profile_005856,treatment,1,1
profile_005857,treatment,0,0
profile_005858,treatment,0,0
profile_005859,treatment,1,1
profile_005860,treatment,1,1
profile_005861,control,0,0
profile_005862,control,1,1
profile_005863,treatment,1,1
profile_005864,control,1,1
profile_005865,control,1,1
profile_005866,treatment,0,1
profile_005867,treatment,0,0
profile_005868,treatment,1,1
profile_005869,treatment,1,1
profile_005870,treatment,1,1
profile_005871,control,0,1
profile_005872,treatment,0,1
profile_005873,control,0,0
profile_005874,control,0,0
profile_005875,treatment,0,0
profile_005876,control,1,1
profile_005877,treatment,1,1
profile_005878,control,1,1
profile_005879,treatment,1,1
profile_005880,control,1,1
profile_005881,treatment,0,1
profile_005882,control,0,1
profile_005883,control,1,1
profile_005884,treatment,1,1
profile_005885,control,1,1
profile_005886,control,1,1
profile_005887,treatment,1,1
profile_005888,treatment,1,1
profile_005889,treatment,0,1
profile_005890,control,1,1
profile_005891,control,1,1
profile_005892,control,0,0
profile_005893,treatment,0,0
profile_005894,control,1,1
profile_005895,control,1,1
profile_005896,control,0,0
profile_005897,control,1,1
profile_005898,control,1,1
profile_005899,treatment,0,0
profile_005900,control,0,1
profile_005901,treatment,0,0
profile_005902,control,0,0
profile_005903,treatment,1,1
profile_005904,treatment,1,1
profile_005905,control,0,1
profile_005906,treatment,1,1
profile_005907,treatment,0,0
profile_005908,treatment,0,1
profile_005909,control,0,0
profile_005910,treatment,1,1
profile_005911,control,0,1
profile_005912,treatment,1,1
profile_005913,control,1,1
profile_005914,control,1,1
profile_005915,treatment,1,1
profile_005916,treatment,1,1
profile_005917,treatment,0,0
profile_005918,treatment,1,1
profile_005919,control,1,1
profile_005920,control,1,1
profile_005921,treatment,1,1
profile_005922,treatment,0,0
profile_005923,treatment,0,0
profile_005924,control,0,1
profile_005925,treatment,1,1
profile_005926,control,0,0
profile_005927,control,1,1
profile_005928,treatment,1,1
profile_005929,treatment,0,1
profile_005930,treatment,1,1
profile_005931,control,0,1
profile_005932,treatment,1,1
profile_005933,control,1,1
profile_005934,treatment,0,0
profile_005935,treatment,0,0
profile_005936,treatment,0,0
profile_005937,treatment,1,1
profile_005938,treatment,0,1
profile_005939,control,1,1
profile_005940,control,0,1
profile_005941,treatment,0,0
profile_005942,control,1,1
profile_005943,treatment,1,1
profile_005944,control,0,0
profile_005945,control,0,0
profile_005946,control,0,1
profile_005947,control,0,1
profile_005948,control,0,1
profile_005949,treatment,1,1
profile_005950,control,1,1
profile_005951,treatment,1,1
profile_005952,treatment,0,0
profile_005953,treatment,1,1
profile_005954,control,0,0
profile_005955,control,0,1
profile_005956,treatment,1,1
profile_005957,control,1,1
profile_005958,treatment,1,1
profile_005959,control,0,1
profile_005960,treatment,1,1
profile_005961,treatment,0,0
profile_005962,treatment,1,1
profile_005963,control,0,0
profile_005964,treatment,1,1
profile_005965,treatment,1,1
profile_005966,treatment,1,1
profile_005967,control,1,1
profile_005968,control,1,1
profile_005969,treatment,1,1
profile_005970,treatment,1,1
profile_005971,control,1,1
profile_005972,control,1,1
profile_005973,treatment,1,1
profile_005974,treatment,1,1
profile_005975,control,1,1
profile_005976,control,0,1
profile_005977,control,1,1
profile_005978,control,0,1
profile_005979,control,0,1
profile_005980,treatment,1,1
profile_005981,control,0,0
profile_005982,treatment,1,1
profile_005983,control,0,0
profile_005984,control,1,1
profile_005985,treatment,0,1
profile_005986,control,0,0
profile_005987,treatment,1,1
profile_005988,treatment,0,0
profile_005989,control,0,1
profile_005990,treatment,1,1
profile_005991,treatment,1,1
profile_005992,treatment,0,1
profile_005993,treatment,1,1
profile_005994,treatment,1,1
profile_005995,control,0,0
profile_005996,control,0,1
profile_005997,control,0,1
profile_005998,treatment,1,1
profile_005999,control,1,1
profile_006000,treatment,1,1
profile_006001,control,1,1
profile_006002,treatment,1,1
profile_006003,control,1,1
profile_006004,treatment,1,1
profile_006005,treatment,1,1
profile_006006,treatment,1,1
profile_006007,treatment,0,0
profile_006008,control,0,1
profile_006009,control,1,1
profile_006010,control,1,1
profile_006011,treatment,0,0
profile_006012,control,0,1
profile_006013,control,1,1
profile_006014,control,1,1
profile_006015,control,0,0
profile_006016,control,0,0
profile_006017,control,0,1
profile_006018,control,0,1
profile_006019,control,0,0
profile_006020,control,1,1
profile_006021,treatment,0,1
profile_006022,control,0,1
profile_006023,treatment,1,1
profile_006024,control,1,1
profile_006025,treatment,1,1
profile_006026,treatment,0,0
profile_006027,control,1,1
profile_006028,control,1,1
profile_006029,treatment,1,1
profile_006030,treatment,1,1
profile_006031,treatment,0,1
profile_006032,control,1,1
profile_006033,control,0,1
profile_006034,treatment,0,0
profile_006035,control,0,1
profile_006036,control,1,1
profile_006037,treatment,0,0
profile_006038,treatment,0,0
profile_006039,control,0,1
profile_006040,control,1,1
profile_006041,treatment,0,1
profile_006042,treatment,0,0
profile_006043,treatment,1,1
profile_006044,control,0,1
profile_006045,control,1,1
profile_006046,treatment,0,1
profile_006047,treatment,1,1
profile_006048,treatment,1,1
profile_006049,control,0,0
profile_006050,treatment,0,1
profile_006051,treatment,0,1
profile_006052,control,1,1
profile_006053,treatment,1,1
profile_006054,control,1,1
profile_006055,treatment,1,1
profile_006056,control,1,1
profile_006057,control,1,1
profile_006058,control,0,1
profile_006059,control,0,0
profile_006060,control,1,1
profile_006061,treatment,0,1
profile_006062,treatment,1,1
profile_006063,control,0,1
profile_006064,control,0,0
profile_006065,control,1,1
profile_006066,treatment,1,1
profile_006067,control,0,1
profile_006068,treatment,0,1
profile_006069,control,1,1
profile_006070,control,1,1
profile_006071,treatment,1,1
profile_006072,control,1,1
profile_006073,control,1,1
profile_006074,treatment,1,1
profile_006075,control,1,1
profile_006076,treatment,1,1
profile_006077,treatment,0,0
profile_006078,control,1,1
profile_006079,control,1,1
profile_006080,treatment,0,0
profile_006081,control,1,1
profile_006082,treatment,1,1
profile_006083,control,0,0
profile_006084,control,1,1
profile_006085,treatment,1,1
profile_006086,treatment,1,1
profile_006087,treatment,1,1
profile_006088,treatment,1,1
profile_006089,treatment,0,0
profile_006090,control,1,1
profile_006091,control,0,1
profile_006092,control,1,1
profile_006093,control,1,1
profile_006094,control,0,0
profile_006095,control,1,1
profile_006096,control,0,1
profile_006097,treatment,0,0
profile_006098,treatment,0,0
profile_006099,treatment,1,1
profile_006100,treatment,0,1
profile_006101,treatment,0,0
profile_006102,control,1,1
profile_006103,treatment,0,1
profile_006104,control,1,1
profile_006105,control,0,0
profile_006106,control,1,1
profile_006107,control,0,1
profile_006108,treatment,1,1
profile_006109,control,0,0
profile_006110,treatment,0,1
profile_006111,control,0,0
profile_006112,treatment,1,1
profile_006113,control,1,1
profile_006114,control,0,1
profile_006115,treatment,1,1
profile_006116,control,0,1
profile_006117,treatment,1,1
profile_006118,control,1,1
profile_006119,treatment,1,1
profile_006120,treatment,1,1
profile_006121,control,1,1
profile_006122,treatment,1,1
profile_006123,control,1,1
profile_006124,control,0,1
profile_006125,control,1,1
profile_006126,treatment,1,1
profile_006127,control,1,1
profile_006128,control,1,1
profile_006129,control,1,1
profile_006130,treatment,1,1
profile_006131,control,0,1
profile_006132,control,0,1
profile_006133,treatment,1,1
profile_006134,treatment,1,1
profile_006135,control,1,1
profile_006136,treatment,1,1
profile_006137,treatment,1,1
profile_006138,control,1,1
profile_006139,control,0,0
profile_006140,control,1,1
profile_006141,treatment,1,1
profile_006142,treatment,1,1
profile_006143,treatment,0,0
profile_006144,treatment,0,1
profile_006145,treatment,1,1
profile_006146,control,1,1
profile_006147,control,1,1
profile_006148,control,1,1
profile_006149,treatment,1,1
profile_006150,control,0,1
profile_006151,control,0,1
profile_006152,treatment,1,1
profile_006153,treatment,0,1
profile_006154,treatment,0,0
profile_006155,treatment,0,0
profile_006156,control,0,1
profile_006157,treatment,1,1
profile_006158,control,1,1
profile_006159,treatment,1,1
profile_006160,control,1,1
profile_006161,treatment,0,1
profile_006162,control,0,1
profile_006163,treatment,1,1
profile_006164,control,1,1
profile_006165,treatment,0,1
profile_006166,treatment,1,1
profile_006167,control,0,0
profile_006168,control,1,1
profile_006169,control,1,1
profile_006170,control,1,1
profile_006171,control,1,1
profile_006172,control,0,0
profile_006173,treatment,1,1
profile_006174,treatment,1,1
profile_006175,control,0,0
profile_006176,control,0,1
profile_006177,control,0,1
profile_006178,treatment,1,1
profile_006179,control,1,1
profile_006180,control,0,0
profile_006181,control,1,1
profile_006182,treatment,0,0
profile_006183,treatment,0,0
profile_006184,control,0,0
profile_006185,control,0,1
profile_006186,treatment,0,1
profile_006187,treatment,1,1
profile_006188,control,1,1
profile_006189,control,1,1
profile_006190,control,1,1
profile_006191,control,0,0
profile_006192,treatment,0,0
profile_006193,control,0,1
profile_006194,control,1,1
profile_006195,treatment,0,0
profile_006196,treatment,1,1
profile_006197,control,0,0
profile_006198,control,1,1
profile_006199,treatment,0,0
profile_006200,control,1,1
profile_006201,treatment,0,0
profile_006202,control,0,1
profile_006203,control,1,1
profile_006204,treatment,0,1
profile_006205,control,0,0
profile_006206,control,1,1
profile_006207,control,1,1
profile_006208,control,1,1
profile_006209,treatment,0,0
profile_006210,control,0,0
profile_006211,control,0,1
profile_006212,control,1,1
profile_006213,control,1,1
profile_006214,control,1,1
profile_006215,treatment,0,0
profile_006216,control,0,0
profile_006217,treatment,0,1
profile_006218,control,1,1
profile_006219,control,0,0
profile_006220,control,1,1
profile_006221,treatment,0,0
profile_006222,treatment,1,1
profile_006223,treatment,1,1
profile_006224,control,0,1
profile_006225,treatment,1,1
profile_006226,control,1,1
profile_006227,control,1,1
profile_006228,treatment,0,1
profile_006229,control,1,1
profile_006230,control,1,1
profile_006231,control,1,1
profile_006232,control,0,0
profile_006233,control,0,0
profile_006234,treatment,1,1
profile_006235,control,1,1
profile_006236,treatment,1,1
profile_006237,treatment,1,1
profile_006238,control,1,1
profile_006239,treatment,1,1
profile_006240,treatment,0,0
profile_006241,treatment,1,1
profile_006242,control,1,1
profile_006243,control,0,1
profile_006244,treatment,1,1
profile_006245,control,1,1
profile_006246,treatment,1,1
profile_006247,control,1,1
profile_006248,treatment,1,1
profile_006249,control,0,0
profile_006250,control,1,1
profile_006251,treatment,0,0
profile_006252,control,0,0
profile_006253,treatment,1,1
profile_006254,control,0,1
profile_006255,control,0,1
profile_006256,control,0,0
profile_006257,control,1,1
profile_006258,treatment,0,0
profile_006259,control,0,0
profile_006260,control,1,1
profile_006261,control,1,1
profile_006262,treatment,0,0
profile_006263,treatment,0,0
profile_006264,control,1,1
profile_006265,treatment,0,1
profile_006266,control,1,1
profile_006267,control,1,1
profile_006268,treatment,1,1
profile_006269,control,0,0
profile_006270,treatment,1,1
profile_006271,control,1,1
profile_006272,control,1,1
profile_006273,treatment,1,1
profile_006274,control,1,1
profile_006275,treatment,1,1
profile_006276,treatment,1,1
profile_006277,treatment,1,1
profile_006278,control,0,0
profile_006279,control,1,1
profile_006280,control,1,1
profile_006281,treatment,1,1
profile_006282,control,1,1
profile_006283,treatment,0,0
profile_006284,control,1,1
profile_006285,control,1,1
profile_006286,treatment,0,1
profile_006287,treatment,0,0
profile_006288,control,0,0
profile_006289,control,1,1
profile_006290,treatment,0,0
profile_006291,control,1,1
profile_006292,control,0,1
profile_006293,treatment,0,1
profile_006294,treatment,0,0
profile_006295,treatment,1,1
profile_006296,control,0,1
profile_006297,treatment,1,1
profile_006298,control,1,1
profile_006299,treatment,1,1
profile_006300,treatment,0,0
profile_006301,treatment,1,1
profile_006302,control,1,1
profile_006303,control,1,1
profile_006304,treatment,1,1
profile_006305,treatment,1,1
profile_006306,treatment,1,1
profile_006307,control,0,0
profile_006308,control,0,1
profile_006309,control,1,1
profile_006310,treatment,1,1
profile_006311,control,0,0
profile_006312,treatment,1,1
profile_006313,treatment,0,0
profile_006314,treatment,1,1
profile_006315,control,1,1
profile_006316,treatment,1,1
profile_006317,treatment,1,1
profile_006318,treatment,1,1
profile_006319,control,1,1
profile_006320,treatment,1,1
profile_006321,treatment,0,0
profile_006322,control,1,1
profile_006323,control,1,1
profile_006324,control,1,1
profile_006325,treatment,1,1
profile_006326,treatment,1,1
profile_006327,treatment,1,1
profile_006328,control,0,0
profile_006329,treatment,1,1
profile_006330,control,0,0
profile_006331,treatment,1,1
profile_006332,treatment,1,1
profile_006333,treatment,1,1
profile_006334,control,1,1
profile_006335,treatment,0,0
profile_006336,treatment,0,0
profile_006337,treatment,1,1
profile_006338,treatment,1,1
profile_006339,treatment,0,0
profile_006340,control,1,1
profile_006341,control,0,1
profile_006342,control,1,1
profile_006343,control,1,1
profile_006344,control,1,1
profile_006345,control,0,1
profile_006346,control,0,1
profile_006347,treatment,1,1
profile_006348,control,1,1
profile_006349,control,0,0
profile_006350,treatment,1,1
profile_006351,treatment,1,1
profile_006352,treatment,1,1
profile_006353,control,1,1
profile_006354,control,1,1
profile_006355,control,0,1
profile_006356,control,0,0
profile_006357,control,0,1
profile_006358,treatment,0,1
profile_006359,control,0,0
profile_006360,treatment,1,1
profile_006361,control,1,1
profile_006362,control,0,1
profile_006363,control,1,1
profile_006364,control,0,0
profile_006365,treatment,1,1
profile_006366,control,1,1
profile_006367,treatment,0,1
profile_006368,treatment,0,1
profile_006369,control,1,1
profile_006370,treatment,0,1
profile_006371,control,0,1
profile_006372,treatment,0,0
profile_006373,treatment,0,0
profile_006374,control,1,1
profile_006375,treatment,0,1
profile_006376,treatment,1,1
profile_006377,control,0,1
profile_006378,control,1,1
profile_006379,control,1,1
profile_006380,control,1,1
profile_006381,control,1,1
profile_006382,treatment,1,1
profile_006383,control,0,0
profile_006384,control,1,1
profile_006385,control,0,0
profile_006386,treatment,1,1
profile_006387,control,0,1
profile_006388,treatment,0,0
profile_006389,control,0,1
profile_006390,treatment,1,1
profile_006391,control,1,1
profile_006392,control,0,1
profile_006393,treatment,1,1
profile_006394,control,1,1
profile_006395,control,1,1
profile_006396,treatment,1,1
profile_006397,treatment,1,1
profile_006398,treatment,1,1
profile_006399,control,1,1
profile_006400,treatment,0,0
profile_006401,treatment,1,1
profile_006402,treatment,1,1
profile_006403,control,1,1
profile_006404,control,1,1
profile_006405,treatment,1,1
profile_006406,treatment,1,1
profile_006407,treatment,1,1
profile_006408,treatment,1,1
profile_006409,control,0,0
profile_006410,control,1,1
profile_006411,control,1,1
profile_006412,control,0,1
profile_006413,control,0,0
profile_006414,control,0,0
profile_006415,treatment,1,1
profile_006416,control,1,1
profile_006417,control,0,0
profile_006418,treatment,1,1
profile_006419,control,1,1
profile_006420,control,0,0
profile_006421,treatment,1,1
profile_006422,treatment,0,0
profile_006423,control,0,1
profile_006424,treatment,1,1
profile_006425,treatment,0,0
profile_006426,control,0,0
profile_006427,control,0,1
profile_006428,treatment,0,1
profile_006429,treatment,1,1
profile_006430,treatment,0,1
profile_006431,control,1,1
profile_006432,control,0,1
profile_006433,treatment,1,1
profile_006434,treatment,1,1
profile_006435,control,1,1
profile_006436,control,1,1
profile_006437,control,1,1
profile_006438,treatment,0,0
profile_006439,control,1,1
profile_006440,treatment,0,0
profile_006441,control,1,1
profile_006442,control,1,1
profile_006443,control,0,1
profile_006444,treatment,1,1
profile_006445,control,1,1
profile_006446,treatment,0,0
profile_006447,treatment,1,1
profile_006448,treatment,1,1
profile_006449,treatment,1,1
profile_006450,control,0,0
profile_006451,treatment,1,1
profile_006452,treatment,1,1
profile_006453,control,1,1
profile_006454,treatment,1,1
profile_006455,treatment,1,1
profile_006456,control,1,1
profile_006457,control,0,0
profile_006458,treatment,0,0
profile_006459,control,1,1
profile_006460,control,0,0
profile_006461,control,1,1
profile_006462,treatment,1,1
profile_006463,control,1,1
profile_006464,treatment,1,1
profile_006465,control,1,1
profile_006466,control,1,1
profile_006467,treatment,1,1
profile_006468,control,1,1
profile_006469,control,0,0
profile_006470,treatment,1,1
profile_006471,control,0,1
profile_006472,control,0,0
profile_006473,treatment,1,1
profile_006474,control,1,1
profile_006475,treatment,1,1
profile_006476,treatment,1,1
profile_006477,treatment,0,1
profile_006478,control,0,0
profile_006479,treatment,1,1
profile_006480,control,1,1
profile_006481,control,0,1
profile_006482,control,0,1
profile_006483,treatment,1,1
profile_006484,treatment,1,1
profile_006485,control,1,1
profile_006486,control,0,0
profile_006487,control,1,1
profile_006488,control,0,0
profile_006489,control,0,1
profile_006490,control,0,1
profile_006491,control,0,1
profile_006492,treatment,0,0
profile_006493,control,0,1
profile_006494,control,0,1
profile_006495,treatment,1,1
profile_006496,treatment,1,1
profile_006497,treatment,1,1
profile_006498,treatment,1,1
profile_006499,treatment,1,1
profile_006500,control,0,0
profile_006501,treatment,1,1
profile_006502,control,1,1
profile_006503,treatment,0,1
profile_006504,control,0,1
profile_006505,control,1,1
profile_006506,treatment,1,1
profile_006507,treatment,1,1
profile_006508,control,1,1
profile_006509,control,1,1
profile_006510,treatment,1,1
profile_006511,control,1,1
profile_006512,control,1,1
profile_006513,treatment,1,1
profile_006514,treatment,1,1
profile_006515,control,1,1
profile_006516,treatment,0,1
profile_006517,control,0,1
profile_006518,control,1,1
profile_006519,treatment,1,1
profile_006520,treatment,0,1
profile_006521,treatment,0,1
profile_006522,treatment,0,0
profile_006523,treatment,1,1
profile_006524,treatment,0,0
profile_006525,control,0,1
profile_006526,treatment,1,1
profile_006527,control,0,1
profile_006528,treatment,1,1
profile_006529,control,1,1
profile_006530,treatment,1,1
profile_006531,treatment,1,1
profile_006532,control,1,1
profile_006533,treatment,1,1
profile_006534,control,1,1
profile_006535,control,0,1
profile_006536,control,0,0
profile_006537,control,0,1
profile_006538,control,1,1
profile_006539,treatment,1,1
profile_006540,treatment,1,1
profile_006541,control,0,1
profile_006542,control,1,1
profile_006543,control,1,1
profile_006544,control,1,1
profile_006545,treatment,1,1
profile_006546,control,0,1
profile_006547,control,0,0
profile_006548,treatment,1,1
profile_006549,control,0,1
profile_006550,control,1,1
profile_006551,control,1,1
profile_006552,treatment,1,1
profile_006553,control,1,1
profile_006554,treatment,0,0
profile_006555,control,1,1
profile_006556,treatment,1,1
profile_006557,control,1,1
profile_006558,treatment,0,0
profile_006559,treatment,0,0
profile_006560,treatment,1,1
profile_006561,treatment,0,0
profile_006562,treatment,1,1
profile_006563,treatment,1,1
profile_006564,control,0,0
profile_006565,control,0,0
profile_006566,control,0,0
profile_006567,treatment,0,0
profile_006568,control,1,1
profile_006569,treatment,0,0
profile_006570,control,1,1
profile_006571,control,1,1
profile_006572,control,0,0
profile_006573,control,0,1
profile_006574,treatment,1,1
profile_006575,control,0,0
profile_006576,control,0,1
profile_006577,control,1,1
profile_006578,control,0,0
profile_006579,treatment,0,0
profile_006580,treatment,1,1
profile_006581,treatment,1,1
profile_006582,treatment,1,1
profile_006583,control,0,1
profile_006584,treatment,1,1
profile_006585,control,1,1
profile_006586,treatment,0,0
profile_006587,control,0,0
profile_006588,treatment,0,0
profile_006589,treatment,0,1
profile_006590,treatment,0,0
profile_006591,control,1,1
profile_006592,control,1,1
profile_006593,treatment,1,1
profile_006594,treatment,1,1
profile_006595,treatment,1,1
profile_006596,treatment,0,1
profile_006597,treatment,1,1
profile_006598,control,0,0
profile_006599,control,0,1
profile_006600,treatment,0,0
profile_006601,control,0,1
profile_006602,control,1,1
profile_006603,treatment,0,0
profile_006604,control,1,1
profile_006605,treatment,0,1
profile_006606,control,1,1
profile_006607,treatment,1,1
profile_006608,treatment,1,1
profile_006609,control,1,1
profile_006610,treatment,1,1
profile_006611,treatment,1,1
profile_006612,control,1,1
profile_006613,control,0,1
profile_006614,treatment,0,0
profile_006615,control,1,1
profile_006616,control,1,1
profile_006617,control,1,1
profile_006618,control,0,0
profile_006619,treatment,1,1
profile_006620,treatment,0,0
profile_006621,treatment,1,1
profile_006622,treatment,1,1
profile_006623,control,0,0
profile_006624,treatment,1,1
profile_006625,treatment,1,1
profile_006626,treatment,1,1
profile_006627,control,1,1
profile_006628,control,1,1
profile_006629,treatment,0,1
profile_006630,control,1,1
profile_006631,treatment,0,0
profile_006632,treatment,1,1
profile_006633,control,1,1
profile_006634,control,1,1
profile_006635,control,0,0
profile_006636,control,1,1
profile_006637,treatment,0,1
profile_006638,treatment,0,0
profile_006639,control,0,1
profile_006640,control,1,1
profile_006641,control,1,1
profile_006642,treatment,1,1
profile_006643,treatment,0,0
profile_006644,control,0,0
profile_006645,control,0,0
profile_006646,control,0,0
profile_006647,control,0,0
profile_006648,treatment,0,1
profile_006649,treatment,0,0
profile_006650,control,0,0
profile_006651,control,0,0
profile_006652,control,0,1
profile_006653,treatment,0,1
profile_006654,control,1,1
profile_006655,control,1,1
profile_006656,treatment,1,1
profile_006657,control,0,1
profile_006658,control,1,1
profile_006659,control,1,1
profile_006660,control,0,0
profile_006661,treatment,1,1
profile_006662,control,1,1
profile_006663,treatment,0,0
profile_006664,control,1,1
profile_006665,control,0,1
profile_006666,control,0,0
profile_006667,treatment,1,1
profile_006668,treatment,1,1
profile_006669,treatment,0,0
profile_006670,control,1,1
profile_006671,treatment,0,0
profile_006672,treatment,1,1
profile_006673,control,0,1
profile_006674,treatment,0,1
profile_006675,control,1,1
profile_006676,control,0,1
profile_006677,treatment,0,0
profile_006678,control,0,1
profile_006679,control,1,1
profile_006680,treatment,0,1
profile_006681,treatment,0,0
profile_006682,treatment,1,1
profile_006683,control,1,1
profile_006684,control,0,0
profile_006685,treatment,0,0
profile_006686,control,1,1
profile_006687,treatment,1,1
profile_006688,treatment,1,1
profile_006689,control,1,1
profile_006690,treatment,0,0
profile_006691,control,0,1
profile_006692,treatment,0,0
profile_006693,control,1,1
profile_006694,control,1,1
profile_006695,treatment,1,1
profile_006696,control,0,1
profile_006697,control,1,1
profile_006698,treatment,0,1
profile_006699,control,0,0
profile_006700,treatment,1,1
profile_006701,control,1,1
profile_006702,treatment,1,1
profile_006703,control,1,1
profile_006704,treatment,1,1
profile_006705,treatment,0,0
profile_006706,control,1,1
profile_006707,treatment,1,1
profile_006708,treatment,0,0
profile_006709,control,0,0
profile_006710,control,1,1
profile_006711,treatment,1,1
profile_006712,control,0,1
profile_006713,treatment,1,1
profile_006714,treatment,1,1
profile_006715,control,1,1
profile_006716,treatment,0,0
profile_006717,control,1,1
profile_006718,control,0,0
profile_006719,treatment,0,0
profile_006720,control,0,1
profile_006721,treatment,1,1
profile_006722,treatment,1,1
profile_006723,treatment,1,1
profile_006724,treatment,1,1
profile_006725,control,0,1
profile_006726,treatment,0,1
profile_006727,treatment,1,1
profile_006728,control,1,1
profile_006729,control,0,1
profile_006730,treatment,0,0
profile_006731,control,1,1
profile_006732,control,0,1
profile_006733,treatment,1,1
profile_006734,control,1,1
profile_006735,control,0,1
profile_006736,control,1,1
profile_006737,control,0,0
profile_006738,treatment,1,1
profile_006739,control,1,1
profile_006740,treatment,1,1
profile_006741,control,1,1
profile_006742,control,1,1
profile_006743,control,0,0
profile_006744,control,1,1
profile_006745,treatment,1,1
profile_006746,treatment,1,1
profile_006747,treatment,1,1
profile_006748,control,1,1
profile_006749,treatment,0,1
profile_006750,control,1,1
profile_006751,treatment,0,0
profile_006752,control,0,1
profile_006753,treatment,1,1
profile_006754,control,1,1
profile_006755,control,1,1
profile_006756,treatment,1,1
profile_006757,treatment,1,1
profile_006758,treatment,1,1
profile_006759,control,1,1
profile_006760,treatment,0,0
profile_006761,treatment,0,1
profile_006762,treatment,0,0
profile_006763,treatment,0,0
profile_006764,control,1,1
profile_006765,control,1,1
profile_006766,treatment,1,1
profile_006767,treatment,1,1
profile_006768,treatment,1,1
profile_006769,treatment,1,1
profile_006770,control,1,1
profile_006771,treatment,1,1
profile_006772,treatment,0,1
profile_006773,treatment,1,1
profile_006774,treatment,0,0
profile_006775,control,1,1
profile_006776,treatment,0,0
profile_006777,treatment,1,1
profile_006778,control,1,1
profile_006779,treatment,1,1
profile_006780,treatment,1,1
profile_006781,control,1,1
profile_006782,control,0,1
profile_006783,control,1,1
profile_006784,treatment,0,0
profile_006785,control,0,1
profile_006786,treatment,1,1
profile_006787,control,1,1
profile_006788,treatment,0,1
profile_006789,control,1,1
profile_006790,treatment,1,1
profile_006791,treatment,0,0
profile_006792,treatment,1,1
profile_006793,treatment,0,1
profile_006794,treatment,0,0
profile_006795,control,0,1
profile_006796,control,0,0
profile_006797,control,0,0
profile_006798,control,1,1
profile_006799,control,1,1
profile_006800,control,0,0
profile_006801,control,1,1
profile_006802,treatment,1,1
profile_006803,treatment,1,1
profile_006804,control,1,1
profile_006805,treatment,1,1
profile_006806,treatment,1,1
profile_006807,control,1,1
profile_006808,treatment,0,1
profile_006809,control,1,1
profile_006810,treatment,0,1
profile_006811,control,1,1
profile_006812,control,1,1
profile_006813,control,1,1
profile_006814,treatment,1,1
profile_006815,treatment,1,1
profile_006816,treatment,1,1
profile_006817,control,0,0
profile_006818,treatment,0,0
profile_006819,control,1,1
profile_006820,control,0,0
profile_006821,treatment,1,1
profile_006822,control,1,1
profile_006823,treatment,0,1
profile_006824,control,0,1
profile_006825,treatment,0,0
profile_006826,control,1,1
profile_006827,control,1,1
profile_006828,treatment,0,0
profile_006829,treatment,1,1
profile_006830,treatment,1,1
profile_006831,control,1,1
profile_006832,control,0,1
profile_006833,control,1,1
profile_006834,control,0,0
profile_006835,control,0,1
profile_006836,control,0,1
profile_006837,control,1,1
profile_006838,control,1,1
profile_006839,treatment,1,1
profile_006840,control,1,1
profile_006841,treatment,0,1
profile_006842,treatment,1,1
profile_006843,treatment,0,1
profile_006844,control,0,1
profile_006845,control,0,1
profile_006846,treatment,1,1
profile_006847,control,0,1
profile_006848,treatment,1,1
profile_006849,control,1,1
profile_006850,treatment,1,1
profile_006851,control,1,1
profile_006852,control,1,1
profile_006853,treatment,1,1
profile_006854,treatment,1,1
profile_006855,treatment,0,0
profile_006856,control,1,1
profile_006857,treatment,0,0
profile_006858,control,1,1
profile_006859,control,1,1
profile_006860,control,1,1
profile_006861,treatment,1,1
profile_006862,treatment,1,1
profile_006863,control,1,1
profile_006864,treatment,0,0
profile_006865,treatment,0,1
profile_006866,control,0,0
profile_006867,control,0,1
profile_006868,treatment,1,1
profile_006869,treatment,1,1
profile_006870,treatment,1,1
profile_006871,treatment,0,1
profile_006872,control,0,0
profile_006873,control,1,1
profile_006874,treatment,1,1
profile_006875,control,0,1
profile_006876,treatment,0,0
profile_006877,control,1,1
profile_006878,treatment,0,0
profile_006879,treatment,0,0
profile_006880,control,0,0
profile_006881,treatment,0,0
profile_006882,control,1,1
profile_006883,control,0,1
profile_006884,control,0,0
profile_006885,control,1,1
profile_006886,control,0,1
profile_006887,treatment,0,0
profile_006888,control,0,1
profile_006889,control,1,1
profile_006890,treatment,1,1
profile_006891,treatment,1,1
profile_006892,treatment,0,0
profile_006893,control,0,0
profile_006894,control,1,1
profile_006895,treatment,1,1
profile_006896,control,1,1
profile_006897,control,1,1
profile_006898,treatment,0,1
profile_006899,treatment,1,1
profile_006900,treatment,1,1
profile_006901,treatment,1,1
profile_006902,treatment,1,1
profile_006903,control,1,1
profile_006904,control,1,1
profile_006905,control,1,1
profile_006906,control,1,1
profile_006907,control,0,0
profile_006908,control,1,1
profile_006909,treatment,0,0
profile_006910,treatment,1,1
profile_006911,control,1,1
profile_006912,treatment,0,0
profile_006913,treatment,1,1
profile_006914,control,1,1
profile_006915,control,1,1
profile_006916,control,1,1
profile_006917,treatment,0,1
profile_006918,treatment,1,1
profile_006919,treatment,1,1
profile_006920,control,0,0
profile_006921,control,0,1
profile_006922,treatment,1,1
profile_006923,control,1,1
profile_006924,treatment,0,1
profile_006925,treatment,1,1
profile_006926,control,0,1
profile_006927,control,1,1
profile_006928,treatment,1,1
profile_006929,treatment,1,1
profile_006930,control,1,1
profile_006931,treatment,0,0
profile_006932,control,1,1
profile_006933,control,0,1
profile_006934,treatment,1,1
profile_006935,control,1,1
profile_006936,treatment,0,0
profile_006937,control,1,1
profile_006938,treatment,0,0
profile_006939,control,1,1
profile_006940,treatment,1,1
profile_006941,control,1,1
profile_006942,treatment,0,1
profile_006943,treatment,1,1
profile_006944,treatment,1,1
profile_006945,treatment,1,1
profile_006946,treatment,0,1
profile_006947,treatment,1,1
profile_006948,treatment,1,1
profile_006949,control,0,0
profile_006950,control,1,1
profile_006951,treatment,0,1
profile_006952,control,1,1
profile_006953,control,0,0
profile_006954,control,0,0
profile_006955,control,1,1
profile_006956,treatment,1,1
profile_006957,treatment,0,0
profile_006958,control,1,1
profile_006959,treatment,0,1
profile_006960,treatment,1,1
profile_006961,treatment,1,1
profile_006962,control,1,1
profile_006963,control,1,1
profile_006964,control,1,1
profile_006965,control,0,0
profile_006966,control,0,0
profile_006967,treatment,1,1
profile_006968,control,0,0
profile_006969,treatment,0,0
profile_006970,control,1,1
profile_006971,treatment,0,0
profile_006972,treatment,1,1
profile_006973,control,0,0
profile_006974,treatment,1,1
profile_006975,control,1,1
profile_006976,treatment,0,0
profile_006977,treatment,1,1
profile_006978,control,0,1
profile_006979,control,0,0
profile_006980,control,1,1
profile_006981,control,0,0
profile_006982,treatment,1,1
profile_006983,control,1,1
profile_006984,treatment,0,0
profile_006985,control,1,1
profile_006986,treatment,1,1
profile_006987,treatment,1,1
profile_006988,treatment,1,1
profile_006989,treatment,1,1
profile_006990,control,0,0
profile_006991,treatment,1,1
profile_006992,control,1,1
profile_006993,control,0,0
profile_006994,control,1,1
profile_006995,treatment,1,1
profile_006996,treatment,1,1
profile_006997,control,1,1
profile_006998,control,0,1
profile_006999,control,0,0
profile_007000,treatment,1,1
profile_007001,control,1,1
profile_007002,control,0,0
profile_007003,control,0,0
profile_007004,control,0,1
profile_007005,control,1,1
profile_007006,control,0,0
profile_007007,control,1,1
profile_007008,control,1,1
profile_007009,control,1,1
profile_007010,treatment,0,1
profile_007011,control,1,1
profile_007012,treatment,0,1
profile_007013,treatment,1,1
profile_007014,treatment,1,1
profile_007015,treatment,1,1
profile_007016,control,1,1
profile_007017,control,1,1
profile_007018,control,0,0
profile_007019,treatment,1,1
profile_007020,control,1,1
profile_007021,control,1,1
profile_007022,control,0,1
profile_007023,control,1,1
profile_007024,treatment,0,1
profile_007025,control,1,1
profile_007026,control,1,1
profile_007027,control,1,1
profile_007028,control,0,1
profile_007029,treatment,0,1
profile_007030,treatment,1,1
profile_007031,treatment,1,1
profile_007032,treatment,0,0
profile_007033,treatment,0,0
profile_007034,treatment,1,1
profile_007035,treatment,1,1
profile_007036,control,0,1
profile_007037,treatment,1,1
profile_007038,treatment,1,1
profile_007039,treatment,1,1
profile_007040,control,1,1
profile_007041,control,1,1
profile_007042,treatment,1,1
profile_007043,treatment,0,0
profile_007044,control,1,1
profile_007045,control,1,1
profile_007046,control,0,1
profile_007047,treatment,0,1
profile_007048,control,0,1
profile_007049,control,0,0
profile_007050,treatment,1,1
profile_007051,control,1,1
profile_007052,treatment,1,1
profile_007053,control,1,1
profile_007054,treatment,0,1
profile_007055,control,0,1
profile_007056,control,1,1
profile_007057,control,0,0
profile_007058,control,0,1
profile_007059,treatment,1,1
profile_007060,treatment,1,1
profile_007061,control,1,1
profile_007062,treatment,1,1
profile_007063,control,1,1
profile_007064,treatment,0,0
profile_007065,control,1,1
profile_007066,control,0,0
profile_007067,control,1,1
profile_007068,control,0,0
profile_007069,treatment,1,1
profile_007070,treatment,1,1
profile_007071,treatment,0,0
profile_007072,treatment,0,0
profile_007073,control,1,1
profile_007074,control,1,1
profile_007075,treatment,1,1
profile_007076,treatment,0,0
profile_007077,control,1,1
profile_007078,control,1,1
profile_007079,control,1,1
profile_007080,treatment,1,1
profile_007081,treatment,0,1
profile_007082,treatment,1,1
profile_007083,treatment,1,1
profile_007084,treatment,0,0
profile_007085,treatment,1,1
profile_007086,treatment,1,1
profile_007087,control,0,0
profile_007088,treatment,0,1
profile_007089,treatment,1,1
profile_007090,control,1,1
profile_007091,control,1,1
profile_007092,control,1,1
profile_007093,control,1,1
profile_007094,control,0,1
profile_007095,control,1,1
profile_007096,treatment,1,1
profile_007097,treatment,1,1
profile_007098,control,1,1
profile_007099,control,1,1
profile_007100,treatment,0,1
profile_007101,treatment,1,1
profile_007102,control,1,1
profile_007103,treatment,0,0
profile_007104,control,1,1
profile_007105,control,1,1
profile_007106,control,0,1
profile_007107,control,1,1
profile_007108,control,1,1
profile_007109,treatment,1,1
profile_007110,control,1,1
profile_007111,control,1,1
profile_007112,control,1,1
profile_007113,treatment,0,1
profile_007114,treatment,1,1
profile_007115,treatment,0,1
profile_007116,treatment,0,0
profile_007117,control,0,0
profile_007118,control,1,1
profile_007119,treatment,1,1
profile_007120,treatment,0,0
profile_007121,treatment,0,1
profile_007122,treatment,1,1
profile_007123,control,0,0
profile_007124,control,1,1
profile_007125,control,0,1
profile_007126,treatment,1,1
profile_007127,control,0,1
profile_007128,control,1,1
profile_007129,treatment,1,1
profile_007130,control,1,1
profile_007131,treatment,1,1
profile_007132,control,0,0
profile_007133,control,1,1
profile_007134,control,1,1
profile_007135,control,0,0
profile_007136,control,1,1
profile_007137,treatment,1,1
profile_007138,control,0,1
profile_007139,treatment,1,1
profile_007140,control,1,1
profile_007141,treatment,1,1
profile_007142,treatment,0,0
profile_007143,control,1,1
profile_007144,control,1,1
profile_007145,treatment,1,1
profile_007146,treatment,0,0
profile_007147,treatment,1,1
profile_007148,treatment,1,1
profile_007149,control,1,1
profile_007150,treatment,1,1
profile_007151,treatment,1,1
profile_007152,control,1,1
profile_007153,treatment,1,1
profile_007154,control,1,1
profile_007155,control,0,1
profile_007156,treatment,1,1
profile_007157,control,1,1
profile_007158,treatment,0,0
profile_007159,control,0,1
profile_007160,treatment,1,1
profile_007161,treatment,0,1
profile_007162,control,1,1
profile_007163,treatment,1,1
profile_007164,control,1,1
profile_007165,treatment,1,1
profile_007166,control,1,1
profile_007167,control,0,0
profile_007168,treatment,0,0
profile_007169,control,1,1
profile_007170,treatment,1,1
profile_007171,control,0,0
profile_007172,control,0,0
profile_007173,treatment,1,1
profile_007174,control,0,0
profile_007175,treatment,1,1
profile_007176,control,1,1
profile_007177,control,1,1
profile_007178,treatment,1,1
profile_007179,control,1,1
profile_007180,control,1,1
profile_007181,control,1,1
profile_007182,treatment,1,1
profile_007183,control,1,1
profile_007184,control,1,1
profile_007185,treatment,0,1
profile_007186,treatment,0,1
profile_007187,treatment,0,1
profile_007188,control,1,1
profile_007189,control,1,1
profile_007190,control,0,0
profile_007191,treatment,1,1
profile_007192,treatment,0,1
profile_007193,control,1,1
profile_007194,control,1,1
profile_007195,treatment,0,0
profile_007196,control,1,1
profile_007197,treatment,1,1
profile_007198,control,0,1
profile_007199,treatment,1,1
profile_007200,treatment,1,1
profile_007201,treatment,1,1
profile_007202,treatment,1,1
profile_007203,treatment,0,1
profile_007204,treatment,1,1
profile_007205,control,1,1
profile_007206,control,1,1
profile_007207,treatment,1,1
profile_007208,treatment,0,0
profile_007209,treatment,1,1
profile_007210,treatment,0,0
profile_007211,control,0,1
profile_007212,treatment,1,1
profile_007213,control,1,1
profile_007214,treatment,0,0
profile_007215,control,1,1
profile_007216,treatment,1,1
profile_007217,control,0,0
profile_007218,treatment,1,1
profile_007219,treatment,1,1
profile_007220,treatment,1,1
profile_007221,treatment,0,0
profile_007222,control,0,0
profile_007223,treatment,0,0
profile_007224,treatment,1,1
profile_007225,treatment,1,1
profile_007226,treatment,1,1
profile_007227,control,0,0
profile_007228,control,0,0
profile_007229,treatment,0,0
profile_007230,treatment,1,1
profile_007231,treatment,0,0
profile_007232,treatment,1,1
profile_007233,treatment,1,1
profile_007234,control,0,1
profile_007235,treatment,1,1
profile_007236,control,1,1
profile_007237,control,1,1
profile_007238,treatment,1,1
profile_007239,control,1,1
profile_007240,treatment,1,1
profile_007241,control,1,1
profile_007242,control,1,1
profile_007243,control,1,1
profile_007244,control,1,1
profile_007245,treatment,0,0
profile_007246,control,1,1
profile_007247,treatment,1,1
profile_007248,treatment,1,1
profile_007249,control,1,1
profile_007250,control,1,1
profile_007251,treatment,1,1
profile_007252,treatment,0,0
profile_007253,control,0,1
profile_007254,control,1,1
profile_007255,treatment,1,1
profile_007256,treatment,0,1
profile_007257,control,1,1
profile_007258,control,1,1
profile_007259,control,0,0
profile_007260,treatment,1,1
profile_007261,control,1,1
profile_007262,control,0,1
profile_007263,treatment,0,0
profile_007264,control,0,1
profile_007265,control,1,1
profile_007266,treatment,0,1
profile_007267,control,0,1
profile_007268,control,0,1
profile_007269,control,1,1
profile_007270,treatment,1,1
profile_007271,control,1,1
profile_007272,control,1,1
profile_007273,control,1,1
profile_007274,treatment,0,1
profile_007275,treatment,1,1
profile_007276,control,0,0
profile_007277,control,0,1
profile_007278,control,1,1
profile_007279,control,1,1
profile_007280,treatment,1,1
profile_007281,control,0,1
profile_007282,control,0,0
profile_007283,control,0,1
profile_007284,control,0,0
profile_007285,treatment,1,1
profile_007286,control,1,1
profile_007287,treatment,1,1
profile_007288,treatment,0,0
profile_007289,treatment,0,0
profile_007290,control,0,1
profile_007291,treatment,1,1
profile_007292,control,0,0
profile_007293,control,1,1
profile_007294,treatment,1,1
profile_007295,control,1,1
profile_007296,treatment,1,1
profile_007297,treatment,0,1
profile_007298,control,0,0
profile_007299,treatment,1,1
profile_007300,treatment,1,1
profile_007301,control,0,1
profile_007302,control,1,1
profile_007303,treatment,1,1
profile_007304,control,1,1
profile_007305,treatment,0,0
profile_007306,control,0,1
profile_007307,control,1,1
profile_007308,control,1,1
profile_007309,treatment,1,1
profile_007310,control,1,1
profile_007311,control,1,1
profile_007312,control,0,0
profile_007313,control,0,0
profile_007314,treatment,1,1
profile_007315,control,1,1
profile_007316,treatment,1,1
profile_007317,treatment,1,1
profile_007318,treatment,1,1
profile_007319,control,0,1
profile_007320,control,0,0
profile_007321,treatment,1,1
profile_007322,control,0,1
profile_007323,treatment,1,1
profile_007324,control,1,1
profile_007325,treatment,1,1
profile_007326,treatment,0,1
profile_007327,treatment,0,0
profile_007328,treatment,1,1
profile_007329,control,0,0
profile_007330,control,1,1
profile_007331,treatment,0,0
profile_007332,treatment,0,0
profile_007333,treatment,1,1
profile_007334,treatment,0,0
profile_007335,control,1,1
profile_007336,control,0,0
profile_007337,control,1,1
profile_007338,control,1,1
profile_007339,control,1,1
profile_007340,control,1,1
profile_007341,treatment,1,1
profile_007342,treatment,0,1
profile_007343,control,0,1
profile_007344,treatment,1,1
profile_007345,treatment,0,0
profile_007346,control,0,0
profile_007347,control,1,1
profile_007348,treatment,1,1
profile_007349,treatment,1,1
profile_007350,treatment,1,1
profile_007351,treatment,1,1
profile_007352,control,1,1
profile_007353,treatment,0,0
profile_007354,control,0,1
profile_007355,control,1,1
profile_007356,control,1,1
profile_007357,treatment,0,0
profile_007358,treatment,0,1
profile_007359,control,1,1
profile_007360,control,1,1
profile_007361,treatment,1,1
profile_007362,treatment,0,0
profile_007363,control,1,1
profile_007364,control,1,1
profile_007365,treatment,1,1
profile_007366,treatment,0,0
profile_007367,treatment,1,1
profile_007368,treatment,1,1
profile_007369,treatment,0,1
profile_007370,control,0,1
profile_007371,control,1,1
profile_007372,control,0,0
profile_007373,control,0,1
profile_007374,treatment,1,1
profile_007375,treatment,1,1
profile_007376,treatment,1,1
profile_007377,control,0,1
profile_007378,treatment,1,1
profile_007379,treatment,1,1
profile_007380,control,1,1
profile_007381,treatment,1,1
profile_007382,control,0,0
profile_007383,control,1,1
profile_007384,treatment,1,1
profile_007385,treatment,0,0
profile_007386,control,1,1
profile_007387,treatment,1,1
profile_007388,control,0,1
profile_007389,control,1,1
profile_007390,treatment,0,0
profile_007391,treatment,0,0
profile_007392,treatment,1,1
profile_007393,control,0,0
profile_007394,treatment,1,1
profile_007395,treatment,0,0
profile_007396,treatment,1,1
profile_007397,treatment,1,1
profile_007398,control,1,1
profile_007399,control,1,1
profile_007400,treatment,0,0
profile_007401,control,0,1
profile_007402,control,1,1
profile_007403,control,1,1
profile_007404,treatment,0,1
profile_007405,control,0,1
profile_007406,treatment,1,1
profile_007407,control,0,1
profile_007408,treatment,0,0
profile_007409,treatment,1,1
profile_007410,control,1,1
profile_007411,treatment,1,1
profile_007412,treatment,1,1
profile_007413,treatment,1,1
profile_007414,treatment,1,1
profile_007415,treatment,1,1
profile_007416,treatment,1,1
profile_007417,control,1,1
profile_007418,control,0,1
profile_007419,control,0,0
profile_007420,treatment,1,1
profile_007421,control,1,1
profile_007422,treatment,0,0
profile_007423,control,1,1
profile_007424,treatment,1,1
profile_007425,treatment,1,1
profile_007426,control,1,1
profile_007427,control,1,1
profile_007428,control,0,0
profile_007429,control,1,1
profile_007430,control,0,1
profile_007431,control,0,1
profile_007432,treatment,0,0
profile_007433,control,1,1
profile_007434,treatment,1,1
profile_007435,control,1,1
profile_007436,treatment,0,0
profile_007437,treatment,1,1
profile_007438,treatment,1,1
profile_007439,treatment,1,1
profile_007440,treatment,1,1
profile_007441,control,1,1
profile_007442,treatment,0,0
profile_007443,treatment,1,1
profile_007444,treatment,0,0
profile_007445,control,1,1
profile_007446,treatment,1,1
profile_007447,treatment,1,1
profile_007448,control,1,1
profile_007449,treatment,1,1
profile_007450,control,1,1
profile_007451,treatment,1,1
profile_007452,control,1,1
profile_007453,control,1,1
profile_007454,control,0,0
profile_007455,treatment,0,1
profile_007456,control,1,1
profile_007457,control,1,1
profile_007458,treatment,0,0
profile_007459,treatment,1,1
profile_007460,control,1,1
profile_007461,control,0,0
profile_007462,control,0,0
profile_007463,treatment,1,1
profile_007464,control,1,1
profile_007465,control,1,1
profile_007466,treatment,1,1
profile_007467,treatment,1,1
profile_007468,control,1,1
profile_007469,control,0,0
profile_007470,control,0,0
profile_007471,treatment,1,1
profile_007472,treatment,1,1
profile_007473,treatment,1,1
profile_007474,treatment,0,0
profile_007475,control,1,1
profile_007476,treatment,1,1
profile_007477,treatment,1,1
profile_007478,treatment,1,1
profile_007479,control,1,1
profile_007480,treatment,0,0
profile_007481,treatment,0,0
profile_007482,treatment,1,1
profile_007483,control,0,1
profile_007484,control,1,1
profile_007485,treatment,1,1
profile_007486,control,1,1
profile_007487,treatment,0,0
profile_007488,control,1,1
profile_007489,control,1,1
profile_007490,treatment,0,0
profile_007491,control,1,1
profile_007492,control,0,1
profile_007493,treatment,1,1
profile_007494,treatment,1,1
profile_007495,control,0,0
profile_007496,control,1,1
profile_007497,treatment,1,1
profile_007498,treatment,1,1
profile_007499,treatment,1,1
profile_007500,treatment,1,1
profile_007501,control,0,1
profile_007502,treatment,1,1
profile_007503,control,0,1
profile_007504,control,1,1
profile_007505,treatment,1,1
profile_007506,control,0,0
profile_007507,control,1,1
profile_007508,treatment,0,1
profile_007509,treatment,0,0
profile_007510,control,1,1
profile_007511,treatment,1,1
profile_007512,treatment,0,1
profile_007513,control,1,1
profile_007514,treatment,0,1
profile_007515,treatment,1,1
profile_007516,control,1,1
profile_007517,control,0,0
profile_007518,control,1,1
profile_007519,treatment,1,1
profile_007520,treatment,1,1
profile_007521,control,1,1
profile_007522,control,1,1
profile_007523,treatment,0,0
profile_007524,control,1,1
profile_007525,treatment,1,1
profile_007526,treatment,0,1
profile_007527,control,1,1
profile_007528,control,0,1
profile_007529,control,0,0
profile_007530,control,0,1
profile_007531,control,1,1
profile_007532,treatment,1,1
profile_007533,treatment,1,1
profile_007534,treatment,0,0
profile_007535,treatment,1,1
profile_007536,control,1,1
profile_007537,control,0,1
profile_007538,treatment,0,0
profile_007539,treatment,1,1
profile_007540,treatment,0,0
profile_007541,control,0,0
profile_007542,treatment,1,1
profile_007543,control,1,1
profile_007544,treatment,1,1
profile_007545,control,0,1
profile_007546,treatment,1,1
profile_007547,treatment,1,1
profile_007548,control,1,1
profile_007549,treatment,0,0
profile_007550,treatment,0,1
profile_007551,treatment,1,1
profile_007552,treatment,1,1
profile_007553,control,0,0
profile_007554,treatment,1,1
profile_007555,control,1,1
profile_007556,control,0,1
profile_007557,control,1,1
profile_007558,control,1,1
profile_007559,control,1,1
profile_007560,treatment,0,0
profile_007561,treatment,1,1
profile_007562,treatment,0,0
profile_007563,control,1,1
profile_007564,treatment,1,1
profile_007565,control,0,0
profile_007566,control,0,1
profile_007567,treatment,1,1
profile_007568,control,1,1
profile_007569,control,1,1
profile_007570,control,1,1
profile_007571,control,0,0
profile_007572,treatment,0,0
profile_007573,treatment,0,0
profile_007574,treatment,0,1
profile_007575,treatment,1,1
profile_007576,control,1,1
profile_007577,control,1,1
profile_007578,control,1,1
profile_007579,control,0,0
profile_007580,treatment,0,0
profile_007581,treatment,0,0
profile_007582,treatment,1,1
profile_007583,treatment,1,1
profile_007584,treatment,0,0
profile_007585,treatment,1,1
profile_007586,treatment,0,1
profile_007587,control,0,1
profile_007588,treatment,0,0
profile_007589,treatment,1,1
profile_007590,treatment,0,0
profile_007591,control,1,1
profile_007592,treatment,0,0
profile_007593,control,1,1
profile_007594,control,1,1
profile_007595,treatment,0,0
profile_007596,treatment,0,0
profile_007597,control,0,0
profile_007598,control,1,1
profile_007599,treatment,1,1
profile_007600,treatment,1,1
profile_007601,treatment,0,0
profile_007602,control,1,1
profile_007603,treatment,0,1
profile_007604,treatment,1,1
profile_007605,treatment,1,1
profile_007606,control,0,1
profile_007607,control,1,1
profile_007608,control,1,1
profile_007609,control,0,0
profile_007610,treatment,1,1
profile_007611,control,0,1
profile_007612,control,0,1
profile_007613,treatment,1,1
profile_007614,treatment,1,1
profile_007615,treatment,0,0
profile_007616,control,0,1
profile_007617,control,1,1
profile_007618,treatment,1,1
profile_007619,treatment,1,1
profile_007620,control,1,1
profile_007621,treatment,1,1
profile_007622,treatment,0,0
profile_007623,control,1,1
profile_007624,treatment,0,0
profile_007625,control,0,1
profile_007626,treatment,0,0
profile_007627,treatment,0,1
profile_007628,control,1,1
profile_007629,control,0,0
profile_007630,control,0,0
profile_007631,treatment,1,1
profile_007632,control,1,1
profile_007633,control,1,1
profile_007634,treatment,1,1
profile_007635,control,1,1
profile_007636,control,0,1
profile_007637,control,1,1
profile_007638,treatment,0,0
profile_007639,treatment,1,1
profile_007640,treatment,1,1
profile_007641,treatment,0,0
profile_007642,control,0,1
profile_007643,treatment,1,1
profile_007644,control,1,1
profile_007645,control,0,0
profile_007646,treatment,1,1
profile_007647,treatment,1,1
profile_007648,control,0,1
profile_007649,control,0,1
profile_007650,control,1,1
profile_007651,control,1,1
profile_007652,control,1,1
profile_007653,treatment,0,0
profile_007654,treatment,0,0
profile_007655,control,1,1
profile_007656,treatment,1,1
profile_007657,treatment,1,1
profile_007658,treatment,1,1
profile_007659,treatment,1,1
profile_007660,treatment,1,1
profile_007661,treatment,1,1
profile_007662,treatment,1,1
profile_007663,control,1,1
profile_007664,control,1,1
profile_007665,treatment,1,1
profile_007666,control,1,1
profile_007667,control,1,1
profile_007668,control,0,0
profile_007669,treatment,1,1
profile_007670,control,0,0
profile_007671,control,0,1
profile_007672,control,1,1
profile_007673,control,0,0
profile_007674,treatment,1,1
profile_007675,treatment,1,1
profile_007676,control,1,1
profile_007677,treatment,1,1
profile_007678,treatment,0,0
profile_007679,control,0,0
profile_007680,treatment,0,0
profile_007681,treatment,0,0
profile_007682,treatment,0,0
profile_007683,treatment,1,1
profile_007684,control,0,0
profile_007685,control,1,1
profile_007686,control,0,0
profile_007687,treatment,1,1
profile_007688,treatment,0,0
profile_007689,control,1,1
profile_007690,control,0,0
profile_007691,treatment,0,0
profile_007692,treatment,1,1
profile_007693,control,0,1
profile_007694,control,1,1
profile_007695,control,0,1
profile_007696,control,1,1
profile_007697,treatment,1,1
profile_007698,control,0,1
profile_007699,treatment,0,1
profile_007700,treatment,0,1
profile_007701,control,0,1
profile_007702,control,0,0
profile_007703,control,1,1
profile_007704,control,1,1
profile_007705,treatment,1,1
profile_007706,control,1,1
profile_007707,control,0,0
profile_007708,treatment,1,1
profile_007709,treatment,1,1
profile_007710,control,0,1
profile_007711,control,1,1
profile_007712,control,1,1
profile_007713,control,0,0
profile_007714,treatment,0,0
profile_007715,treatment,1,1
profile_007716,control,1,1
profile_007717,treatment,1,1
profile_007718,treatment,1,1
profile_007719,control,0,0
profile_007720,treatment,1,1
profile_007721,treatment,0,0
profile_007722,control,1,1
profile_007723,treatment,0,0
profile_007724,treatment,0,1
profile_007725,control,1,1
profile_007726,control,0,0
profile_007727,control,1,1
profile_007728,control,1,1
profile_007729,treatment,0,1
profile_007730,treatment,0,1
profile_007731,treatment,0,0
profile_007732,control,0,0
profile_007733,control,1,1
profile_007734,control,1,1
profile_007735,control,1,1
profile_007736,treatment,1,1
profile_007737,treatment,1,1
profile_007738,treatment,0,1
profile_007739,control,1,1
profile_007740,control,1,1
profile_007741,treatment,0,0
profile_007742,control,1,1
profile_007743,treatment,1,1
profile_007744,treatment,1,1
profile_007745,treatment,1,1
profile_007746,treatment,1,1
profile_007747,control,0,1
profile_007748,treatment,1,1
profile_007749,control,0,1
profile_007750,treatment,0,0
profile_007751,control,0,1
profile_007752,treatment,1,1
profile_007753,treatment,1,1
profile_007754,control,0,0
profile_007755,treatment,1,1
profile_007756,control,0,0
profile_007757,control,0,1
profile_007758,control,1,1
profile_007759,control,0,0
profile_007760,control,0,0
profile_007761,control,0,0
profile_007762,treatment,1,1
profile_007763,treatment,0,0
profile_007764,treatment,1,1
profile_007765,control,1,1
profile_007766,control,1,1
profile_007767,treatment,0,0
profile_007768,treatment,1,1
profile_007769,treatment,0,0
profile_007770,treatment,1,1
profile_007771,control,0,1
profile_007772,control,0,0
profile_007773,treatment,1,1
profile_007774,control,1,1
profile_007775,control,1,1
profile_007776,control,0,1
profile_007777,control,1,1
profile_007778,treatment,0,0
profile_007779,control,0,0
profile_007780,control,1,1
profile_007781,treatment,0,0
profile_007782,treatment,0,0
profile_007783,treatment,0,1
profile_007784,control,0,1
profile_007785,control,0,0
profile_007786,treatment,1,1
profile_007787,control,1,1
profile_007788,treatment,0,0
profile_007789,control,1,1
profile_007790,control,1,1
profile_007791,treatment,1,1
profile_007792,treatment,1,1
profile_007793,control,0,1
profile_007794,control,0,1
profile_007795,treatment,1,1
profile_007796,treatment,1,1
profile_007797,control,1,1
profile_007798,control,0,1
profile_007799,control,1,1
profile_007800,treatment,1,1
profile_007801,treatment,1,1
profile_007802,treatment,1,1
profile_007803,control,1,1
profile_007804,treatment,0,1
profile_007805,control,1,1
profile_007806,control,1,1
profile_007807,treatment,0,1
profile_007808,control,0,1
profile_007809,control,0,1
profile_007810,control,0,1
profile_007811,control,1,1
profile_007812,treatment,1,1
profile_007813,treatment,1,1
profile_007814,control,0,0
profile_007815,control,1,1
profile_007816,treatment,0,0
profile_007817,treatment,1,1
profile_007818,control,0,1
profile_007819,control,1,1
profile_007820,treatment,1,1
profile_007821,treatment,0,0
profile_007822,control,1,1
profile_007823,treatment,0,0
profile_007824,treatment,1,1
profile_007825,control,1,1
profile_007826,treatment,0,0
profile_007827,treatment,0,0
profile_007828,treatment,1,1
profile_007829,treatment,1,1
profile_007830,control,1,1
profile_007831,control,0,1
profile_007832,control,0,0
profile_007833,control,0,0
profile_007834,treatment,1,1
profile_007835,control,0,0
profile_007836,treatment,0,0
profile_007837,control,1,1
profile_007838,treatment,1,1
profile_007839,treatment,0,0
profile_007840,treatment,0,0
profile_007841,control,1,1
profile_007842,treatment,1,1
profile_007843,control,1,1
profile_007844,control,1,1
profile_007845,treatment,1,1
profile_007846,control,1,1
profile_007847,treatment,1,1
profile_007848,treatment,0,0
profile_007849,control,0,0
profile_007850,control,0,0
profile_007851,treatment,1,1
profile_007852,control,1,1
profile_007853,treatment,0,1
profile_007854,control,1,1
profile_007855,control,1,1
profile_007856,control,1,1
profile_007857,control,1,1
profile_007858,control,0,0
profile_007859,treatment,0,0
profile_007860,control,0,0
profile_007861,control,0,0
profile_007862,control,1,1
profile_007863,treatment,1,1
profile_007864,control,0,0
profile_007865,treatment,0,0
profile_007866,treatment,0,1
profile_007867,treatment,0,0
profile_007868,control,0,1
profile_007869,treatment,1,1
profile_007870,treatment,1,1
profile_007871,treatment,1,1
profile_007872,treatment,1,1
profile_007873,control,1,1
profile_007874,treatment,1,1
profile_007875,treatment,1,1
profile_007876,control,1,1
profile_007877,treatment,0,1
profile_007878,treatment,1,1
profile_007879,control,1,1
profile_007880,treatment,1,1
profile_007881,control,1,1
profile_007882,control,1,1
profile_007883,control,1,1
profile_007884,treatment,1,1
profile_007885,treatment,1,1
profile_007886,control,1,1
profile_007887,control,0,0
profile_007888,treatment,0,1
profile_007889,control,1,1
profile_007890,control,0,0
profile_007891,control,0,0
profile_007892,treatment,1,1
profile_007893,control,0,0
profile_007894,treatment,1,1
profile_007895,treatment,0,1
profile_007896,treatment,1,1
profile_007897,treatment,0,1
profile_007898,control,1,1
profile_007899,control,0,0
profile_007900,treatment,1,1
profile_007901,treatment,0,1
profile_007902,control,0,0
profile_007903,control,1,1
profile_007904,control,1,1
profile_007905,control,1,1
profile_007906,control,1,1
profile_007907,control,0,0
profile_007908,control,1,1
profile_007909,control,1,1
profile_007910,treatment,1,1
profile_007911,treatment,0,1
profile_007912,treatment,1,1
profile_007913,treatment,1,1
profile_007914,control,0,1
profile_007915,treatment,0,1
profile_007916,control,0,0
profile_007917,control,1,1
profile_007918,treatment,0,0
profile_007919,treatment,0,0
profile_007920,control,0,1
profile_007921,control,0,0
profile_007922,control,1,1
profile_007923,control,1,1
profile_007924,control,0,0
profile_007925,control,1,1
profile_007926,control,1,1
profile_007927,control,1,1
profile_007928,control,0,1
profile_007929,control,1,1
profile_007930,control,1,1
profile_007931,control,1,1
profile_007932,control,1,1
profile_007933,treatment,0,0
profile_007934,control,1,1
profile_007935,treatment,0,0
profile_007936,control,1,1
profile_007937,treatment,1,1
profile_007938,treatment,1,1
profile_007939,treatment,1,1
profile_007940,control,1,1
profile_007941,treatment,0,0
profile_007942,treatment,1,1
profile_007943,treatment,1,1
profile_007944,control,0,1
profile_007945,treatment,1,1
profile_007946,treatment,1,1
profile_007947,treatment,1,1
profile_007948,treatment,1,1
profile_007949,treatment,1,1
profile_007950,treatment,1,1
profile_007951,control,1,1
profile_007952,control,1,1
profile_007953,treatment,1,1
profile_007954,treatment,1,1
profile_007955,treatment,1,1
profile_007956,treatment,0,0
profile_007957,treatment,1,1
profile_007958,control,1,1
profile_007959,treatment,0,0
profile_007960,treatment,1,1
profile_007961,treatment,1,1
profile_007962,control,0,0
profile_007963,treatment,0,0
profile_007964,control,1,1
profile_007965,control,1,1
profile_007966,treatment,0,1
profile_007967,treatment,1,1
profile_007968,treatment,0,1
profile_007969,control,0,1
profile_007970,control,0,0
profile_007971,control,1,1
profile_007972,control,0,0
profile_007973,control,0,1
profile_007974,control,0,0
profile_007975,control,1,1
profile_007976,treatment,0,0
profile_007977,control,1,1
profile_007978,treatment,0,1
profile_007979,control,1,1
profile_007980,control,1,1
profile_007981,control,1,1
profile_007982,control,1,1
profile_007983,control,0,0
profile_007984,control,0,1
profile_007985,control,0,1
profile_007986,control,1,1
profile_007987,control,0,0
profile_007988,treatment,0,0
profile_007989,treatment,1,1
profile_007990,control,0,0
profile_007991,control,1,1
profile_007992,treatment,1,1
profile_007993,control,1,1
profile_007994,treatment,0,0
profile_007995,treatment,1,1
profile_007996,treatment,1,1
profile_007997,treatment,1,1
profile_007998,treatment,1,1
profile_007999,control,1,1
profile_008000,control,1,1
profile_008001,treatment,1,1
profile_008002,control,1,1
profile_008003,treatment,0,1
profile_008004,control,1,1
profile_008005,control,1,1
profile_008006,control,1,1
profile_008007,treatment,0,0
profile_008008,treatment,1,1
profile_008009,treatment,1,1
profile_008010,treatment,0,0
profile_008011,treatment,1,1
profile_008012,control,1,1
profile_008013,control,1,1
profile_008014,treatment,1,1
profile_008015,treatment,1,1
profile_008016,control,1,1
profile_008017,treatment,1,1
profile_008018,control,0,0
profile_008019,control,1,1
profile_008020,treatment,1,1
profile_008021,control,0,1
profile_008022,control,1,1
profile_008023,treatment,0,0
profile_008024,control,1,1
profile_008025,control,1,1
profile_008026,control,0,0
profile_008027,control,0,0
profile_008028,treatment,1,1
profile_008029,control,0,1
profile_008030,control,1,1
profile_008031,control,1,1
profile_008032,treatment,1,1
profile_008033,treatment,1,1
profile_008034,treatment,0,0
profile_008035,treatment,0,1
profile_008036,treatment,0,1
profile_008037,control,1,1
profile_008038,treatment,1,1
profile_008039,control,1,1
profile_008040,control,1,1
profile_008041,treatment,1,1
profile_008042,control,1,1
profile_008043,treatment,0,1
profile_008044,control,0,1
profile_008045,treatment,1,1
profile_008046,treatment,0,0
profile_008047,treatment,0,0
profile_008048,control,1,1
profile_008049,control,0,0
profile_008050,control,1,1
profile_008051,control,0,0
profile_008052,treatment,1,1
profile_008053,control,1,1
profile_008054,treatment,0,0
profile_008055,control,1,1
profile_008056,treatment,0,0
profile_008057,control,0,0
profile_008058,treatment,1,1
profile_008059,control,1,1
profile_008060,control,1,1
profile_008061,control,1,1
profile_008062,control,1,1
profile_008063,control,0,0
profile_008064,treatment,0,0
profile_008065,treatment,0,0
profile_008066,control,0,0
profile_008067,treatment,0,0
profile_008068,control,0,1
profile_008069,treatment,1,1
profile_008070,treatment,1,1
profile_008071,control,0,0
profile_008072,control,0,0
profile_008073,treatment,1,1
profile_008074,treatment,1,1
profile_008075,treatment,1,1
profile_008076,control,0,0
profile_008077,control,1,1
profile_008078,treatment,0,0
profile_008079,treatment,1,1
profile_008080,treatment,1,1
profile_008081,treatment,1,1
profile_008082,treatment,1,1
profile_008083,control,1,1
profile_008084,control,0,1
profile_008085,control,1,1
profile_008086,treatment,1,1
profile_008087,treatment,1,1
profile_008088,control,1,1
profile_008089,treatment,1,1
profile_008090,treatment,1,1
profile_008091,control,1,1
profile_008092,treatment,0,0
profile_008093,treatment,1,1
profile_008094,control,0,0
profile_008095,control,1,1
profile_008096,control,1,1
profile_008097,treatment,1,1
profile_008098,control,0,0
profile_008099,treatment,1,1
profile_008100,control,0,1
profile_008101,control,1,1
profile_008102,treatment,1,1
profile_008103,control,1,1
profile_008104,treatment,0,0
profile_008105,treatment,0,1
profile_008106,control,1,1
profile_008107,treatment,1,1
profile_008108,treatment,0,0
profile_008109,control,0,1
profile_008110,control,1,1
profile_008111,treatment,1,1
profile_008112,treatment,1,1
profile_008113,control,0,1
profile_008114,control,0,0
profile_008115,control,1,1
profile_008116,control,0,0
profile_008117,control,0,0
profile_008118,treatment,1,1
profile_008119,control,1,1
profile_008120,treatment,1,1
profile_008121,treatment,1,1
profile_008122,control,0,1
profile_008123,control,1,1
profile_008124,treatment,1,1
profile_008125,treatment,1,1
profile_008126,control,1,1
profile_008127,control,1,1
profile_008128,control,0,0
profile_008129,treatment,1,1
profile_008130,control,1,1
profile_008131,control,1,1
profile_008132,treatment,1,1
profile_008133,control,0,1
profile_008134,control,1,1
profile_008135,control,0,0
profile_008136,treatment,1,1
profile_008137,control,1,1
profile_008138,treatment,0,0
profile_008139,control,1,1
profile_008140,control,1,1
profile_008141,control,1,1
profile_008142,treatment,1,1
profile_008143,control,1,1
profile_008144,control,1,1
profile_008145,control,0,0
profile_008146,treatment,0,0
profile_008147,control,0,1
profile_008148,control,0,0
profile_008149,treatment,1,1
profile_008150,control,0,1
profile_008151,control,0,1
profile_008152,treatment,1,1
profile_008153,control,0,1
profile_008154,control,1,1
profile_008155,treatment,1,1
profile_008156,treatment,1,1
profile_008157,control,1,1
profile_008158,control,0,0
profile_008159,control,1,1
profile_008160,treatment,0,0
profile_008161,control,1,1
profile_008162,treatment,0,1
profile_008163,treatment,1,1
profile_008164,control,0,1
profile_008165,control,1,1
profile_008166,control,1,1
profile_008167,control,0,1
profile_008168,control,0,1
profile_008169,treatment,0,0
profile_008170,control,1,1
profile_008171,control,1,1
profile_008172,control,1,1
profile_008173,control,0,1
profile_008174,control,1,1
profile_008175,control,0,1
profile_008176,treatment,1,1
profile_008177,treatment,1,1
profile_008178,treatment,1,1
profile_008179,control,0,0
profile_008180,control,1,1
profile_008181,control,0,1
profile_008182,control,1,1
profile_008183,control,1,1
profile_008184,treatment,0,1
profile_008185,control,1,1
profile_008186,control,1,1
profile_008187,control,1,1
profile_008188,control,0,1
profile_008189,treatment,1,1
profile_008190,control,1,1
profile_008191,treatment,1,1
profile_008192,treatment,1,1
profile_008193,treatment,1,1
profile_008194,control,0,0
profile_008195,control,1,1
profile_008196,control,1,1
profile_008197,treatment,1,1
profile_008198,control,1,1
profile_008199,treatment,1,1
profile_008200,treatment,1,1
profile_008201,control,1,1
profile_008202,control,1,1
profile_008203,treatment,0,0
profile_008204,treatment,0,0
profile_008205,control,0,1
profile_008206,control,0,0
profile_008207,control,1,1
profile_008208,control,1,1
profile_008209,control,1,1
profile_008210,treatment,1,1
profile_008211,treatment,1,1
profile_008212,treatment,1,1
profile_008213,treatment,1,1
profile_008214,control,0,0
profile_008215,control,1,1
profile_008216,treatment,1,1
profile_008217,treatment,0,0
profile_008218,control,1,1
profile_008219,treatment,0,1
profile_008220,control,1,1
profile_008221,control,1,1
profile_008222,treatment,1,1
profile_008223,treatment,1,1
profile_008224,control,0,1
profile_008225,treatment,1,1
profile_008226,control,1,1
profile_008227,control,0,0
profile_008228,treatment,0,1
profile_008229,treatment,0,0
profile_008230,treatment,0,0
profile_008231,treatment,1,1
profile_008232,control,1,1
profile_008233,treatment,1,1
profile_008234,treatment,0,0
profile_008235,control,0,1
profile_008236,treatment,1,1
profile_008237,treatment,1,1
profile_008238,treatment,0,0
profile_008239,treatment,1,1
profile_008240,treatment,0,1
profile_008241,control,1,1
profile_008242,treatment,1,1
profile_008243,control,0,0
profile_008244,control,1,1
profile_008245,treatment,0,0
profile_008246,treatment,0,0
profile_008247,control,1,1
profile_008248,control,0,1
profile_008249,control,1,1
profile_008250,control,1,1
profile_008251,control,1,1
profile_008252,treatment,1,1
profile_008253,treatment,1,1
profile_008254,control,1,1
profile_008255,control,1,1
profile_008256,control,1,1
profile_008257,treatment,1,1
profile_008258,control,1,1
profile_008259,treatment,1,1
profile_008260,control,1,1
profile_008261,treatment,1,1
profile_008262,treatment,0,0
profile_008263,treatment,0,1
profile_008264,treatment,1,1
profile_008265,control,1,1
profile_008266,control,1,1
profile_008267,control,0,0
profile_008268,control,0,1
profile_008269,treatment,0,0
profile_008270,control,1,1
profile_008271,control,1,1
profile_008272,control,1,1
profile_008273,treatment,0,0
profile_008274,treatment,1,1
profile_008275,control,1,1
profile_008276,treatment,1,1
profile_008277,control,1,1
profile_008278,control,0,0
profile_008279,treatment,1,1
profile_008280,treatment,0,0
profile_008281,treatment,1,1
profile_008282,treatment,1,1
profile_008283,treatment,0,0
profile_008284,control,0,1
profile_008285,control,1,1
profile_008286,treatment,1,1
profile_008287,treatment,1,1
profile_008288,treatment,0,0
profile_008289,treatment,1,1
profile_008290,treatment,0,0
profile_008291,treatment,0,0
profile_008292,treatment,0,1
profile_008293,control,1,1
profile_008294,control,1,1
profile_008295,control,1,1
profile_008296,treatment,1,1
profile_008297,control,1,1
profile_008298,treatment,0,0
profile_008299,treatment,0,0
profile_008300,treatment,1,1
profile_008301,control,0,1
profile_008302,treatment,1,1
profile_008303,treatment,1,1
profile_008304,control,1,1
profile_008305,control,1,1
profile_008306,control,0,0
profile_008307,control,1,1
profile_008308,treatment,1,1
profile_008309,control,1,1
profile_008310,control,0,1
profile_008311,control,0,0
profile_008312,treatment,1,1
profile_008313,control,0,1
profile_008314,control,1,1
profile_008315,control,1,1
profile_008316,treatment,1,1
profile_008317,control,1,1
profile_008318,treatment,1,1
profile_008319,treatment,1,1
profile_008320,treatment,0,0
profile_008321,control,0,1
profile_008322,control,0,0
profile_008323,treatment,1,1
profile_008324,control,1,1
profile_008325,control,1,1
profile_008326,treatment,1,1
profile_008327,treatment,0,0
profile_008328,control,1,1
profile_008329,treatment,0,0
profile_008330,control,1,1
profile_008331,treatment,1,1
profile_008332,treatment,1,1
profile_008333,control,1,1
profile_008334,treatment,0,0
profile_008335,treatment,1,1
profile_008336,treatment,0,0
profile_008337,treatment,1,1
profile_008338,control,1,1
profile_008339,treatment,0,1
profile_008340,control,1,1
profile_008341,control,0,1
profile_008342,control,1,1
profile_008343,treatment,1,1
profile_008344,control,1,1
profile_008345,control,1,1
profile_008346,control,0,0
profile_008347,treatment,0,0
profile_008348,treatment,0,0
profile_008349,control,0,1
profile_008350,control,0,1
profile_008351,treatment,0,0
profile_008352,treatment,0,0
profile_008353,control,1,1
profile_008354,control,0,1
profile_008355,treatment,0,1
profile_008356,control,0,1
profile_008357,control,0,1
profile_008358,control,1,1
profile_008359,control,1,1
profile_008360,control,0,0
profile_008361,treatment,0,0
profile_008362,treatment,1,1
profile_008363,control,1,1
profile_008364,control,1,1
profile_008365,control,0,0
profile_008366,control,0,1
profile_008367,treatment,0,0
profile_008368,control,1,1
profile_008369,control,1,1
profile_008370,treatment,1,1
profile_008371,treatment,1,1
profile_008372,control,0,1
profile_008373,treatment,1,1
profile_008374,treatment,1,1
profile_008375,treatment,0,0
profile_008376,treatment,0,0
profile_008377,treatment,1,1
profile_008378,treatment,0,1
profile_008379,treatment,0,0
profile_008380,control,0,1
profile_008381,treatment,1,1
profile_008382,treatment,1,1
profile_008383,control,1,1
profile_008384,treatment,0,0
profile_008385,control,1,1
profile_008386,treatment,1,1
profile_008387,treatment,0,0
profile_008388,control,1,1
profile_008389,treatment,1,1
profile_008390,control,0,1
profile_008391,control,1,1
profile_008392,treatment,1,1
profile_008393,control,1,1
profile_008394,treatment,0,1
profile_008395,treatment,1,1
profile_008396,treatment,0,1
profile_008397,treatment,1,1
profile_008398,control,0,1
profile_008399,control,1,1
profile_008400,control,0,1
profile_008401,treatment,1,1
profile_008402,treatment,0,1
profile_008403,control,1,1
profile_008404,treatment,1,1
profile_008405,treatment,1,1
profile_008406,treatment,0,0
profile_008407,control,1,1
profile_008408,control,1,1
profile_008409,control,1,1
profile_008410,treatment,0,0
profile_008411,treatment,0,0
profile_008412,treatment,1,1
profile_008413,treatment,0,1
profile_008414,control,1,1
profile_008415,treatment,1,1
profile_008416,treatment,0,1
profile_008417,treatment,0,0
profile_008418,treatment,0,0
profile_008419,treatment,1,1
profile_008420,treatment,1,1
profile_008421,treatment,0,1
profile_008422,treatment,1,1
profile_008423,control,1,1
profile_008424,control,1,1
profile_008425,treatment,1,1
profile_008426,control,1,1
profile_008427,treatment,1,1
profile_008428,treatment,0,1
profile_008429,control,1,1
profile_008430,control,1,1
profile_008431,control,1,1
profile_008432,control,0,0
profile_008433,control,0,1
profile_008434,control,0,0
profile_008435,treatment,1,1
profile_008436,treatment,0,1
profile_008437,treatment,1,1
profile_008438,treatment,1,1
profile_008439,treatment,0,1
profile_008440,control,0,0
profile_008441,treatment,0,0
profile_008442,treatment,0,0
profile_008443,control,1,1
profile_008444,treatment,0,1
profile_008445,control,1,1
profile_008446,treatment,0,0
profile_008447,treatment,0,1
profile_008448,control,1,1
profile_008449,treatment,0,0
profile_008450,control,0,0
profile_008451,control,1,1
profile_008452,control,0,0
profile_008453,control,1,1
profile_008454,control,0,0
profile_008455,treatment,1,1
profile_008456,control,1,1
profile_008457,treatment,1,1
profile_008458,treatment,1,1
profile_008459,treatment,0,1
profile_008460,treatment,1,1
profile_008461,control,0,0
profile_008462,treatment,1,1
profile_008463,control,1,1
profile_008464,control,0,1
profile_008465,control,0,0
profile_008466,control,1,1
profile_008467,treatment,1,1
profile_008468,treatment,1,1
profile_008469,treatment,0,1
profile_008470,treatment,1,1
profile_008471,control,0,1
profile_008472,treatment,1,1
profile_008473,treatment,0,0
profile_008474,treatment,1,1
profile_008475,control,0,1
profile_008476,control,0,1
profile_008477,treatment,1,1
profile_008478,control,0,0
profile_008479,treatment,1,1
profile_008480,treatment,1,1
profile_008481,control,0,0
profile_008482,treatment,1,1
profile_008483,treatment,1,1
profile_008484,treatment,0,0
profile_008485,treatment,1,1
profile_008486,control,0,0
profile_008487,control,1,1
profile_008488,treatment,1,1
profile_008489,treatment,1,1
profile_008490,control,0,0
profile_008491,treatment,1,1
profile_008492,control,0,0
profile_008493,control,0,0
profile_008494,treatment,1,1
profile_008495,treatment,1,1
profile_008496,control,1,1
profile_008497,treatment,1,1
profile_008498,control,0,0
profile_008499,control,1,1
profile_008500,treatment,0,0
profile_008501,treatment,1,1
profile_008502,treatment,0,0
profile_008503,treatment,0,1
profile_008504,control,1,1
profile_008505,treatment,0,1
profile_008506,control,1,1
profile_008507,treatment,0,1
profile_008508,control,1,1
profile_008509,treatment,0,0
profile_008510,treatment,0,0
profile_008511,treatment,1,1
profile_008512,treatment,1,1
profile_008513,control,1,1
profile_008514,treatment,1,1
profile_008515,control,1,1
profile_008516,control,1,1
profile_008517,control,0,0
profile_008518,control,1,1
profile_008519,control,0,0
profile_008520,control,1,1
profile_008521,control,1,1
profile_008522,treatment,1,1
profile_008523,treatment,1,1
profile_008524,control,0,1
profile_008525,treatment,1,1
profile_008526,control,1,1
profile_008527,treatment,1,1
profile_008528,treatment,1,1
profile_008529,treatment,1,1
profile_008530,treatment,0,0
profile_008531,treatment,0,0
profile_008532,treatment,0,0
profile_008533,treatment,0,0
profile_008534,control,1,1
profile_008535,treatment,1,1
profile_008536,control,1,1
profile_008537,control,1,1
profile_008538,control,0,0
profile_008539,treatment,1,1
profile_008540,control,0,0
profile_008541,treatment,1,1
profile_008542,treatment,1,1
profile_008543,treatment,1,1
profile_008544,treatment,1,1
profile_008545,control,0,1
profile_008546,treatment,1,1
profile_008547,control,0,0
profile_008548,control,1,1
profile_008549,treatment,0,0
profile_008550,treatment,0,1
profile_008551,control,1,1
profile_008552,control,0,1
profile_008553,control,1,1
profile_008554,control,1,1
profile_008555,control,0,0
profile_008556,treatment,1,1
profile_008557,treatment,1,1
profile_008558,treatment,1,1
profile_008559,treatment,1,1
profile_008560,treatment,1,1
profile_008561,treatment,0,0
profile_008562,treatment,1,1
profile_008563,treatment,1,1
profile_008564,treatment,0,0
profile_008565,control,1,1
profile_008566,control,0,1
profile_008567,control,0,0
profile_008568,treatment,1,1
profile_008569,treatment,0,0
profile_008570,control,1,1
profile_008571,control,1,1
profile_008572,treatment,0,0
profile_008573,control,1,1
profile_008574,control,1,1
profile_008575,control,1,1
profile_008576,control,1,1
profile_008577,treatment,1,1
profile_008578,treatment,0,0
profile_008579,control,1,1
profile_008580,treatment,1,1
profile_008581,treatment,1,1
profile_008582,treatment,0,0
profile_008583,treatment,1,1
profile_008584,treatment,0,1
profile_008585,treatment,1,1
profile_008586,control,1,1
profile_008587,treatment,1,1
profile_008588,treatment,0,1
profile_008589,control,1,1
profile_008590,control,1,1
profile_008591,control,1,1
profile_008592,control,1,1
profile_008593,treatment,1,1
profile_008594,treatment,1,1
profile_008595,treatment,0,0
profile_008596,treatment,0,0
profile_008597,control,1,1
profile_008598,treatment,1,1
profile_008599,control,0,0
profile_008600,control,1,1
profile_008601,control,1,1
profile_008602,treatment,0,1
profile_008603,treatment,1,1
profile_008604,treatment,0,0
profile_008605,control,0,1
profile_008606,control,0,0
profile_008607,control,1,1
profile_008608,treatment,1,1
profile_008609,treatment,0,0
profile_008610,treatment,1,1
profile_008611,control,0,1
profile_008612,treatment,1,1
profile_008613,control,1,1
profile_008614,treatment,1,1
profile_008615,control,0,1
profile_008616,treatment,0,0
profile_008617,treatment,0,0
profile_008618,treatment,1,1
profile_008619,treatment,1,1
profile_008620,treatment,1,1
profile_008621,control,1,1
profile_008622,control,0,1
profile_008623,treatment,1,1
profile_008624,treatment,1,1
profile_008625,control,0,1
profile_008626,treatment,0,0
profile_008627,control,0,1
profile_008628,treatment,1,1
profile_008629,control,1,1
profile_008630,treatment,1,1
profile_008631,control,1,1
profile_008632,treatment,1,1
profile_008633,treatment,1,1
profile_008634,control,0,1
profile_008635,treatment,1,1
profile_008636,treatment,1,1
profile_008637,control,1,1
profile_008638,control,0,1
profile_008639,treatment,1,1
profile_008640,treatment,1,1
profile_008641,control,1,1
profile_008642,control,0,0
profile_008643,treatment,1,1
profile_008644,treatment,1,1
profile_008645,control,1,1
profile_008646,control,1,1
profile_008647,treatment,0,1
profile_008648,control,0,1
profile_008649,control,0,1
profile_008650,treatment,1,1
profile_008651,control,0,1
profile_008652,treatment,1,1
profile_008653,control,0,1
profile_008654,treatment,0,1
profile_008655,control,1,1
profile_008656,control,1,1
profile_008657,control,1,1
profile_008658,treatment,0,0
profile_008659,treatment,1,1
profile_008660,control,1,1
profile_008661,control,1,1
profile_008662,treatment,1,1
profile_008663,control,1,1
profile_008664,control,1,1
profile_008665,treatment,1,1
profile_008666,control,1,1
profile_008667,treatment,1,1
profile_008668,treatment,1,1
profile_008669,treatment,0,1
profile_008670,treatment,0,1
profile_008671,control,1,1
profile_008672,treatment,0,1
profile_008673,treatment,1,1
profile_008674,treatment,0,0
profile_008675,control,1,1
profile_008676,treatment,1,1
profile_008677,treatment,0,0
profile_008678,control,1,1
profile_008679,treatment,0,0
profile_008680,treatment,0,0
profile_008681,treatment,0,1
profile_008682,treatment,0,1
profile_008683,treatment,0,0
profile_008684,treatment,1,1
profile_008685,treatment,1,1
profile_008686,control,1,1
profile_008687,control,1,1
profile_008688,treatment,0,0
profile_008689,control,0,0
profile_008690,control,1,1
profile_008691,control,1,1
profile_008692,treatment,1,1
profile_008693,treatment,0,0
profile_008694,control,1,1
profile_008695,treatment,1,1
profile_008696,control,0,1
profile_008697,treatment,1,1
profile_008698,treatment,1,1
profile_008699,control,1,1
profile_008700,control,1,1
profile_008701,treatment,1,1
profile_008702,control,0,1
profile_008703,treatment,1,1
profile_008704,control,1,1
profile_008705,control,0,0
profile_008706,control,1,1
profile_008707,treatment,0,1
profile_008708,treatment,1,1
profile_008709,control,1,1
profile_008710,treatment,0,1
profile_008711,control,1,1
profile_008712,control,1,1
profile_008713,control,1,1
profile_008714,control,0,1
profile_008715,control,1,1
profile_008716,treatment,1,1
profile_008717,treatment,1,1
profile_008718,control,0,0
profile_008719,treatment,1,1
profile_008720,treatment,0,1
profile_008721,treatment,1,1
profile_008722,control,1,1
profile_008723,treatment,1,1
profile_008724,control,0,0
profile_008725,treatment,0,1
profile_008726,treatment,0,1
profile_008727,control,1,1
profile_008728,treatment,1,1
profile_008729,treatment,1,1
profile_008730,treatment,0,0
profile_008731,treatment,1,1
profile_008732,treatment,0,1
profile_008733,treatment,0,0
profile_008734,treatment,1,1
profile_008735,control,1,1
profile_008736,treatment,0,1
profile_008737,control,1,1
profile_008738,treatment,1,1
profile_008739,control,1,1
profile_008740,treatment,0,0
profile_008741,treatment,1,1
profile_008742,control,1,1
profile_008743,treatment,1,1
profile_008744,treatment,0,0
profile_008745,control,1,1
profile_008746,control,1,1
profile_008747,treatment,0,1
profile_008748,control,1,1
profile_008749,control,1,1
profile_008750,control,0,1
profile_008751,control,1,1
profile_008752,treatment,1,1
profile_008753,treatment,1,1
profile_008754,control,1,1
profile_008755,treatment,1,1
profile_008756,control,1,1
profile_008757,control,0,1
profile_008758,control,0,1
profile_008759,treatment,1,1
profile_008760,treatment,0,0
profile_008761,treatment,0,0
profile_008762,control,1,1
profile_008763,control,1,1
profile_008764,control,1,1
profile_008765,treatment,0,1
profile_008766,treatment,1,1
profile_008767,control,1,1
profile_008768,control,1,1
profile_008769,treatment,1,1
profile_008770,treatment,1,1
profile_008771,control,1,1
profile_008772,control,0,1
profile_008773,control,1,1
profile_008774,control,0,1
profile_008775,treatment,0,0
profile_008776,treatment,1,1
profile_008777,treatment,1,1
profile_008778,control,1,1
profile_008779,control,1,1
profile_008780,treatment,1,1
profile_008781,control,0,1
profile_008782,treatment,1,1
profile_008783,treatment,1,1
profile_008784,control,1,1
profile_008785,control,0,1
profile_008786,control,0,0
profile_008787,treatment,0,1
profile_008788,treatment,0,0
profile_008789,control,0,1
profile_008790,treatment,1,1
profile_008791,treatment,1,1
profile_008792,control,1,1
profile_008793,treatment,0,1
profile_008794,treatment,0,0
profile_008795,treatment,1,1
profile_008796,treatment,1,1
profile_008797,treatment,0,0
profile_008798,control,0,1
profile_008799,treatment,0,0
profile_008800,treatment,1,1
profile_008801,treatment,1,1
profile_008802,control,0,1
profile_008803,control,1,1
profile_008804,treatment,0,1
profile_008805,control,0,1
profile_008806,treatment,1,1
profile_008807,treatment,0,0
profile_008808,control,0,1
profile_008809,control,0,0
profile_008810,control,1,1
profile_008811,control,1,1
profile_008812,treatment,1,1
profile_008813,control,0,0
profile_008814,treatment,1,1
profile_008815,control,1,1
profile_008816,treatment,0,0
profile_008817,treatment,1,1
profile_008818,treatment,0,0
profile_008819,treatment,1,1
profile_008820,treatment,1,1
profile_008821,control,1,1
profile_008822,control,1,1
profile_008823,control,1,1
profile_008824,treatment,0,0
profile_008825,control,1,1
profile_008826,control,1,1
profile_008827,treatment,1,1
profile_008828,control,0,0
profile_008829,control,1,1
profile_008830,control,1,1
profile_008831,treatment,1,1
profile_008832,treatment,1,1
profile_008833,control,0,1
profile_008834,control,1,1
profile_008835,control,1,1
profile_008836,treatment,1,1
profile_008837,control,0,1
profile_008838,control,0,1
profile_008839,control,0,0
profile_008840,treatment,1,1
profile_008841,control,1,1
profile_008842,treatment,1,1
profile_008843,treatment,0,0
profile_008844,control,0,1
profile_008845,control,1,1
profile_008846,control,1,1
profile_008847,control,1,1
profile_008848,treatment,0,0
profile_008849,treatment,1,1
profile_008850,treatment,0,0
profile_008851,treatment,0,1
profile_008852,treatment,0,1
profile_008853,control,0,1
profile_008854,control,0,0
profile_008855,treatment,1,1
profile_008856,treatment,1,1
profile_008857,control,0,1
profile_008858,treatment,1,1
profile_008859,treatment,1,1
profile_008860,control,0,1
profile_008861,control,1,1
profile_008862,control,0,0
profile_008863,treatment,1,1
profile_008864,control,1,1
profile_008865,control,0,0
profile_008866,control,1,1
profile_008867,control,1,1
profile_008868,treatment,1,1
profile_008869,treatment,1,1
profile_008870,control,1,1
profile_008871,treatment,1,1
profile_008872,treatment,1,1
profile_008873,treatment,1,1
profile_008874,treatment,0,1
profile_008875,control,1,1
profile_008876,treatment,1,1
profile_008877,treatment,1,1
profile_008878,treatment,0,0
profile_008879,treatment,0,0
profile_008880,treatment,0,0
profile_008881,control,0,1
profile_008882,treatment,1,1
profile_008883,control,0,1
profile_008884,control,0,1
profile_008885,control,1,1
profile_008886,treatment,1,1
profile_008887,control,1,1
profile_008888,treatment,1,1
profile_008889,treatment,1,1
profile_008890,control,0,0
profile_008891,treatment,0,1
profile_008892,treatment,1,1
profile_008893,control,1,1
profile_008894,treatment,1,1
profile_008895,control,1,1
profile_008896,treatment,1,1
profile_008897,treatment,1,1
profile_008898,control,0,1
profile_008899,treatment,1,1
profile_008900,treatment,1,1
profile_008901,control,1,1
profile_008902,treatment,1,1
profile_008903,control,0,0
profile_008904,treatment,0,1
profile_008905,control,1,1
profile_008906,control,1,1
profile_008907,treatment,1,1
profile_008908,treatment,1,1
profile_008909,treatment,1,1
profile_008910,treatment,1,1
profile_008911,control,1,1
profile_008912,control,1,1
profile_008913,control,0,0
profile_008914,treatment,1,1
profile_008915,treatment,1,1
profile_008916,treatment,0,0
profile_008917,control,0,0
profile_008918,treatment,1,1
profile_008919,treatment,0,0
profile_008920,control,1,1
profile_008921,control,0,1
profile_008922,treatment,1,1
profile_008923,control,1,1
profile_008924,treatment,1,1
profile_008925,treatment,1,1
profile_008926,treatment,1,1
profile_008927,control,0,1
profile_008928,treatment,1,1
profile_008929,treatment,1,1
profile_008930,control,1,1
profile_008931,control,1,1
profile_008932,control,0,1
profile_008933,control,1,1
profile_008934,treatment,1,1
profile_008935,control,0,0
profile_008936,control,1,1
profile_008937,treatment,1,1
profile_008938,treatment,0,0
profile_008939,control,0,1
profile_008940,treatment,0,1
profile_008941,control,1,1
profile_008942,control,1,1
profile_008943,treatment,0,0
profile_008944,control,0,0
profile_008945,control,1,1
profile_008946,treatment,1,1
profile_008947,treatment,1,1
profile_008948,control,1,1
profile_008949,treatment,1,1
profile_008950,control,1,1
profile_008951,control,0,0
profile_008952,treatment,1,1
profile_008953,control,1,1
profile_008954,control,0,1
profile_008955,treatment,0,0
profile_008956,treatment,0,1
profile_008957,control,1,1
profile_008958,control,0,1
profile_008959,treatment,0,0
profile_008960,control,1,1
profile_008961,treatment,1,1
profile_008962,control,1,1
profile_008963,control,1,1
profile_008964,control,0,1
profile_008965,control,1,1
profile_008966,treatment,1,1
profile_008967,treatment,1,1
profile_008968,treatment,0,1
profile_008969,treatment,0,0
profile_008970,control,0,1
profile_008971,control,1,1
profile_008972,control,0,1
profile_008973,treatment,1,1
profile_008974,control,1,1
profile_008975,treatment,1,1
profile_008976,treatment,0,1
profile_008977,treatment,1,1
profile_008978,treatment,1,1
profile_008979,control,0,1
profile_008980,control,0,1
profile_008981,treatment,0,0
profile_008982,treatment,0,0
profile_008983,treatment,1,1
profile_008984,control,0,1
profile_008985,treatment,1,1
profile_008986,control,1,1
profile_008987,treatment,1,1
profile_008988,control,0,1
profile_008989,treatment,0,0
profile_008990,control,1,1
profile_008991,treatment,0,0
profile_008992,control,1,1
profile_008993,control,0,1
profile_008994,control,1,1
profile_008995,treatment,1,1
profile_008996,treatment,0,0
profile_008997,treatment,0,1
profile_008998,control,1,1
profile_008999,treatment,0,1
profile_009000,treatment,1,1
profile_009001,treatment,1,1
profile_009002,control,1,1
profile_009003,treatment,1,1
profile_009004,control,1,1
profile_009005,treatment,0,0
profile_009006,treatment,1,1
profile_009007,treatment,1,1
profile_009008,control,0,0
profile_009009,treatment,0,1
profile_009010,control,0,1
profile_009011,treatment,1,1
profile_009012,control,1,1
profile_009013,control,0,0
profile_009014,treatment,1,1
profile_009015,treatment,1,1
profile_009016,control,0,0
profile_009017,control,1,1
profile_009018,control,1,1
profile_009019,treatment,0,0
profile_009020,treatment,0,0
profile_009021,treatment,1,1
profile_009022,treatment,1,1
profile_009023,control,1,1
profile_009024,treatment,0,1
profile_009025,treatment,1,1
profile_009026,control,0,0
profile_009027,control,1,1
profile_009028,control,0,0
profile_009029,control,1,1
profile_009030,treatment,0,1
profile_009031,control,1,1
profile_009032,treatment,0,0
profile_009033,treatment,0,0
profile_009034,control,0,1
profile_009035,treatment,0,1
profile_009036,control,1,1
profile_009037,treatment,1,1
profile_009038,control,1,1
profile_009039,control,0,0
profile_009040,control,0,1
profile_009041,control,1,1
profile_009042,treatment,1,1
profile_009043,control,0,1
profile_009044,treatment,1,1
profile_009045,control,1,1
profile_009046,treatment,0,0
profile_009047,treatment,1,1
profile_009048,control,0,1
profile_009049,treatment,1,1
profile_009050,treatment,0,0
profile_009051,control,0,0
profile_009052,treatment,1,1
profile_009053,treatment,0,1
profile_009054,control,0,1
profile_009055,treatment,1,1
profile_009056,treatment,1,1
profile_009057,control,1,1
profile_009058,treatment,0,0
profile_009059,treatment,1,1
profile_009060,control,1,1
profile_009061,treatment,0,0
profile_009062,treatment,1,1
profile_009063,treatment,1,1
profile_009064,treatment,0,0
profile_009065,control,0,1
profile_009066,control,0,1
profile_009067,control,1,1
profile_009068,control,1,1
profile_009069,control,0,1
profile_009070,control,1,1
profile_009071,treatment,0,1
profile_009072,treatment,1,1
profile_009073,control,1,1
profile_009074,treatment,1,1
profile_009075,treatment,0,1
profile_009076,treatment,1,1
profile_009077,treatment,0,0
profile_009078,control,0,0
profile_009079,control,0,0
profile_009080,control,1,1
profile_009081,control,1,1
profile_009082,control,1,1
profile_009083,treatment,1,1
profile_009084,treatment,0,1
profile_009085,control,1,1
profile_009086,control,1,1
profile_009087,control,1,1
profile_009088,control,1,1
profile_009089,treatment,1,1
profile_009090,control,1,1
profile_009091,treatment,1,1
profile_009092,treatment,0,0
profile_009093,treatment,0,1
profile_009094,control,1,1
profile_009095,control,1,1
profile_009096,treatment,0,1
profile_009097,treatment,1,1
profile_009098,control,1,1
profile_009099,treatment,1,1
profile_009100,treatment,1,1
profile_009101,treatment,1,1
profile_009102,treatment,0,0
profile_009103,control,0,0
profile_009104,control,0,0
profile_009105,control,1,1
profile_009106,treatment,0,0
profile_009107,control,0,0
profile_009108,control,0,1
profile_009109,control,1,1
profile_009110,treatment,1,1
profile_009111,control,0,1
profile_009112,treatment,1,1
profile_009113,treatment,0,0
profile_009114,control,1,1
profile_009115,treatment,1,1
profile_009116,treatment,1,1
profile_009117,control,1,1
profile_009118,control,0,1
profile_009119,control,1,1
profile_009120,control,1,1
profile_009121,treatment,0,1
profile_009122,treatment,1,1
profile_009123,control,1,1
profile_009124,treatment,1,1
profile_009125,control,1,1
profile_009126,treatment,1,1
profile_009127,control,1,1
profile_009128,control,0,1
profile_009129,treatment,1,1
profile_009130,control,0,1
profile_009131,control,1,1
profile_009132,control,1,1
profile_009133,treatment,1,1
profile_009134,control,1,1
profile_009135,treatment,1,1
profile_009136,treatment,1,1
profile_009137,treatment,1,1
profile_009138,treatment,0,0
profile_009139,treatment,0,1
profile_009140,control,1,1
profile_009141,control,1,1
profile_009142,treatment,0,0
profile_009143,control,1,1
profile_009144,treatment,1,1
profile_009145,control,1,1
profile_009146,control,1,1
profile_009147,control,1,1
profile_009148,control,0,1
profile_009149,control,1,1
profile_009150,control,0,0
profile_009151,control,0,0
profile_009152,control,1,1
profile_009153,treatment,1,1
profile_009154,treatment,1,1
profile_009155,treatment,1,1
profile_009156,treatment,1,1
profile_009157,treatment,1,1
profile_009158,control,1,1
profile_009159,treatment,1,1
profile_009160,control,1,1
profile_009161,control,0,0
profile_009162,control,0,0
profile_009163,treatment,1,1
profile_009164,treatment,1,1
profile_009165,control,1,1
profile_009166,control,1,1
profile_009167,control,1,1
profile_009168,treatment,0,1
profile_009169,treatment,0,1
profile_009170,treatment,1,1
profile_009171,treatment,1,1
profile_009172,treatment,1,1
profile_009173,treatment,1,1
profile_009174,control,1,1
profile_009175,treatment,1,1
profile_009176,treatment,0,0
profile_009177,control,1,1
profile_009178,treatment,0,0
profile_009179,treatment,0,0
profile_009180,control,1,1
profile_009181,control,1,1
profile_009182,control,0,0
profile_009183,control,0,0
profile_009184,treatment,1,1
profile_009185,control,0,1
profile_009186,treatment,0,1
profile_009187,control,0,0
profile_009188,treatment,1,1
profile_009189,treatment,0,0
profile_009190,treatment,0,1
profile_009191,treatment,1,1
profile_009192,treatment,1,1
profile_009193,treatment,1,1
profile_009194,treatment,1,1
profile_009195,control,0,0
profile_009196,control,0,0
profile_009197,control,1,1
profile_009198,treatment,1,1
profile_009199,treatment,1,1
profile_009200,control,1,1
profile_009201,control,1,1
profile_009202,control,1,1
profile_009203,treatment,1,1
profile_009204,control,1,1
profile_009205,control,1,1
profile_009206,treatment,1,1
profile_009207,treatment,1,1
profile_009208,treatment,0,0
profile_009209,control,1,1
profile_009210,treatment,1,1
profile_009211,treatment,1,1
profile_009212,treatment,0,0
profile_009213,treatment,1,1
profile_009214,control,1,1
profile_009215,control,1,1
profile_009216,control,1,1
profile_009217,control,1,1
profile_009218,treatment,0,1
profile_009219,treatment,1,1
profile_009220,control,1,1
profile_009221,treatment,0,0
profile_009222,control,1,1
profile_009223,control,1,1
profile_009224,treatment,0,0
profile_009225,control,0,1
profile_009226,treatment,1,1
profile_009227,treatment,1,1
profile_009228,treatment,0,0
profile_009229,control,0,0
profile_009230,control,0,0
profile_009231,treatment,1,1
profile_009232,control,1,1
profile_009233,treatment,1,1
profile_009234,treatment,1,1
profile_009235,treatment,1,1
profile_009236,control,0,1
profile_009237,treatment,1,1
profile_009238,control,0,1
profile_009239,control,0,0
profile_009240,treatment,0,0
profile_009241,treatment,0,1
profile_009242,control,1,1
profile_009243,control,0,1
profile_009244,treatment,0,0
profile_009245,control,0,0
profile_009246,control,1,1
profile_009247,treatment,1,1
profile_009248,control,0,0
profile_009249,control,1,1
profile_009250,treatment,1,1
profile_009251,control,0,0
profile_009252,control,1,1
profile_009253,treatment,1,1
profile_009254,control,0,1
profile_009255,treatment,1,1
profile_009256,treatment,0,0
profile_009257,control,1,1
profile_009258,control,1,1
profile_009259,treatment,1,1
profile_009260,treatment,1,1
profile_009261,control,1,1
profile_009262,treatment,0,1
profile_009263,treatment,1,1
profile_009264,treatment,1,1
profile_009265,treatment,1,1
profile_009266,treatment,1,1
profile_009267,treatment,0,0
profile_009268,treatment,0,0
profile_009269,control,1,1
profile_009270,control,0,0
profile_009271,control,1,1
profile_009272,treatment,1,1
profile_009273,control,1,1
profile_009274,control,0,0
profile_009275,control,1,1
profile_009276,control,0,0
profile_009277,control,0,1
profile_009278,treatment,0,0
profile_009279,control,1,1
profile_009280,treatment,1,1
profile_009281,control,1,1
profile_009282,control,0,0
profile_009283,treatment,1,1
profile_009284,control,1,1
profile_009285,control,0,0
profile_009286,control,1,1
profile_009287,control,0,0
profile_009288,control,1,1
profile_009289,treatment,1,1
profile_009290,treatment,0,0
profile_009291,control,1,1
profile_009292,control,0,0
profile_009293,treatment,1,1
profile_009294,control,1,1
profile_009295,treatment,0,0
profile_009296,control,0,1
profile_009297,treatment,1,1
profile_009298,control,0,0
profile_009299,control,1,1
profile_009300,treatment,0,1
profile_009301,treatment,0,1
profile_009302,control,0,0
profile_009303,treatment,1,1
profile_009304,control,1,1
profile_009305,control,1,1
profile_009306,control,0,0
profile_009307,control,0,1
profile_009308,treatment,1,1
profile_009309,treatment,1,1
profile_009310,treatment,1,1
profile_009311,treatment,0,0
profile_009312,control,0,0
profile_009313,treatment,0,0
profile_009314,treatment,1,1
profile_009315,treatment,1,1
profile_009316,treatment,0,0
profile_009317,control,1,1
profile_009318,treatment,0,0
profile_009319,treatment,1,1
profile_009320,treatment,0,0
profile_009321,treatment,0,1
profile_009322,treatment,1,1
profile_009323,treatment,0,0
profile_009324,treatment,1,1
profile_009325,control,1,1
profile_009326,treatment,0,0
profile_009327,control,0,1
profile_009328,control,1,1
profile_009329,control,0,1
profile_009330,treatment,0,1
profile_009331,control,0,0
profile_009332,treatment,0,0
profile_009333,treatment,0,1
profile_009334,treatment,1,1
profile_009335,treatment,0,0
profile_009336,treatment,1,1
profile_009337,treatment,0,1
profile_009338,treatment,0,1
profile_009339,treatment,1,1
profile_009340,treatment,1,1
profile_009341,control,0,1
profile_009342,control,1,1
profile_009343,treatment,0,0
profile_009344,control,1,1
profile_009345,treatment,0,0
profile_009346,treatment,0,0
profile_009347,control,0,1
profile_009348,control,0,1
profile_009349,control,0,1
profile_009350,treatment,1,1
profile_009351,treatment,0,1
profile_009352,treatment,0,1
profile_009353,treatment,1,1
profile_009354,control,1,1
profile_009355,control,1,1
profile_009356,treatment,0,1
profile_009357,control,1,1
profile_009358,treatment,0,0
profile_009359,control,1,1
profile_009360,control,1,1
profile_009361,control,0,0
profile_009362,control,1,1
profile_009363,control,0,0
profile_009364,control,0,1
profile_009365,control,0,1
profile_009366,treatment,0,0
profile_009367,treatment,1,1
profile_009368,treatment,1,1
profile_009369,control,0,0
profile_009370,treatment,0,0
profile_009371,control,1,1
profile_009372,treatment,1,1
profile_009373,control,1,1
profile_009374,treatment,1,1
profile_009375,treatment,1,1
profile_009376,control,0,0
profile_009377,treatment,1,1
profile_009378,treatment,0,1
profile_009379,control,1,1
profile_009380,control,0,1
profile_009381,treatment,1,1
profile_009382,treatment,1,1
profile_009383,control,1,1
profile_009384,control,1,1
profile_009385,treatment,0,1
profile_009386,control,1,1
profile_009387,control,0,0
profile_009388,treatment,0,0
profile_009389,control,1,1
profile_009390,treatment,1,1
profile_009391,treatment,1,1
profile_009392,control,0,1
profile_009393,treatment,0,1
profile_009394,treatment,1,1
profile_009395,control,1,1
profile_009396,treatment,0,0
profile_009397,control,0,0
profile_009398,treatment,1,1
profile_009399,control,1,1
profile_009400,treatment,1,1
profile_009401,treatment,1,1
profile_009402,control,1,1
profile_009403,control,1,1
profile_009404,treatment,0,0
profile_009405,treatment,1,1
profile_009406,control,1,1
profile_009407,control,1,1
profile_009408,control,0,1
profile_009409,control,1,1
profile_009410,control,1,1
profile_009411,treatment,0,0
profile_009412,control,0,1
profile_009413,control,1,1
profile_009414,control,1,1
profile_009415,control,1,1
profile_009416,treatment,1,1
profile_009417,control,1,1
profile_009418,control,0,0
profile_009419,control,1,1
profile_009420,treatment,1,1
profile_009421,control,1,1
profile_009422,treatment,1,1
profile_009423,treatment,1,1
profile_009424,treatment,0,0
profile_009425,control,1,1
profile_009426,control,1,1
profile_009427,control,1,1
profile_009428,treatment,0,0
profile_009429,treatment,1,1
profile_009430,treatment,0,1
profile_009431,control,1,1
profile_009432,treatment,1,1
profile_009433,treatment,1,1
profile_009434,treatment,0,0
profile_009435,treatment,1,1
profile_009436,treatment,0,0
profile_009437,treatment,0,1
profile_009438,treatment,1,1
profile_009439,control,0,1
profile_009440,control,0,0
profile_009441,control,0,0
profile_009442,control,1,1
profile_009443,treatment,1,1
profile_009444,control,1,1
profile_009445,treatment,0,0
profile_009446,control,0,1
profile_009447,control,0,0
profile_009448,control,1,1
profile_009449,treatment,0,0
profile_009450,control,0,1
profile_009451,control,1,1
profile_009452,treatment,1,1
profile_009453,control,1,1
profile_009454,treatment,1,1
profile_009455,control,1,1
profile_009456,control,0,1
profile_009457,control,0,1
profile_009458,treatment,0,0
profile_009459,treatment,1,1
profile_009460,control,1,1
profile_009461,treatment,0,0
profile_009462,control,1,1
profile_009463,control,0,1
profile_009464,treatment,0,0
profile_009465,control,1,1
profile_009466,treatment,1,1
profile_009467,control,1,1
profile_009468,control,1,1
profile_009469,control,0,0
profile_009470,treatment,0,1
profile_009471,control,1,1
profile_009472,treatment,0,1
profile_009473,control,1,1
profile_009474,control,1,1
profile_009475,treatment,1,1
profile_009476,control,1,1
profile_009477,treatment,1,1
profile_009478,treatment,0,0
profile_009479,control,0,0
profile_009480,treatment,1,1
profile_009481,treatment,0,1
profile_009482,treatment,1,1
profile_009483,treatment,0,1
profile_009484,treatment,1,1
profile_009485,control,0,0
profile_009486,treatment,1,1
profile_009487,treatment,1,1
profile_009488,control,1,1
profile_009489,control,0,0
profile_009490,control,0,0
profile_009491,control,0,0
profile_009492,treatment,0,0
profile_009493,control,1,1
profile_009494,treatment,0,0
profile_009495,control,1,1
profile_009496,control,1,1
profile_009497,treatment,0,0
profile_009498,treatment,1,1
profile_009499,treatment,1,1
profile_009500,control,0,0
profile_009501,treatment,0,1
profile_009502,treatment,1,1
profile_009503,treatment,1,1
profile_009504,control,0,0
profile_009505,treatment,1,1
profile_009506,control,1,1
profile_009507,treatment,1,1
profile_009508,control,1,1
profile_009509,control,1,1
profile_009510,treatment,1,1
profile_009511,control,1,1
profile_009512,treatment,0,0
profile_009513,treatment,0,1
profile_009514,control,1,1
profile_009515,treatment,1,1
profile_009516,treatment,1,1
profile_009517,control,0,1
profile_009518,treatment,1,1
profile_009519,treatment,1,1
profile_009520,control,0,0
profile_009521,treatment,1,1
profile_009522,control,1,1
profile_009523,treatment,0,0
profile_009524,treatment,0,0
profile_009525,control,1,1
profile_009526,treatment,1,1
profile_009527,control,0,0
profile_009528,treatment,0,0
profile_009529,control,0,1
profile_009530,treatment,0,1
profile_009531,control,0,1
profile_009532,control,1,1
profile_009533,control,0,1
profile_009534,control,1,1
profile_009535,control,1,1
profile_009536,control,0,0
profile_009537,treatment,0,1
profile_009538,treatment,0,0
profile_009539,treatment,0,0
profile_009540,control,0,0
profile_009541,treatment,1,1
profile_009542,control,0,1
profile_009543,control,1,1
profile_009544,control,1,1
profile_009545,treatment,1,1
profile_009546,control,0,1
profile_009547,control,0,0
profile_009548,treatment,0,0
profile_009549,treatment,1,1
profile_009550,treatment,1,1
profile_009551,control,1,1
profile_009552,control,0,1
profile_009553,control,0,0
profile_009554,treatment,1,1
profile_009555,control,1,1
profile_009556,treatment,0,0
profile_009557,treatment,1,1
profile_009558,treatment,1,1
profile_009559,treatment,0,0
profile_009560,control,1,1
profile_009561,treatment,1,1
profile_009562,control,0,1
profile_009563,control,1,1
profile_009564,treatment,1,1
profile_009565,treatment,1,1
profile_009566,control,0,1
profile_009567,control,0,1
profile_009568,treatment,0,0
profile_009569,control,0,0
profile_009570,control,0,1
profile_009571,treatment,0,0
profile_009572,treatment,1,1
profile_009573,control,1,1
profile_009574,treatment,1,1
profile_009575,treatment,0,0
profile_009576,control,0,1
profile_009577,treatment,0,0
profile_009578,treatment,1,1
profile_009579,control,1,1
profile_009580,control,1,1
profile_009581,treatment,1,1
profile_009582,treatment,1,1
profile_009583,treatment,1,1
profile_009584,treatment,1,1
profile_009585,control,1,1
profile_009586,control,1,1
profile_009587,control,1,1
profile_009588,control,1,1
profile_009589,treatment,0,1
profile_009590,control,0,1
profile_009591,treatment,0,0
profile_009592,treatment,1,1
profile_009593,treatment,0,0
profile_009594,control,1,1
profile_009595,treatment,1,1
profile_009596,control,1,1
profile_009597,treatment,0,0
profile_009598,control,0,0
profile_009599,treatment,1,1
profile_009600,treatment,1,1
profile_009601,treatment,1,1
profile_009602,treatment,1,1
profile_009603,treatment,1,1
profile_009604,treatment,1,1
profile_009605,control,1,1
profile_009606,treatment,1,1
profile_009607,treatment,1,1
profile_009608,treatment,1,1
profile_009609,control,0,0
profile_009610,treatment,0,1
profile_009611,treatment,1,1
profile_009612,control,1,1
profile_009613,control,0,1
profile_009614,control,0,0
profile_009615,control,0,0
profile_009616,control,1,1
profile_009617,treatment,1,1
profile_009618,treatment,1,1
profile_009619,control,0,1
profile_009620,treatment,0,0
profile_009621,control,1,1
profile_009622,control,0,1
profile_009623,control,0,0
profile_009624,control,0,0
profile_009625,treatment,1,1
profile_009626,control,0,0
profile_009627,control,0,1
profile_009628,control,0,1
profile_009629,control,1,1
profile_009630,treatment,0,1
profile_009631,treatment,1,1
profile_009632,control,1,1
profile_009633,treatment,0,0
profile_009634,treatment,0,0
profile_009635,control,0,0
profile_009636,treatment,0,0
profile_009637,treatment,0,1
profile_009638,treatment,0,0
profile_009639,control,0,1
profile_009640,control,1,1
profile_009641,control,0,0
profile_009642,control,1,1
profile_009643,treatment,1,1
profile_009644,treatment,1,1
profile_009645,control,1,1
profile_009646,treatment,1,1
profile_009647,treatment,1,1
profile_009648,control,0,1
profile_009649,treatment,0,0
profile_009650,treatment,1,1
profile_009651,control,1,1
profile_009652,control,0,1
profile_009653,treatment,0,0
profile_009654,control,0,0
profile_009655,control,1,1
profile_009656,control,0,0
profile_009657,treatment,0,0
profile_009658,control,0,1
profile_009659,treatment,1,1
profile_009660,treatment,0,0
profile_009661,treatment,1,1
profile_009662,control,1,1
profile_009663,treatment,1,1
profile_009664,control,0,1
profile_009665,control,1,1
profile_009666,control,1,1
profile_009667,treatment,0,1
profile_009668,treatment,0,1
profile_009669,treatment,1,1
profile_009670,treatment,1,1
profile_009671,treatment,1,1
profile_009672,treatment,1,1
profile_009673,control,0,1
profile_009674,treatment,1,1
profile_009675,control,0,0
profile_009676,control,1,1
profile_009677,treatment,0,0
profile_009678,treatment,1,1
profile_009679,treatment,1,1
profile_009680,control,1,1
profile_009681,control,0,0
profile_009682,control,1,1
profile_009683,control,0,1
profile_009684,control,0,0
profile_009685,treatment,0,1
profile_009686,control,0,0
profile_009687,control,1,1
profile_009688,control,0,0
profile_009689,control,1,1
profile_009690,treatment,1,1
profile_009691,treatment,0,0
profile_009692,treatment,0,1
profile_009693,control,0,1
profile_009694,control,0,0
profile_009695,treatment,1,1
profile_009696,treatment,1,1
profile_009697,treatment,1,1
profile_009698,treatment,1,1
profile_009699,control,0,0
profile_009700,control,0,0
profile_009701,control,0,0
profile_009702,treatment,1,1
profile_009703,treatment,1,1
profile_009704,control,0,0
profile_009705,control,1,1
profile_009706,treatment,1,1
profile_009707,control,1,1
profile_009708,treatment,1,1
profile_009709,control,1,1
profile_009710,treatment,1,1
profile_009711,control,0,0
profile_009712,control,1,1
profile_009713,control,0,0
profile_009714,control,1,1
profile_009715,treatment,1,1
profile_009716,control,1,1
profile_009717,control,0,0
profile_009718,control,0,0
profile_009719,treatment,1,1
profile_009720,control,0,0
profile_009721,control,1,1
profile_009722,treatment,0,0
profile_009723,control,0,0
profile_009724,treatment,1,1
profile_009725,control,0,1
profile_009726,treatment,1,1
profile_009727,treatment,1,1
profile_009728,treatment,1,1
profile_009729,control,1,1
profile_009730,treatment,1,1
profile_009731,treatment,1,1
profile_009732,control,1,1
profile_009733,treatment,1,1
profile_009734,treatment,1,1
profile_009735,treatment,1,1
profile_009736,treatment,1,1
profile_009737,treatment,0,0
profile_009738,treatment,0,1
profile_009739,treatment,0,0
profile_009740,control,1,1
profile_009741,treatment,0,1
profile_009742,control,0,1
profile_009743,treatment,1,1
profile_009744,control,0,1
profile_009745,treatment,1,1
profile_009746,treatment,1,1
profile_009747,treatment,1,1
profile_009748,control,1,1
profile_009749,treatment,0,1
profile_009750,control,0,0
profile_009751,control,1,1
profile_009752,treatment,1,1
profile_009753,treatment,1,1
profile_009754,control,1,1
profile_009755,control,0,1
profile_009756,treatment,0,0
profile_009757,control,1,1
profile_009758,control,0,1
profile_009759,control,1,1
profile_009760,control,1,1
profile_009761,treatment,0,0
profile_009762,control,1,1
profile_009763,control,1,1
profile_009764,treatment,1,1
profile_009765,control,1,1
profile_009766,treatment,0,0
profile_009767,treatment,0,0
profile_009768,treatment,0,0
profile_009769,control,1,1
profile_009770,treatment,1,1
profile_009771,treatment,0,0
profile_009772,treatment,0,1
profile_009773,control,1,1
profile_009774,control,1,1
profile_009775,treatment,0,0
profile_009776,treatment,1,1
profile_009777,control,0,0
profile_009778,treatment,1,1
profile_009779,treatment,1,1
profile_009780,treatment,1,1
profile_009781,control,1,1
profile_009782,control,0,1
profile_009783,treatment,1,1
profile_009784,control,0,0
profile_009785,control,0,0
profile_009786,control,1,1
profile_009787,control,1,1
profile_009788,treatment,0,1
profile_009789,treatment,1,1
profile_009790,control,1,1
profile_009791,treatment,1,1
profile_009792,treatment,0,0
profile_009793,control,1,1
profile_009794,control,0,1
profile_009795,treatment,0,0
profile_009796,treatment,1,1
profile_009797,control,1,1
profile_009798,control,1,1
profile_009799,control,0,0
profile_009800,control,0,0
profile_009801,treatment,0,0
profile_009802,treatment,1,1
profile_009803,control,1,1
profile_009804,treatment,1,1
profile_009805,treatment,0,0
profile_009806,control,1,1
profile_009807,treatment,1,1
profile_009808,treatment,0,1
profile_009809,control,1,1
profile_009810,treatment,1,1
profile_009811,treatment,1,1
profile_009812,control,1,1
profile_009813,control,1,1
profile_009814,control,0,0
profile_009815,treatment,0,0
profile_009816,control,1,1
profile_009817,treatment,1,1
profile_009818,control,0,1
profile_009819,control,1,1
profile_009820,control,1,1
profile_009821,treatment,1,1
profile_009822,treatment,1,1
profile_009823,treatment,1,1
profile_009824,treatment,1,1
profile_009825,control,0,1
profile_009826,control,1,1
profile_009827,treatment,1,1
profile_009828,control,0,1
profile_009829,treatment,1,1
profile_009830,control,0,0
profile_009831,control,0,1
profile_009832,control,0,0
profile_009833,control,1,1
profile_009834,control,0,1
profile_009835,control,1,1
profile_009836,control,1,1
profile_009837,control,1,1
profile_009838,treatment,0,0
profile_009839,control,1,1
profile_009840,treatment,1,1
profile_009841,treatment,1,1
profile_009842,treatment,0,0
profile_009843,control,1,1
profile_009844,control,1,1
profile_009845,control,1,1
profile_009846,treatment,1,1
profile_009847,control,1,1
profile_009848,treatment,1,1
profile_009849,treatment,1,1
profile_009850,treatment,1,1
profile_009851,treatment,1,1
profile_009852,treatment,1,1
profile_009853,treatment,1,1
profile_009854,treatment,0,0
profile_009855,treatment,1,1
profile_009856,treatment,1,1
profile_009857,control,1,1
profile_009858,control,1,1
profile_009859,treatment,1,1
profile_009860,treatment,1,1
profile_009861,treatment,0,0
profile_009862,control,0,0
profile_009863,control,1,1
profile_009864,treatment,1,1
profile_009865,treatment,1,1
profile_009866,control,0,1
profile_009867,treatment,0,0
profile_009868,control,1,1
profile_009869,control,1,1
profile_009870,control,0,0
profile_009871,control,1,1
profile_009872,control,1,1
profile_009873,treatment,0,1
profile_009874,control,1,1
profile_009875,treatment,0,1
profile_009876,treatment,0,0
profile_009877,treatment,1,1
profile_009878,treatment,1,1
profile_009879,treatment,0,0
profile_009880,treatment,1,1
profile_009881,control,0,0
profile_009882,treatment,0,0
profile_009883,control,1,1
profile_009884,control,1,1
profile_009885,treatment,0,0
profile_009886,control,1,1
profile_009887,treatment,0,0
profile_009888,control,0,0
profile_009889,control,1,1
profile_009890,treatment,1,1
profile_009891,treatment,0,1
profile_009892,treatment,1,1
profile_009893,treatment,1,1
profile_009894,control,1,1
profile_009895,control,1,1
profile_009896,treatment,1,1
profile_009897,treatment,1,1
profile_009898,control,1,1
profile_009899,control,0,1
profile_009900,control,1,1
profile_009901,control,0,1
profile_009902,control,0,0
profile_009903,treatment,0,0
profile_009904,treatment,0,0
profile_009905,control,0,1
profile_009906,control,1,1
profile_009907,treatment,1,1
profile_009908,treatment,0,0
profile_009909,treatment,1,1
profile_009910,control,0,1
profile_009911,control,0,1
profile_009912,control,1,1
profile_009913,treatment,0,0
profile_009914,treatment,0,1
profile_009915,treatment,1,1
profile_009916,treatment,1,1
profile_009917,treatment,0,0
profile_009918,treatment,1,1
profile_009919,control,0,0
profile_009920,treatment,0,0
profile_009921,control,1,1
profile_009922,treatment,1,1
profile_009923,treatment,1,1
profile_009924,control,0,0
profile_009925,control,1,1
profile_009926,treatment,1,1
profile_009927,treatment,1,1
profile_009928,control,0,1
profile_009929,control,1,1
profile_009930,treatment,1,1
profile_009931,control,0,0
profile_009932,treatment,0,0
profile_009933,treatment,1,1
profile_009934,control,1,1
profile_009935,control,0,1
profile_009936,control,1,1
profile_009937,treatment,1,1
profile_009938,control,0,0
profile_009939,control,1,1
profile_009940,treatment,1,1
profile_009941,control,0,1
profile_009942,control,1,1
profile_009943,treatment,1,1
profile_009944,control,1,1
profile_009945,control,1,1
profile_009946,treatment,1,1
profile_009947,treatment,0,0
profile_009948,treatment,0,0
profile_009949,control,1,1
profile_009950,treatment,1,1
profile_009951,treatment,1,1
profile_009952,treatment,1,1
profile_009953,treatment,0,0
profile_009954,treatment,1,1
profile_009955,control,1,1
profile_009956,control,1,1
profile_009957,treatment,0,0
profile_009958,control,1,1
profile_009959,control,0,0
profile_009960,control,0,1
profile_009961,control,0,1
profile_009962,control,1,1
profile_009963,treatment,0,1
profile_009964,control,0,1
profile_009965,control,0,1
profile_009966,treatment,1,1
profile_009967,treatment,1,1
profile_009968,control,0,1
profile_009969,treatment,1,1
profile_009970,treatment,1,1
profile_009971,control,1,1
profile_009972,control,1,1
profile_009973,treatment,1,1
profile_009974,treatment,1,1
profile_009975,control,1,1
profile_009976,treatment,0,0
profile_009977,control,0,1
profile_009978,treatment,1,1
profile_009979,treatment,1,1
profile_009980,treatment,1,1
profile_009981,control,1,1
profile_009982,treatment,0,0
profile_009983,control,1,1
profile_009984,control,1,1
profile_009985,control,1,1
profile_009986,treatment,1,1
profile_009987,control,0,1
profile_009988,treatment,0,1
profile_009989,treatment,1,1
profile_009990,control,1,1
profile_009991,treatment,1,1
profile_009992,treatment,1,1
profile_009993,control,1,1
profile_009994,treatment,1,1
profile_009995,treatment,0,0
profile_009996,control,1,1
profile_009997,control,1,1
profile_009998,treatment,1,1
profile_009999,treatment,1,1
profile_010000,treatment,0,0
profile_010001,control,1,1
profile_010002,control,1,1
profile_010003,control,1,1
profile_010004,control,1,1
profile_010005,treatment,1,1
profile_010006,control,0,0
profile_010007,control,0,1
profile_010008,treatment,0,0
profile_010009,control,1,1
profile_010010,control,1,1
profile_010011,treatment,1,1
profile_010012,treatment,0,1
profile_010013,control,1,1
profile_010014,treatment,0,0
profile_010015,control,1,1
profile_010016,treatment,1,1
profile_010017,treatment,1,1
profile_010018,control,0,1
profile_010019,treatment,1,1
profile_010020,control,1,1
profile_010021,control,1,1
profile_010022,treatment,0,0
profile_010023,treatment,0,0
profile_010024,control,1,1
profile_010025,control,1,1
profile_010026,control,1,1
profile_010027,control,1,1
profile_010028,treatment,0,0
profile_010029,treatment,1,1
profile_010030,control,1,1
profile_010031,treatment,0,0
profile_010032,control,1,1
profile_010033,control,0,0
profile_010034,control,1,1
profile_010035,control,0,1
profile_010036,control,1,1
profile_010037,treatment,1,1
profile_010038,control,0,1
profile_010039,control,1,1
profile_010040,treatment,1,1
profile_010041,treatment,0,1
profile_010042,treatment,1,1
profile_010043,treatment,1,1
profile_010044,control,1,1
profile_010045,control,0,1
profile_010046,treatment,1,1
profile_010047,treatment,1,1
profile_010048,treatment,1,1
profile_010049,control,1,1
profile_010050,treatment,0,0
profile_010051,treatment,1,1
profile_010052,control,0,1
profile_010053,treatment,0,0
profile_010054,treatment,1,1
profile_010055,treatment,1,1
profile_010056,treatment,1,1
profile_010057,treatment,0,1
profile_010058,control,0,0
profile_010059,control,1,1
profile_010060,control,0,0
profile_010061,treatment,1,1
profile_010062,control,0,1
profile_010063,treatment,0,0
profile_010064,treatment,1,1
profile_010065,control,1,1
profile_010066,treatment,0,0
profile_010067,control,1,1
profile_010068,control,1,1
profile_010069,control,1,1
profile_010070,control,1,1
profile_010071,control,1,1
profile_010072,control,1,1
profile_010073,control,0,0
profile_010074,treatment,1,1
profile_010075,treatment,1,1
profile_010076,control,0,1
profile_010077,control,1,1
profile_010078,control,0,1
profile_010079,control,0,1
profile_010080,control,1,1
profile_010081,treatment,0,0
profile_010082,control,0,0
profile_010083,control,0,0
profile_010084,control,1,1
profile_010085,control,0,1
profile_010086,treatment,1,1
profile_010087,control,1,1
profile_010088,control,1,1
profile_010089,treatment,1,1
profile_010090,treatment,1,1
profile_010091,control,1,1
profile_010092,treatment,0,1
profile_010093,treatment,1,1
profile_010094,control,0,0
profile_010095,control,1,1
profile_010096,control,1,1
profile_010097,treatment,0,1
profile_010098,control,1,1
profile_010099,control,1,1
profile_010100,treatment,1,1
profile_010101,treatment,1,1
profile_010102,treatment,0,0
profile_010103,control,1,1
profile_010104,treatment,1,1
profile_010105,control,0,0
profile_010106,control,0,1
profile_010107,control,1,1
profile_010108,control,1,1
profile_010109,control,1,1
profile_010110,control,1,1
profile_010111,treatment,1,1
profile_010112,treatment,0,0
profile_010113,control,1,1
profile_010114,control,1,1
profile_010115,control,1,1
profile_010116,treatment,1,1
profile_010117,control,0,1
profile_010118,control,1,1
profile_010119,control,1,1
profile_010120,treatment,1,1
profile_010121,treatment,1,1
profile_010122,treatment,0,0
profile_010123,treatment,1,1
profile_010124,control,1,1
profile_010125,control,0,1
profile_010126,treatment,1,1
profile_010127,control,0,1
profile_010128,control,0,1
profile_010129,treatment,1,1
profile_010130,treatment,1,1
profile_010131,treatment,1,1
profile_010132,treatment,1,1
profile_010133,control,1,1
profile_010134,treatment,0,0
profile_010135,treatment,1,1
profile_010136,treatment,1,1
profile_010137,control,1,1
profile_010138,treatment,0,0
profile_010139,control,1,1
profile_010140,control,1,1
profile_010141,control,1,1
profile_010142,treatment,0,1
profile_010143,treatment,1,1
profile_010144,treatment,0,0
profile_010145,control,1,1
profile_010146,control,1,1
profile_010147,treatment,1,1
profile_010148,treatment,1,1
profile_010149,control,1,1
profile_010150,control,0,0
profile_010151,control,1,1
profile_010152,control,1,1
profile_010153,control,1,1
profile_010154,control,0,0
profile_010155,treatment,1,1
profile_010156,control,1,1
profile_010157,treatment,1,1
profile_010158,treatment,1,1
profile_010159,treatment,1,1
profile_010160,treatment,1,1
profile_010161,treatment,1,1
profile_010162,control,0,0
profile_010163,control,0,1
profile_010164,control,0,0
profile_010165,control,1,1
profile_010166,treatment,1,1
profile_010167,treatment,1,1
profile_010168,control,1,1
profile_010169,control,1,1
profile_010170,treatment,0,0
profile_010171,treatment,0,0
profile_010172,treatment,0,0
profile_010173,control,1,1
profile_010174,control,1,1
profile_010175,control,1,1
profile_010176,treatment,0,0
profile_010177,control,1,1
profile_010178,control,0,1
profile_010179,control,0,0
profile_010180,control,0,0
profile_010181,control,1,1
profile_010182,treatment,0,1
profile_010183,treatment,1,1
profile_010184,treatment,1,1
profile_010185,control,1,1
profile_010186,control,1,1
profile_010187,treatment,0,1
profile_010188,treatment,0,1
profile_010189,control,1,1
profile_010190,treatment,1,1
profile_010191,treatment,0,0
profile_010192,treatment,0,0
profile_010193,treatment,0,0
profile_010194,treatment,1,1
profile_010195,treatment,1,1
profile_010196,control,1,1
profile_010197,treatment,0,0
profile_010198,treatment,1,1
profile_010199,control,0,0
profile_010200,treatment,1,1
profile_010201,treatment,0,0
profile_010202,control,1,1
profile_010203,treatment,1,1
profile_010204,control,1,1
profile_010205,treatment,1,1
profile_010206,treatment,1,1
profile_010207,control,0,0
profile_010208,treatment,0,1
profile_010209,control,1,1
profile_010210,treatment,0,0
profile_010211,treatment,1,1
profile_010212,control,1,1
profile_010213,control,1,1
profile_010214,control,1,1
profile_010215,treatment,1,1
profile_010216,control,1,1
profile_010217,treatment,0,0
profile_010218,treatment,0,0
profile_010219,control,1,1
profile_010220,treatment,1,1
profile_010221,treatment,1,1
profile_010222,treatment,1,1
profile_010223,control,1,1
profile_010224,treatment,0,1
profile_010225,control,0,1
profile_010226,treatment,0,0
profile_010227,treatment,0,1
profile_010228,treatment,0,1
profile_010229,control,1,1
profile_010230,control,0,1
profile_010231,treatment,1,1
profile_010232,treatment,1,1
profile_010233,control,0,0
profile_010234,treatment,1,1
profile_010235,control,0,0
profile_010236,control,0,1
profile_010237,control,1,1
profile_010238,control,1,1
profile_010239,treatment,0,1
profile_010240,treatment,1,1
profile_010241,treatment,0,0
profile_010242,control,0,1
profile_010243,control,1,1
profile_010244,control,0,1
profile_010245,treatment,1,1
profile_010246,treatment,0,0
profile_010247,control,1,1
profile_010248,treatment,1,1
profile_010249,treatment,1,1
profile_010250,treatment,1,1
profile_010251,control,1,1
profile_010252,treatment,0,0
profile_010253,treatment,1,1
profile_010254,treatment,0,0
profile_010255,control,1,1
profile_010256,control,0,0
profile_010257,control,1,1
profile_010258,treatment,0,1
profile_010259,treatment,0,0
profile_010260,control,1,1
profile_010261,treatment,0,1
profile_010262,control,1,1
profile_010263,treatment,1,1
profile_010264,treatment,1,1
profile_010265,control,1,1
profile_010266,control,1,1
profile_010267,treatment,1,1
profile_010268,treatment,1,1
profile_010269,control,0,1
profile_010270,control,0,0
profile_010271,treatment,1,1
profile_010272,treatment,0,1
profile_010273,control,0,1
profile_010274,treatment,1,1
profile_010275,treatment,1,1
profile_010276,treatment,0,1
profile_010277,treatment,1,1
profile_010278,treatment,0,0
profile_010279,control,1,1
profile_010280,control,0,1
profile_010281,treatment,0,0
profile_010282,control,1,1
profile_010283,control,1,1
profile_010284,treatment,1,1
profile_010285,control,0,1
profile_010286,treatment,0,1
profile_010287,control,1,1
profile_010288,treatment,1,1
profile_010289,control,1,1
profile_010290,treatment,1,1
profile_010291,control,0,0
profile_010292,treatment,0,0
profile_010293,treatment,0,1
profile_010294,control,1,1
profile_010295,treatment,0,0
profile_010296,treatment,0,1
profile_010297,treatment,1,1
profile_010298,control,1,1
profile_010299,control,1,1
profile_010300,treatment,0,0
profile_010301,treatment,1,1
profile_010302,treatment,0,0
profile_010303,treatment,1,1
profile_010304,treatment,1,1
profile_010305,treatment,1,1
profile_010306,treatment,1,1
profile_010307,control,0,1
profile_010308,treatment,1,1
profile_010309,control,1,1
profile_010310,control,1,1
profile_010311,treatment,1,1
profile_010312,control,0,1
profile_010313,treatment,0,1
profile_010314,control,1,1
profile_010315,control,1,1
profile_010316,treatment,1,1
profile_010317,treatment,1,1
profile_010318,control,1,1
profile_010319,control,1,1
profile_010320,control,1,1
profile_010321,treatment,0,0
profile_010322,treatment,1,1
profile_010323,control,1,1
profile_010324,control,1,1
profile_010325,control,1,1
profile_010326,control,0,0
profile_010327,treatment,1,1
profile_010328,treatment,1,1
profile_010329,control,1,1
profile_010330,treatment,0,1
profile_010331,control,1,1
profile_010332,control,1,1
profile_010333,treatment,1,1
profile_010334,control,1,1
profile_010335,control,0,0
profile_010336,treatment,0,1
profile_010337,treatment,1,1
profile_010338,control,1,1
profile_010339,control,0,0
profile_010340,control,0,0
profile_010341,treatment,0,0
profile_010342,control,1,1
profile_010343,control,0,0
profile_010344,control,1,1
profile_010345,treatment,1,1
profile_010346,treatment,1,1
profile_010347,control,0,0
profile_010348,treatment,0,0
profile_010349,treatment,1,1
profile_010350,control,1,1
profile_010351,treatment,0,1
profile_010352,control,0,1
profile_010353,treatment,0,1
profile_010354,treatment,0,1
profile_010355,treatment,0,0
profile_010356,control,0,1
profile_010357,control,1,1
profile_010358,control,0,1
profile_010359,control,1,1
profile_010360,treatment,1,1
profile_010361,treatment,0,0
profile_010362,control,1,1
profile_010363,control,1,1
profile_010364,treatment,1,1
profile_010365,control,0,0
profile_010366,control,0,1
profile_010367,treatment,1,1
profile_010368,control,0,1
profile_010369,control,0,0
profile_010370,treatment,0,0
profile_010371,treatment,0,0
profile_010372,control,0,0
profile_010373,control,0,0
profile_010374,control,1,1
profile_010375,control,1,1
profile_010376,control,1,1
profile_010377,treatment,1,1
profile_010378,treatment,1,1
profile_010379,control,1,1
profile_010380,control,1,1
profile_010381,control,1,1
profile_010382,control,0,1
profile_010383,treatment,1,1
profile_010384,treatment,1,1
profile_010385,treatment,1,1
profile_010386,control,1,1
profile_010387,treatment,1,1
profile_010388,treatment,1,1
profile_010389,treatment,1,1
profile_010390,control,0,0
profile_010391,control,1,1
profile_010392,treatment,1,1
profile_010393,treatment,1,1
profile_010394,treatment,1,1
profile_010395,control,0,1
profile_010396,treatment,1,1
profile_010397,control,1,1
profile_010398,treatment,1,1
profile_010399,treatment,1,1
profile_010400,treatment,1,1
profile_010401,control,0,1
profile_010402,control,0,1
profile_010403,treatment,0,0
profile_010404,control,0,1
profile_010405,control,0,0
profile_010406,treatment,0,1
profile_010407,control,0,0
profile_010408,treatment,1,1
profile_010409,control,0,1
profile_010410,control,0,0
profile_010411,treatment,0,1
profile_010412,control,1,1
profile_010413,control,1,1
profile_010414,control,1,1
profile_010415,control,0,1
profile_010416,treatment,1,1
profile_010417,treatment,0,1
profile_010418,treatment,1,1
profile_010419,control,1,1
profile_010420,treatment,0,0
profile_010421,treatment,1,1
profile_010422,treatment,1,1
profile_010423,treatment,1,1
profile_010424,control,1,1
profile_010425,control,0,1
profile_010426,control,1,1
profile_010427,treatment,1,1
profile_010428,control,0,0
profile_010429,treatment,0,0
profile_010430,control,1,1
profile_010431,control,0,0
profile_010432,treatment,1,1
profile_010433,control,1,1
profile_010434,treatment,0,1
profile_010435,control,0,0
profile_010436,treatment,0,1
profile_010437,treatment,1,1
profile_010438,control,1,1
profile_010439,treatment,1,1
profile_010440,treatment,1,1
profile_010441,control,1,1
profile_010442,treatment,1,1
profile_010443,control,0,1
profile_010444,treatment,0,1
profile_010445,control,0,1
profile_010446,control,1,1
profile_010447,treatment,0,1
profile_010448,treatment,0,1
profile_010449,treatment,1,1
profile_010450,treatment,1,1
profile_010451,treatment,1,1
profile_010452,control,0,1
profile_010453,control,1,1
profile_010454,control,1,1
profile_010455,control,0,1
profile_010456,control,1,1
profile_010457,control,1,1
profile_010458,control,0,0
profile_010459,control,0,0
profile_010460,treatment,1,1
profile_010461,control,1,1
profile_010462,control,1,1
profile_010463,control,0,1
profile_010464,treatment,0,0
profile_010465,control,1,1
profile_010466,control,0,1
profile_010467,treatment,0,0
profile_010468,treatment,0,0
profile_010469,control,1,1
profile_010470,control,1,1
profile_010471,treatment,1,1
profile_010472,treatment,1,1
profile_010473,control,0,0
profile_010474,control,1,1
profile_010475,control,1,1
profile_010476,control,1,1
profile_010477,treatment,0,1
profile_010478,control,1,1
profile_010479,control,1,1
profile_010480,control,1,1
profile_010481,control,1,1
profile_010482,treatment,0,1
profile_010483,control,0,0
profile_010484,treatment,1,1
profile_010485,treatment,1,1
profile_010486,control,1,1
profile_010487,treatment,1,1
profile_010488,treatment,1,1
profile_010489,treatment,1,1
profile_010490,treatment,0,1
profile_010491,control,0,0
profile_010492,control,1,1
profile_010493,control,0,0
profile_010494,treatment,1,1
profile_010495,control,1,1
profile_010496,control,1,1
profile_010497,treatment,1,1
profile_010498,control,0,1
profile_010499,control,0,1
profile_010500,treatment,0,0
profile_010501,control,1,1
profile_010502,control,0,1
profile_010503,control,1,1
profile_010504,control,0,1
profile_010505,treatment,0,0
profile_010506,treatment,1,1
profile_010507,control,1,1
profile_010508,control,1,1
profile_010509,control,0,0
profile_010510,control,1,1
profile_010511,treatment,0,1
profile_010512,treatment,1,1
profile_010513,treatment,0,0
profile_010514,control,1,1
profile_010515,treatment,1,1
profile_010516,treatment,0,1
profile_010517,treatment,1,1
profile_010518,treatment,0,0
profile_010519,control,0,0
profile_010520,control,0,0
profile_010521,control,1,1
profile_010522,control,0,1
profile_010523,treatment,0,0
profile_010524,control,1,1
profile_010525,control,0,1
profile_010526,control,1,1
profile_010527,treatment,0,0
profile_010528,treatment,0,0
profile_010529,control,1,1
profile_010530,control,1,1
profile_010531,control,1,1
profile_010532,control,1,1
profile_010533,control,1,1
profile_010534,control,1,1
profile_010535,treatment,1,1
profile_010536,treatment,0,0
profile_010537,treatment,0,0
profile_010538,control,1,1
profile_010539,treatment,0,0
profile_010540,treatment,1,1
profile_010541,treatment,0,1
profile_010542,treatment,1,1
profile_010543,control,1,1
profile_010544,treatment,0,0
profile_010545,control,1,1
profile_010546,control,1,1
profile_010547,control,0,1
profile_010548,treatment,1,1
profile_010549,treatment,1,1
profile_010550,treatment,1,1
profile_010551,treatment,1,1
profile_010552,control,1,1
profile_010553,control,1,1
profile_010554,treatment,1,1
profile_010555,control,1,1
profile_010556,control,0,1
profile_010557,control,1,1
profile_010558,treatment,0,1
profile_010559,treatment,1,1
profile_010560,control,0,1
profile_010561,control,0,1
profile_010562,control,0,0
profile_010563,treatment,1,1
profile_010564,treatment,0,1
profile_010565,control,0,0
profile_010566,treatment,1,1
profile_010567,treatment,0,0
profile_010568,treatment,1,1
profile_010569,treatment,1,1
profile_010570,treatment,1,1
profile_010571,treatment,1,1
profile_010572,control,1,1
profile_010573,treatment,1,1
profile_010574,treatment,0,0
profile_010575,treatment,0,0
profile_010576,control,0,0
profile_010577,treatment,1,1
profile_010578,control,0,0
profile_010579,control,1,1
profile_010580,treatment,0,1
profile_010581,control,1,1
profile_010582,control,0,0
profile_010583,treatment,1,1
profile_010584,treatment,1,1
profile_010585,treatment,0,0
profile_010586,treatment,1,1
profile_010587,treatment,1,1
profile_010588,treatment,1,1
profile_010589,control,1,1
profile_010590,control,1,1
profile_010591,treatment,1,1
profile_010592,treatment,0,1
profile_010593,control,1,1
profile_010594,control,1,1
profile_010595,control,1,1
profile_010596,control,1,1
profile_010597,control,0,1
profile_010598,control,0,1
profile_010599,control,1,1
profile_010600,treatment,0,0
profile_010601,treatment,1,1
profile_010602,treatment,1,1
profile_010603,control,0,0
profile_010604,control,1,1
profile_010605,control,1,1
profile_010606,treatment,1,1
profile_010607,treatment,1,1
profile_010608,treatment,1,1
profile_010609,control,1,1
profile_010610,treatment,0,0
profile_010611,control,0,1
profile_010612,treatment,1,1
profile_010613,treatment,0,1
profile_010614,treatment,0,0
profile_010615,treatment,1,1
profile_010616,treatment,1,1
profile_010617,control,0,1
profile_010618,control,0,1
profile_010619,control,0,0
profile_010620,treatment,0,1
profile_010621,treatment,1,1
profile_010622,control,1,1
profile_010623,treatment,1,1
profile_010624,control,1,1
profile_010625,treatment,1,1
profile_010626,control,0,0
profile_010627,treatment,0,0
profile_010628,control,0,0
profile_010629,control,1,1
profile_010630,treatment,1,1
profile_010631,treatment,0,0
profile_010632,treatment,1,1
profile_010633,control,0,1
profile_010634,treatment,0,0
profile_010635,control,0,1
profile_010636,treatment,0,0
profile_010637,treatment,0,0
profile_010638,control,0,1
profile_010639,control,0,1
profile_010640,control,1,1
profile_010641,treatment,0,0
profile_010642,treatment,1,1
profile_010643,treatment,1,1
profile_010644,control,0,0
profile_010645,treatment,1,1
profile_010646,control,1,1
profile_010647,control,1,1
profile_010648,treatment,1,1
profile_010649,control,1,1
profile_010650,control,1,1
profile_010651,control,0,0
profile_010652,control,0,0
profile_010653,treatment,0,0
profile_010654,control,0,1
profile_010655,treatment,0,1
profile_010656,control,0,0
profile_010657,control,1,1
profile_010658,control,0,0
profile_010659,control,1,1
profile_010660,control,1,1
profile_010661,control,1,1
profile_010662,control,1,1
profile_010663,treatment,0,1
profile_010664,treatment,1,1
profile_010665,control,0,0
profile_010666,treatment,1,1
profile_010667,control,1,1
profile_010668,control,0,0
profile_010669,control,1,1
profile_010670,treatment,0,0
profile_010671,control,0,1
profile_010672,control,0,1
profile_010673,control,1,1
profile_010674,control,1,1
profile_010675,control,0,1
profile_010676,treatment,0,0
profile_010677,control,1,1
profile_010678,control,0,1
profile_010679,treatment,0,1
profile_010680,treatment,0,1
profile_010681,control,1,1
profile_010682,control,1,1
profile_010683,control,0,1
profile_010684,treatment,0,0
profile_010685,treatment,0,1
profile_010686,treatment,1,1
profile_010687,control,1,1
profile_010688,control,1,1
profile_010689,treatment,1,1
profile_010690,control,0,1
profile_010691,treatment,0,0
profile_010692,treatment,1,1
profile_010693,control,0,0
profile_010694,treatment,1,1
profile_010695,control,1,1
profile_010696,treatment,0,0
profile_010697,treatment,0,1
profile_010698,treatment,0,0
profile_010699,treatment,1,1
profile_010700,treatment,0,0
profile_010701,control,0,1
profile_010702,treatment,1,1
profile_010703,treatment,0,0
profile_010704,control,0,1
profile_010705,control,0,0
profile_010706,treatment,0,0
profile_010707,treatment,1,1
profile_010708,control,1,1
profile_010709,treatment,1,1
profile_010710,control,0,1
profile_010711,control,0,0
profile_010712,control,1,1
profile_010713,treatment,0,0
profile_010714,control,1,1
profile_010715,treatment,1,1
profile_010716,control,1,1
profile_010717,treatment,0,1
profile_010718,treatment,0,0
profile_010719,treatment,0,1
profile_010720,treatment,1,1
profile_010721,treatment,0,0
profile_010722,treatment,0,0
profile_010723,control,1,1
profile_010724,treatment,1,1
profile_010725,treatment,1,1
profile_010726,control,1,1
profile_010727,treatment,0,0
profile_010728,control,1,1
profile_010729,control,0,1
profile_010730,control,1,1
profile_010731,control,0,0
profile_010732,control,1,1
profile_010733,treatment,1,1
profile_010734,control,1,1
profile_010735,control,1,1
profile_010736,control,1,1
profile_010737,control,0,0
profile_010738,treatment,1,1
profile_010739,treatment,1,1
profile_010740,treatment,1,1
profile_010741,control,1,1
profile_010742,treatment,1,1
profile_010743,treatment,0,1
profile_010744,treatment,1,1
profile_010745,treatment,1,1
profile_010746,treatment,0,0
profile_010747,treatment,0,1
profile_010748,treatment,0,0
profile_010749,treatment,1,1
profile_010750,control,1,1
profile_010751,treatment,0,1
profile_010752,control,0,1
profile_010753,control,1,1
profile_010754,treatment,0,0
profile_010755,control,0,0
profile_010756,control,0,0
profile_010757,treatment,1,1
profile_010758,treatment,1,1
profile_010759,treatment,1,1
profile_010760,treatment,0,0
profile_010761,control,0,0
profile_010762,control,0,0
profile_010763,control,0,1
profile_010764,treatment,0,0
profile_010765,treatment,0,0
profile_010766,control,1,1
profile_010767,treatment,1,1
profile_010768,treatment,1,1
profile_010769,control,1,1
profile_010770,treatment,1,1
profile_010771,treatment,1,1
profile_010772,control,0,1
profile_010773,treatment,1,1
profile_010774,treatment,1,1
profile_010775,control,1,1
profile_010776,control,0,0
profile_010777,control,0,0
profile_010778,treatment,0,1
profile_010779,treatment,1,1
profile_010780,control,1,1
profile_010781,control,0,1
profile_010782,control,1,1
profile_010783,treatment,1,1
profile_010784,control,0,1
profile_010785,treatment,1,1
profile_010786,treatment,1,1
profile_010787,control,1,1
profile_010788,treatment,0,0
profile_010789,control,1,1
profile_010790,treatment,1,1
profile_010791,control,1,1
profile_010792,control,0,1
profile_010793,treatment,0,1
profile_010794,control,0,1
profile_010795,control,1,1
profile_010796,treatment,0,1
profile_010797,control,0,1
profile_010798,control,0,0
profile_010799,treatment,1,1
profile_010800,control,0,0
profile_010801,treatment,1,1
profile_010802,control,1,1
profile_010803,control,0,1
profile_010804,control,1,1
profile_010805,control,1,1
profile_010806,control,1,1
profile_010807,treatment,0,0
profile_010808,control,1,1
profile_010809,treatment,1,1
profile_010810,control,0,0
profile_010811,control,0,0
profile_010812,control,0,0
profile_010813,treatment,1,1
profile_010814,treatment,0,0
profile_010815,control,1,1
profile_010816,treatment,0,1
profile_010817,treatment,1,1
profile_010818,control,0,1
profile_010819,treatment,0,1
profile_010820,treatment,1,1
profile_010821,control,0,1
profile_010822,control,1,1
profile_010823,treatment,0,0
profile_010824,control,1,1
profile_010825,treatment,1,1
profile_010826,control,1,1
profile_010827,treatment,0,0
profile_010828,control,1,1
profile_010829,control,1,1
profile_010830,treatment,1,1
profile_010831,treatment,1,1
profile_010832,control,0,0
profile_010833,control,1,1
profile_010834,treatment,1,1
profile_010835,treatment,1,1
profile_010836,treatment,1,1
profile_010837,treatment,1,1
profile_010838,treatment,1,1
profile_010839,control,1,1
profile_010840,control,0,0
profile_010841,control,1,1
profile_010842,treatment,1,1
profile_010843,control,0,1
profile_010844,treatment,1,1
profile_010845,control,1,1
profile_010846,treatment,1,1
profile_010847,treatment,0,0
profile_010848,treatment,1,1
profile_010849,control,1,1
profile_010850,treatment,0,0
profile_010851,control,1,1
profile_010852,treatment,0,0
profile_010853,treatment,1,1
profile_010854,control,0,0
profile_010855,treatment,0,0
profile_010856,treatment,1,1
profile_010857,treatment,0,0
profile_010858,control,1,1
profile_010859,control,0,0
profile_010860,control,1,1
profile_010861,treatment,1,1
profile_010862,control,0,1
profile_010863,treatment,0,1
profile_010864,treatment,1,1
profile_010865,treatment,1,1
profile_010866,treatment,1,1
profile_010867,treatment,0,0
profile_010868,control,1,1
profile_010869,treatment,1,1
profile_010870,control,1,1
profile_010871,treatment,1,1
profile_010872,control,1,1
profile_010873,control,0,1
profile_010874,treatment,1,1
profile_010875,control,0,0
profile_010876,treatment,1,1
profile_010877,control,0,1
profile_010878,treatment,1,1
profile_010879,treatment,1,1
profile_010880,treatment,1,1
profile_010881,treatment,1,1
profile_010882,control,1,1
profile_010883,treatment,1,1
profile_010884,treatment,1,1
profile_010885,control,0,0
profile_010886,control,0,1
profile_010887,treatment,0,1
profile_010888,treatment,0,1
profile_010889,control,1,1
profile_010890,treatment,0,0
profile_010891,control,0,0
profile_010892,treatment,0,0
profile_010893,control,0,0
profile_010894,treatment,1,1
profile_010895,treatment,0,0
profile_010896,treatment,0,1
profile_010897,treatment,1,1
profile_010898,control,1,1
profile_010899,treatment,1,1
profile_010900,control,1,1
profile_010901,control,0,1
profile_010902,control,1,1
profile_010903,control,1,1
profile_010904,treatment,1,1
profile_010905,control,0,1
profile_010906,control,1,1
profile_010907,treatment,1,1
profile_010908,control,1,1
profile_010909,control,0,1
profile_010910,control,1,1
profile_010911,treatment,0,0
profile_010912,treatment,1,1
profile_010913,treatment,0,1
profile_010914,treatment,0,0
profile_010915,treatment,0,0
profile_010916,control,0,0
profile_010917,treatment,0,0
profile_010918,treatment,1,1
profile_010919,treatment,1,1
profile_010920,treatment,1,1
profile_010921,treatment,1,1
profile_010922,control,1,1
profile_010923,treatment,1,1
profile_010924,treatment,0,0
profile_010925,treatment,0,0
profile_010926,treatment,0,1
profile_010927,control,0,1
profile_010928,treatment,1,1
profile_010929,treatment,1,1
profile_010930,control,0,1
profile_010931,treatment,1,1
profile_010932,control,0,0
profile_010933,treatment,0,0
profile_010934,control,0,0
profile_010935,control,1,1
profile_010936,treatment,1,1
profile_010937,control,0,1
profile_010938,treatment,1,1
profile_010939,treatment,0,1
profile_010940,treatment,0,1
profile_010941,treatment,1,1
profile_010942,control,0,0
profile_010943,treatment,1,1
profile_010944,treatment,1,1
profile_010945,treatment,1,1
profile_010946,control,0,0
profile_010947,treatment,0,1
profile_010948,control,1,1
profile_010949,treatment,1,1
profile_010950,control,1,1
profile_010951,treatment,0,0
profile_010952,control,0,1
profile_010953,control,0,0
profile_010954,treatment,1,1
profile_010955,treatment,0,1
profile_010956,control,0,0
profile_010957,treatment,0,0
profile_010958,control,1,1
profile_010959,treatment,0,1
profile_010960,control,1,1
profile_010961,treatment,0,0
profile_010962,control,1,1
profile_010963,treatment,0,1
profile_010964,control,1,1
profile_010965,control,1,1
profile_010966,control,0,0
profile_010967,treatment,0,0
profile_010968,treatment,1,1
profile_010969,control,1,1
profile_010970,control,1,1
profile_010971,control,1,1
profile_010972,control,0,1
profile_010973,treatment,1,1
profile_010974,treatment,0,1
profile_010975,treatment,0,0
profile_010976,treatment,0,1
profile_010977,control,0,0
profile_010978,control,1,1
profile_010979,control,1,1
profile_010980,control,1,1
profile_010981,treatment,1,1
profile_010982,treatment,1,1
profile_010983,control,0,1
profile_010984,control,1,1
profile_010985,control,0,1
profile_010986,treatment,1,1
profile_010987,control,0,1
profile_010988,treatment,0,0
profile_010989,control,0,1
profile_010990,treatment,1,1
profile_010991,control,0,1
profile_010992,control,1,1
profile_010993,control,1,1
profile_010994,treatment,1,1
profile_010995,control,1,1
profile_010996,control,1,1
profile_010997,treatment,1,1
profile_010998,control,1,1
profile_010999,control,0,0
profile_011000,control,0,1
profile_011001,treatment,1,1
profile_011002,control,0,0
profile_011003,treatment,0,1
profile_011004,control,0,1
profile_011005,control,0,1
profile_011006,treatment,1,1
profile_011007,treatment,1,1
profile_011008,control,0,0
profile_011009,treatment,1,1
profile_011010,treatment,0,1
profile_011011,control,1,1
profile_011012,control,1,1
profile_011013,treatment,1,1
profile_011014,control,1,1
profile_011015,control,1,1
profile_011016,control,1,1
profile_011017,control,1,1
profile_011018,treatment,0,0
profile_011019,control,0,0
profile_011020,control,1,1
profile_011021,treatment,0,1
profile_011022,control,0,0
profile_011023,control,0,0
profile_011024,control,1,1
profile_011025,control,1,1
profile_011026,treatment,1,1
profile_011027,control,1,1
profile_011028,control,0,1
profile_011029,control,1,1
profile_011030,treatment,1,1
profile_011031,control,1,1
profile_011032,control,0,0
profile_011033,treatment,0,0
profile_011034,treatment,1,1
profile_011035,treatment,0,1
profile_011036,control,0,1
profile_011037,control,1,1
profile_011038,control,1,1
profile_011039,control,0,0
profile_011040,treatment,1,1
profile_011041,treatment,0,0
profile_011042,control,1,1
profile_011043,treatment,1,1
profile_011044,treatment,0,0
profile_011045,control,1,1
profile_011046,treatment,1,1
profile_011047,treatment,1,1
profile_011048,treatment,1,1
profile_011049,control,1,1
profile_011050,treatment,1,1
profile_011051,control,0,0
profile_011052,treatment,1,1
profile_011053,control,1,1
profile_011054,treatment,1,1
profile_011055,control,1,1
profile_011056,control,1,1
profile_011057,control,1,1
profile_011058,treatment,0,1
profile_011059,treatment,1,1
profile_011060,control,1,1
profile_011061,control,1,1
profile_011062,control,1,1
profile_011063,control,0,1
profile_011064,control,1,1
profile_011065,control,0,0
profile_011066,treatment,0,0
profile_011067,treatment,0,1
profile_011068,control,1,1
profile_011069,control,1,1
profile_011070,treatment,1,1
profile_011071,treatment,0,0
profile_011072,control,1,1
profile_011073,treatment,1,1
profile_011074,treatment,1,1
profile_011075,treatment,1,1
profile_011076,treatment,1,1
profile_011077,control,1,1
profile_011078,control,1,1
profile_011079,control,0,1
profile_011080,treatment,0,1
profile_011081,control,0,0
profile_011082,treatment,1,1
profile_011083,control,1,1
profile_011084,treatment,0,0
profile_011085,control,1,1
profile_011086,treatment,1,1
profile_011087,treatment,1,1
profile_011088,treatment,1,1
profile_011089,treatment,1,1
profile_011090,treatment,0,1
profile_011091,control,1,1
profile_011092,treatment,1,1
profile_011093,control,0,0
profile_011094,treatment,1,1
profile_011095,control,1,1
profile_011096,control,0,1
profile_011097,control,0,0
profile_011098,treatment,1,1
profile_011099,treatment,1,1
profile_011100,treatment,0,0
profile_011101,treatment,0,1
profile_011102,control,0,0
profile_011103,control,1,1
profile_011104,control,1,1
profile_011105,control,0,0
profile_011106,control,0,0
profile_011107,control,0,0
profile_011108,control,0,0
profile_011109,control,0,1
profile_011110,treatment,1,1
profile_011111,treatment,1,1
profile_011112,control,0,1
profile_011113,treatment,1,1
profile_011114,control,0,1
profile_011115,control,0,0
profile_011116,control,1,1
profile_011117,treatment,0,0
profile_011118,treatment,1,1
profile_011119,control,0,0
profile_011120,control,0,0
profile_011121,treatment,0,0
profile_011122,control,0,0
profile_011123,treatment,0,0
profile_011124,control,1,1
profile_011125,control,1,1
profile_011126,treatment,1,1
profile_011127,control,1,1
profile_011128,treatment,1,1
profile_011129,treatment,0,0
profile_011130,control,1,1
profile_011131,treatment,0,1
profile_011132,treatment,1,1
profile_011133,control,0,1
profile_011134,treatment,1,1
profile_011135,control,0,1
profile_011136,control,1,1
profile_011137,treatment,1,1
profile_011138,control,1,1
profile_011139,treatment,0,0
profile_011140,control,1,1
profile_011141,treatment,1,1
profile_011142,treatment,0,0
profile_011143,control,0,1
profile_011144,treatment,1,1
profile_011145,treatment,0,0
profile_011146,treatment,1,1
profile_011147,control,1,1
profile_011148,treatment,0,1
profile_011149,treatment,1,1
profile_011150,treatment,1,1
profile_011151,control,0,1
profile_011152,control,1,1
profile_011153,treatment,1,1
profile_011154,control,1,1
profile_011155,control,1,1
profile_011156,control,1,1
profile_011157,treatment,1,1
profile_011158,control,0,1
profile_011159,treatment,0,0
profile_011160,treatment,1,1
profile_011161,control,1,1
profile_011162,treatment,1,1
profile_011163,control,1,1
profile_011164,control,1,1
profile_011165,treatment,1,1
profile_011166,control,0,1
profile_011167,treatment,1,1
profile_011168,treatment,1,1
profile_011169,control,0,1
profile_011170,control,1,1
profile_011171,treatment,1,1
profile_011172,treatment,0,0
profile_011173,treatment,1,1
profile_011174,control,1,1
profile_011175,control,1,1
profile_011176,treatment,0,1
profile_011177,treatment,1,1
profile_011178,control,1,1
profile_011179,control,0,0
profile_011180,treatment,0,0
profile_011181,treatment,0,1
profile_011182,control,1,1
profile_011183,control,0,1
profile_011184,control,1,1
profile_011185,treatment,1,1
profile_011186,control,1,1
profile_011187,treatment,1,1
profile_011188,treatment,0,0
profile_011189,treatment,0,1
profile_011190,treatment,1,1
profile_011191,control,0,1
profile_011192,treatment,1,1
profile_011193,treatment,0,1
profile_011194,treatment,0,0
profile_011195,treatment,0,0
profile_011196,control,0,1
profile_011197,treatment,0,0
profile_011198,control,0,0
profile_011199,control,0,0
profile_011200,treatment,1,1
profile_011201,treatment,1,1
profile_011202,treatment,0,0
profile_011203,treatment,1,1
profile_011204,treatment,1,1
profile_011205,control,1,1
profile_011206,control,1,1
profile_011207,control,0,1
profile_011208,control,1,1
profile_011209,treatment,1,1
profile_011210,control,1,1
profile_011211,treatment,1,1
profile_011212,control,0,0
profile_011213,treatment,1,1
profile_011214,control,1,1
profile_011215,treatment,1,1
profile_011216,control,1,1
profile_011217,control,1,1
profile_011218,treatment,1,1
profile_011219,treatment,0,0
profile_011220,treatment,1,1
profile_011221,treatment,1,1
profile_011222,control,1,1
profile_011223,control,1,1
profile_011224,control,1,1
profile_011225,control,1,1
profile_011226,treatment,1,1
profile_011227,control,0,1
profile_011228,control,1,1
profile_011229,control,0,0
profile_011230,control,0,0
profile_011231,treatment,1,1
profile_011232,treatment,1,1
profile_011233,control,0,0
profile_011234,control,1,1
profile_011235,treatment,1,1
profile_011236,control,0,0
profile_011237,control,1,1
profile_011238,control,0,1
profile_011239,control,1,1
profile_011240,control,1,1
profile_011241,control,1,1
profile_011242,control,1,1
profile_011243,treatment,1,1
profile_011244,treatment,1,1
profile_011245,treatment,1,1
profile_011246,control,0,0
profile_011247,control,1,1
profile_011248,control,0,1
profile_011249,control,1,1
profile_011250,control,1,1
profile_011251,treatment,1,1
profile_011252,control,1,1
profile_011253,treatment,0,1
profile_011254,control,0,1
profile_011255,control,1,1
profile_011256,treatment,1,1
profile_011257,control,1,1
profile_011258,treatment,0,0
profile_011259,treatment,0,1
profile_011260,control,1,1
profile_011261,treatment,1,1
profile_011262,control,1,1
profile_011263,control,0,1
profile_011264,control,1,1
profile_011265,treatment,1,1
profile_011266,control,0,1
profile_011267,control,1,1
profile_011268,control,0,1
profile_011269,treatment,0,1
profile_011270,treatment,0,0
profile_011271,treatment,0,0
profile_011272,treatment,0,0
profile_011273,treatment,1,1
profile_011274,control,0,1
profile_011275,treatment,0,0
profile_011276,treatment,0,0
profile_011277,treatment,1,1
profile_011278,treatment,1,1
profile_011279,control,1,1
profile_011280,treatment,0,0
profile_011281,control,0,1
profile_011282,control,1,1
profile_011283,control,1,1
profile_011284,control,1,1
profile_011285,treatment,1,1
profile_011286,treatment,1,1
profile_011287,control,1,1
profile_011288,control,0,0
profile_011289,control,1,1
profile_011290,treatment,0,0
profile_011291,control,1,1
profile_011292,treatment,0,0
profile_011293,control,0,0
profile_011294,control,1,1
profile_011295,control,0,1
profile_011296,treatment,1,1
profile_011297,treatment,1,1
profile_011298,treatment,1,1
profile_011299,control,1,1
profile_011300,treatment,1,1
profile_011301,control,0,0
profile_011302,treatment,1,1
profile_011303,treatment,0,0
profile_011304,treatment,1,1
profile_011305,treatment,1,1
profile_011306,control,0,0
profile_011307,control,1,1
profile_011308,control,1,1
profile_011309,treatment,1,1
profile_011310,treatment,0,0
profile_011311,control,1,1
profile_011312,control,1,1
profile_011313,control,0,1
profile_011314,control,0,1
profile_011315,control,1,1
profile_011316,control,1,1
profile_011317,treatment,0,0
profile_011318,control,1,1
profile_011319,control,1,1
profile_011320,control,0,0
profile_011321,control,1,1
profile_011322,treatment,1,1
profile_011323,treatment,0,0
profile_011324,control,0,1
profile_011325,treatment,1,1
profile_011326,treatment,0,0
profile_011327,control,1,1
profile_011328,treatment,1,1
profile_011329,control,1,1
profile_011330,treatment,0,0
profile_011331,treatment,1,1
profile_011332,control,0,0
profile_011333,control,1,1
profile_011334,control,0,1
profile_011335,treatment,0,0
profile_011336,control,1,1
profile_011337,treatment,1,1
profile_011338,control,1,1
profile_011339,treatment,0,0
profile_011340,control,1,1
profile_011341,treatment,1,1
profile_011342,treatment,0,0
profile_011343,control,1,1
profile_011344,control,1,1
profile_011345,treatment,1,1
profile_011346,control,1,1
profile_011347,control,1,1
profile_011348,control,1,1
profile_011349,control,0,1
profile_011350,control,0,0
profile_011351,control,1,1
profile_011352,control,0,0
profile_011353,control,1,1
profile_011354,control,1,1
profile_011355,control,1,1
profile_011356,treatment,0,0
profile_011357,control,1,1
profile_011358,control,1,1
profile_011359,control,1,1
profile_011360,treatment,1,1
profile_011361,treatment,1,1
profile_011362,treatment,1,1
profile_011363,treatment,1,1
profile_011364,treatment,1,1
profile_011365,treatment,0,0
profile_011366,treatment,1,1
profile_011367,treatment,1,1
profile_011368,treatment,0,0
profile_011369,treatment,1,1
profile_011370,treatment,1,1
profile_011371,treatment,0,1
profile_011372,control,0,0
profile_011373,treatment,0,1
profile_011374,treatment,0,1
profile_011375,control,1,1
profile_011376,treatment,1,1
profile_011377,control,1,1
profile_011378,control,0,1
profile_011379,treatment,1,1
profile_011380,treatment,1,1
profile_011381,treatment,1,1
profile_011382,treatment,1,1
profile_011383,treatment,1,1
profile_011384,treatment,1,1
profile_011385,control,0,0
profile_011386,treatment,1,1
profile_011387,treatment,0,1
profile_011388,treatment,1,1
profile_011389,control,0,0
profile_011390,treatment,1,1
profile_011391,treatment,1,1
profile_011392,treatment,0,0
profile_011393,control,1,1
profile_011394,control,0,0
profile_011395,treatment,1,1
profile_011396,treatment,1,1
profile_011397,treatment,0,1
profile_011398,treatment,0,0
profile_011399,treatment,1,1
profile_011400,treatment,1,1
profile_011401,treatment,0,0
profile_011402,control,1,1
profile_011403,treatment,0,0
profile_011404,control,0,0
profile_011405,control,0,0
profile_011406,control,0,1
profile_011407,treatment,0,1
profile_011408,control,1,1
profile_011409,control,1,1
profile_011410,control,1,1
profile_011411,control,1,1
profile_011412,control,1,1
profile_011413,treatment,1,1
profile_011414,control,1,1
profile_011415,control,1,1
profile_011416,treatment,1,1
profile_011417,treatment,1,1
profile_011418,treatment,1,1
profile_011419,treatment,1,1
profile_011420,treatment,1,1
profile_011421,control,1,1
profile_011422,treatment,0,0
profile_011423,treatment,0,0
profile_011424,treatment,1,1
profile_011425,control,0,1
profile_011426,control,0,0
profile_011427,control,1,1
profile_011428,treatment,1,1
profile_011429,control,1,1
profile_011430,control,1,1
profile_011431,control,0,0
profile_011432,treatment,0,1
profile_011433,control,0,1
profile_011434,control,1,1
profile_011435,control,1,1
profile_011436,control,1,1
profile_011437,control,1,1
profile_011438,treatment,0,0
profile_011439,treatment,1,1
profile_011440,treatment,1,1
profile_011441,treatment,0,0
profile_011442,control,1,1
profile_011443,control,0,0
profile_011444,control,1,1
profile_011445,treatment,1,1
profile_011446,control,1,1
profile_011447,treatment,1,1
profile_011448,treatment,1,1
profile_011449,treatment,1,1
profile_011450,control,0,0
profile_011451,treatment,0,0
profile_011452,control,1,1
profile_011453,control,1,1
profile_011454,treatment,0,1
profile_011455,control,1,1
profile_011456,treatment,0,0
profile_011457,control,0,1
profile_011458,treatment,0,0
profile_011459,control,0,0
profile_011460,treatment,1,1
profile_011461,control,0,0
profile_011462,control,0,1
profile_011463,treatment,0,0
profile_011464,treatment,0,0
profile_011465,control,0,0
profile_011466,treatment,1,1
profile_011467,control,1,1
profile_011468,control,1,1
profile_011469,control,0,0
profile_011470,treatment,0,0
profile_011471,control,0,1
profile_011472,control,1,1
profile_011473,control,1,1
profile_011474,control,1,1
profile_011475,control,0,0
profile_011476,control,1,1
profile_011477,control,1,1
profile_011478,treatment,1,1
profile_011479,treatment,1,1
profile_011480,treatment,1,1
profile_011481,control,1,1
profile_011482,treatment,1,1
profile_011483,control,0,0
profile_011484,treatment,1,1
profile_011485,treatment,1,1
profile_011486,treatment,0,1
profile_011487,control,1,1
profile_011488,treatment,0,0
profile_011489,treatment,0,0
profile_011490,control,1,1
profile_011491,control,1,1
profile_011492,treatment,0,1
profile_011493,treatment,1,1
profile_011494,control,0,1
profile_011495,control,0,0
profile_011496,control,1,1
profile_011497,treatment,1,1
profile_011498,treatment,0,0
profile_011499,control,1,1
profile_011500,control,1,1
profile_011501,control,1,1
profile_011502,treatment,1,1
profile_011503,treatment,0,0
profile_011504,control,0,1
profile_011505,treatment,1,1
profile_011506,treatment,1,1
profile_011507,control,0,1
profile_011508,control,0,1
profile_011509,treatment,1,1
profile_011510,treatment,0,1
profile_011511,control,0,0
profile_011512,control,0,0
profile_011513,treatment,1,1
profile_011514,treatment,1,1
profile_011515,treatment,0,0
profile_011516,control,0,0
profile_011517,control,1,1
profile_011518,treatment,0,1
profile_011519,treatment,1,1
profile_011520,control,1,1
profile_011521,treatment,0,1
profile_011522,treatment,1,1
profile_011523,treatment,1,1
profile_011524,control,0,1
profile_011525,control,1,1
profile_011526,control,1,1
profile_011527,control,1,1
profile_011528,treatment,1,1
profile_011529,treatment,0,0
profile_011530,treatment,1,1
profile_011531,control,1,1
profile_011532,control,1,1
profile_011533,control,1,1
profile_011534,treatment,1,1
profile_011535,treatment,0,0
profile_011536,control,0,1
profile_011537,treatment,1,1
profile_011538,control,1,1
profile_011539,control,0,1
profile_011540,treatment,1,1
profile_011541,control,0,1
profile_011542,treatment,1,1
profile_011543,control,0,0
profile_011544,control,0,1
profile_011545,control,1,1
profile_011546,treatment,0,1
profile_011547,treatment,1,1
profile_011548,treatment,1,1
profile_011549,treatment,1,1
profile_011550,treatment,0,0
profile_011551,treatment,1,1
profile_011552,control,1,1
profile_011553,control,1,1
profile_011554,control,0,1
profile_011555,control,1,1
profile_011556,control,1,1
profile_011557,treatment,0,0
profile_011558,control,1,1
profile_011559,control,0,0
profile_011560,treatment,1,1
profile_011561,control,1,1
profile_011562,treatment,1,1
profile_011563,control,1,1
profile_011564,treatment,1,1
profile_011565,control,0,0
profile_011566,control,1,1
profile_011567,control,0,0
profile_011568,control,1,1
profile_011569,treatment,0,1
profile_011570,treatment,0,1
profile_011571,control,0,0
profile_011572,control,0,1
profile_011573,treatment,1,1
profile_011574,control,0,0
profile_011575,control,1,1
profile_011576,control,1,1
profile_011577,treatment,1,1
profile_011578,treatment,1,1
profile_011579,control,1,1
profile_011580,treatment,1,1
profile_011581,control,0,0
profile_011582,control,1,1
profile_011583,control,1,1
profile_011584,control,1,1
profile_011585,treatment,1,1
profile_011586,treatment,1,1
profile_011587,control,1,1
profile_011588,treatment,1,1
profile_011589,treatment,0,1
profile_011590,treatment,1,1
profile_011591,control,0,1
profile_011592,treatment,1,1
profile_011593,treatment,1,1
profile_011594,control,0,0
profile_011595,control,0,1
profile_011596,control,1,1
profile_011597,treatment,0,1
profile_011598,control,0,0
profile_011599,control,1,1
profile_011600,treatment,1,1
profile_011601,control,1,1
profile_011602,treatment,0,1
profile_011603,treatment,0,0
profile_011604,control,1,1
profile_011605,treatment,0,0
profile_011606,treatment,0,1
profile_011607,treatment,1,1
profile_011608,control,0,1
profile_011609,control,1,1
profile_011610,treatment,0,0
profile_011611,control,1,1
profile_011612,control,0,0
profile_011613,treatment,1,1
profile_011614,control,0,0
profile_011615,control,1,1
profile_011616,treatment,1,1
profile_011617,control,1,1
profile_011618,treatment,1,1
profile_011619,control,0,0
profile_011620,control,0,0
profile_011621,control,1,1
profile_011622,control,0,1
profile_011623,control,0,0
profile_011624,treatment,1,1
profile_011625,treatment,1,1
profile_011626,treatment,0,0
profile_011627,treatment,0,0
profile_011628,treatment,0,1
profile_011629,control,1,1
profile_011630,control,1,1
profile_011631,control,1,1
profile_011632,control,0,0
profile_011633,treatment,1,1
profile_011634,control,1,1
profile_011635,treatment,0,0
profile_011636,control,1,1
profile_011637,control,1,1
profile_011638,control,0,0
profile_011639,control,1,1
profile_011640,treatment,1,1
profile_011641,control,0,0
profile_011642,treatment,0,1
profile_011643,treatment,0,0
profile_011644,treatment,0,0
profile_011645,treatment,0,1
profile_011646,control,0,1
profile_011647,treatment,0,1
profile_011648,control,1,1
profile_011649,treatment,1,1
profile_011650,treatment,1,1
profile_011651,treatment,0,1
profile_011652,treatment,0,0
profile_011653,control,1,1
profile_011654,control,0,0
profile_011655,treatment,0,1
profile_011656,control,1,1
profile_011657,treatment,1,1
profile_011658,control,1,1
profile_011659,control,1,1
profile_011660,treatment,0,1
profile_011661,control,1,1
profile_011662,control,1,1
profile_011663,treatment,1,1
profile_011664,treatment,1,1
profile_011665,treatment,1,1
profile_011666,control,1,1
profile_011667,treatment,0,0
profile_011668,treatment,1,1
profile_011669,control,1,1
profile_011670,treatment,1,1
profile_011671,treatment,0,1
profile_011672,control,1,1
profile_011673,control,0,1
profile_011674,control,1,1
profile_011675,control,1,1
profile_011676,treatment,1,1
profile_011677,control,0,0
profile_011678,control,0,1
profile_011679,treatment,1,1
profile_011680,treatment,0,0
profile_011681,treatment,1,1
profile_011682,control,0,1
profile_011683,control,1,1
profile_011684,control,0,1
profile_011685,treatment,1,1
profile_011686,treatment,1,1
profile_011687,control,0,1
profile_011688,control,1,1
profile_011689,control,0,0
profile_011690,control,1,1
profile_011691,treatment,1,1
profile_011692,control,0,0
profile_011693,treatment,0,0
profile_011694,control,0,1
profile_011695,treatment,1,1
profile_011696,control,1,1
profile_011697,treatment,0,0
profile_011698,control,1,1
profile_011699,treatment,0,1
profile_011700,control,0,1
profile_011701,treatment,0,1
profile_011702,treatment,0,0
profile_011703,control,1,1
profile_011704,control,1,1
profile_011705,treatment,0,0
profile_011706,treatment,0,0
profile_011707,control,1,1
profile_011708,treatment,1,1
profile_011709,treatment,1,1
profile_011710,control,0,0
profile_011711,treatment,0,0
profile_011712,treatment,1,1
profile_011713,control,1,1
profile_011714,treatment,0,0
profile_011715,control,1,1
profile_011716,treatment,0,0
profile_011717,treatment,0,0
profile_011718,control,1,1
profile_011719,control,1,1
profile_011720,control,0,0
profile_011721,treatment,1,1
profile_011722,treatment,1,1
profile_011723,treatment,0,1
profile_011724,control,0,0
profile_011725,treatment,1,1
profile_011726,control,0,0
profile_011727,treatment,1,1
profile_011728,control,1,1
profile_011729,treatment,0,0
profile_011730,treatment,0,1
profile_011731,treatment,0,0
profile_011732,control,0,0
profile_011733,control,0,1
profile_011734,control,1,1
profile_011735,control,1,1
profile_011736,treatment,1,1
profile_011737,control,0,0
profile_011738,treatment,1,1
profile_011739,control,1,1
profile_011740,control,0,1
profile_011741,treatment,1,1
profile_011742,treatment,1,1
profile_011743,treatment,1,1
profile_011744,control,1,1
profile_011745,treatment,1,1
profile_011746,control,1,1
profile_011747,control,1,1
profile_011748,treatment,0,1
profile_011749,control,0,1
profile_011750,treatment,1,1
profile_011751,treatment,1,1
profile_011752,control,0,0
profile_011753,control,0,0
profile_011754,treatment,0,0
profile_011755,treatment,1,1
profile_011756,control,1,1
profile_011757,treatment,0,0
profile_011758,treatment,1,1
profile_011759,control,0,1
profile_011760,control,0,0
profile_011761,control,1,1
profile_011762,treatment,1,1
profile_011763,treatment,1,1
profile_011764,treatment,0,0
profile_011765,treatment,0,0
profile_011766,treatment,1,1
profile_011767,treatment,1,1
profile_011768,control,1,1
profile_011769,treatment,0,0
profile_011770,control,0,0
profile_011771,control,1,1
profile_011772,control,1,1
profile_011773,treatment,1,1
profile_011774,control,0,0
profile_011775,control,1,1
profile_011776,control,1,1
profile_011777,control,1,1
profile_011778,control,1,1
profile_011779,control,1,1
profile_011780,control,0,0
profile_011781,treatment,0,0
profile_011782,control,1,1
profile_011783,control,0,1
profile_011784,treatment,0,0
profile_011785,control,1,1
profile_011786,control,1,1
profile_011787,control,0,1
profile_011788,treatment,1,1
profile_011789,control,1,1
profile_011790,control,1,1
profile_011791,treatment,0,1
profile_011792,control,1,1
profile_011793,control,0,1
profile_011794,control,0,1
profile_011795,treatment,1,1
profile_011796,control,1,1
profile_011797,control,0,0
profile_011798,control,1,1
profile_011799,control,1,1
profile_011800,control,1,1
profile_011801,control,0,1
profile_011802,control,1,1
profile_011803,treatment,0,0
profile_011804,treatment,1,1
profile_011805,treatment,1,1
profile_011806,control,1,1
profile_011807,treatment,0,0
profile_011808,control,0,0
profile_011809,control,0,1
profile_011810,treatment,1,1
profile_011811,treatment,1,1
profile_011812,treatment,0,0
profile_011813,treatment,1,1
profile_011814,control,0,1
profile_011815,treatment,0,1
profile_011816,treatment,0,0
profile_011817,treatment,0,0
profile_011818,control,1,1
profile_011819,treatment,0,0
profile_011820,control,1,1
profile_011821,control,1,1
profile_011822,control,1,1
profile_011823,treatment,1,1
profile_011824,control,1,1
profile_011825,treatment,1,1
profile_011826,control,0,1
profile_011827,treatment,1,1
profile_011828,treatment,0,0
profile_011829,control,1,1
profile_011830,treatment,1,1
profile_011831,treatment,0,0
profile_011832,control,1,1
profile_011833,control,1,1
profile_011834,treatment,1,1
profile_011835,control,1,1
profile_011836,control,1,1
profile_011837,control,1,1
profile_011838,control,1,1
profile_011839,treatment,1,1
profile_011840,treatment,1,1
profile_011841,treatment,1,1
profile_011842,control,0,0
profile_011843,treatment,0,0
profile_011844,treatment,0,0
profile_011845,control,1,1
profile_011846,treatment,0,1
profile_011847,control,1,1
profile_011848,control,1,1
profile_011849,control,0,1
profile_011850,control,0,1
profile_011851,treatment,0,1
profile_011852,control,1,1
profile_011853,control,1,1
profile_011854,control,1,1
profile_011855,control,0,1
profile_011856,treatment,0,0
profile_011857,control,0,0
profile_011858,treatment,0,0
profile_011859,control,1,1
profile_011860,treatment,1,1
profile_011861,treatment,1,1
profile_011862,treatment,0,0
profile_011863,treatment,1,1
profile_011864,control,1,1
profile_011865,control,1,1
profile_011866,control,0,0
profile_011867,control,0,1
profile_011868,control,1,1
profile_011869,treatment,0,0
profile_011870,control,1,1
profile_011871,control,0,0
profile_011872,treatment,1,1
profile_011873,control,1,1
profile_011874,treatment,1,1
profile_011875,control,0,0
profile_011876,control,0,1
profile_011877,treatment,1,1
profile_011878,control,1,1
profile_011879,control,0,1
profile_011880,treatment,1,1
profile_011881,control,1,1
profile_011882,control,1,1
profile_011883,control,1,1
profile_011884,treatment,1,1
profile_011885,treatment,1,1
profile_011886,treatment,0,0
profile_011887,control,0,0
profile_011888,treatment,0,1
profile_011889,control,1,1
profile_011890,treatment,1,1
profile_011891,control,1,1
profile_011892,treatment,0,0
profile_011893,control,1,1
profile_011894,treatment,1,1
profile_011895,control,1,1
profile_011896,treatment,1,1
profile_011897,control,1,1
profile_011898,control,1,1
profile_011899,control,1,1
profile_011900,treatment,0,1
profile_011901,treatment,0,0
profile_011902,control,0,1
profile_011903,control,0,1
profile_011904,treatment,0,1
profile_011905,treatment,1,1
profile_011906,treatment,0,0
profile_011907,treatment,1,1
profile_011908,treatment,1,1
profile_011909,control,0,1
profile_011910,control,1,1
profile_011911,treatment,1,1
profile_011912,control,0,0
profile_011913,treatment,0,0
profile_011914,treatment,1,1
profile_011915,treatment,1,1
profile_011916,control,1,1
profile_011917,treatment,1,1
profile_011918,treatment,1,1
profile_011919,treatment,1,1
profile_011920,treatment,1,1
profile_011921,control,0,1
profile_011922,control,1,1
profile_011923,treatment,0,0
profile_011924,treatment,1,1
profile_011925,treatment,1,1
profile_011926,control,1,1
profile_011927,treatment,1,1
profile_011928,treatment,0,0
profile_011929,control,0,0
profile_011930,treatment,1,1
profile_011931,control,1,1
profile_011932,treatment,0,1
profile_011933,control,1,1
profile_011934,control,1,1
profile_011935,treatment,0,0
profile_011936,treatment,0,0
profile_011937,treatment,1,1
profile_011938,treatment,0,1
profile_011939,treatment,1,1
profile_011940,control,0,1
profile_011941,control,1,1
profile_011942,control,0,1
profile_011943,treatment,1,1
profile_011944,treatment,0,0
profile_011945,treatment,1,1
profile_011946,treatment,1,1
profile_011947,control,1,1
profile_011948,control,1,1
profile_011949,treatment,0,1
profile_011950,treatment,1,1
profile_011951,treatment,1,1
profile_011952,control,0,0
profile_011953,control,1,1
profile_011954,control,1,1
profile_011955,treatment,1,1
profile_011956,control,0,1
profile_011957,treatment,1,1
profile_011958,treatment,1,1
profile_011959,treatment,1,1
profile_011960,control,0,0
profile_011961,control,1,1
profile_011962,control,1,1
profile_011963,treatment,0,0
profile_011964,control,1,1
profile_011965,treatment,1,1
profile_011966,treatment,1,1
profile_011967,treatment,1,1
profile_011968,control,1,1
profile_011969,control,1,1
profile_011970,treatment,1,1
profile_011971,treatment,0,0
profile_011972,control,1,1
profile_011973,control,0,1
profile_011974,treatment,1,1
profile_011975,treatment,1,1
profile_011976,treatment,0,0
profile_011977,treatment,0,1
profile_011978,treatment,1,1
profile_011979,treatment,1,1
profile_011980,treatment,0,1
profile_011981,treatment,1,1
profile_011982,control,0,0
profile_011983,control,1,1
profile_011984,control,1,1
profile_011985,control,1,1
profile_011986,control,1,1
profile_011987,treatment,0,0
profile_011988,treatment,0,0
profile_011989,control,1,1
profile_011990,control,1,1
profile_011991,treatment,1,1
profile_011992,treatment,1,1
profile_011993,control,1,1
profile_011994,treatment,1,1
profile_011995,treatment,1,1
profile_011996,control,1,1
profile_011997,treatment,1,1
profile_011998,control,1,1
profile_011999,treatment,1,1
profile_012000,control,1,1
profile_012001,treatment,1,1
profile_012002,treatment,1,1
profile_012003,control,0,1
profile_012004,control,1,1
profile_012005,control,0,0
profile_012006,control,1,1
profile_012007,treatment,0,0
profile_012008,control,1,1
profile_012009,treatment,1,1
profile_012010,control,1,1
profile_012011,treatment,0,0
profile_012012,control,1,1
profile_012013,control,1,1
profile_012014,control,0,0
profile_012015,treatment,0,0
profile_012016,treatment,1,1
profile_012017,control,0,0
profile_012018,treatment,1,1
profile_012019,treatment,1,1
profile_012020,treatment,0,0
profile_012021,treatment,0,0
profile_012022,treatment,1,1
profile_012023,treatment,1,1
profile_012024,control,1,1
profile_012025,control,1,1
profile_012026,treatment,1,1
profile_012027,treatment,0,0
profile_012028,control,1,1
profile_012029,treatment,1,1
profile_012030,control,0,1
profile_012031,treatment,1,1
profile_012032,treatment,0,0
profile_012033,control,1,1
profile_012034,treatment,1,1
profile_012035,control,1,1
profile_012036,treatment,1,1
profile_012037,treatment,1,1
profile_012038,treatment,1,1
profile_012039,treatment,1,1
profile_012040,treatment,1,1
profile_012041,control,1,1
profile_012042,control,1,1
profile_012043,control,1,1
profile_012044,treatment,1,1
profile_012045,treatment,1,1
profile_012046,control,1,1
profile_012047,treatment,1,1
profile_012048,control,0,0
profile_012049,treatment,1,1
profile_012050,treatment,1,1
profile_012051,treatment,0,1
profile_012052,treatment,1,1
profile_012053,treatment,1,1
profile_012054,treatment,0,0
profile_012055,control,1,1
profile_012056,treatment,0,1
profile_012057,control,1,1
profile_012058,treatment,1,1
profile_012059,control,0,1
profile_012060,control,0,0
profile_012061,treatment,0,0
profile_012062,control,1,1
profile_012063,treatment,1,1
profile_012064,control,1,1
profile_012065,control,1,1
profile_012066,control,1,1
profile_012067,treatment,0,0
profile_012068,treatment,1,1
profile_012069,treatment,0,0
profile_012070,treatment,1,1
profile_012071,treatment,0,0
profile_012072,treatment,1,1
profile_012073,treatment,1,1
profile_012074,treatment,1,1
profile_012075,treatment,1,1
profile_012076,treatment,1,1
profile_012077,control,0,0
profile_012078,treatment,0,0
profile_012079,control,1,1
profile_012080,control,0,0
profile_012081,control,0,1
profile_012082,treatment,1,1
profile_012083,treatment,1,1
profile_012084,treatment,1,1
profile_012085,control,1,1
profile_012086,treatment,0,0
profile_012087,treatment,0,1
profile_012088,treatment,1,1
profile_012089,control,0,1
profile_012090,treatment,1,1
profile_012091,treatment,1,1
profile_012092,treatment,1,1
profile_012093,treatment,0,0
profile_012094,control,0,0
profile_012095,treatment,1,1
profile_012096,control,0,1
profile_012097,control,1,1
profile_012098,control,0,0
profile_012099,control,1,1
profile_012100,control,1,1
profile_012101,treatment,0,1
profile_012102,control,1,1
profile_012103,control,0,1
profile_012104,control,1,1
profile_012105,control,1,1
profile_012106,control,1,1
profile_012107,treatment,1,1
profile_012108,control,0,1
profile_012109,control,1,1
profile_012110,control,1,1
profile_012111,control,1,1
profile_012112,control,1,1
profile_012113,treatment,1,1
profile_012114,control,1,1
profile_012115,control,1,1
profile_012116,treatment,1,1
profile_012117,treatment,1,1
profile_012118,control,1,1
profile_012119,treatment,1,1
profile_012120,treatment,0,0
profile_012121,treatment,1,1
profile_012122,treatment,1,1
profile_012123,treatment,1,1
profile_012124,control,0,0
profile_012125,treatment,1,1
profile_012126,treatment,1,1
profile_012127,control,0,0
profile_012128,control,1,1
profile_012129,control,1,1
profile_012130,treatment,0,0
profile_012131,treatment,0,1
profile_012132,control,1,1
profile_012133,control,1,1
profile_012134,control,0,0
profile_012135,treatment,0,1
profile_012136,control,0,1
profile_012137,control,0,1
profile_012138,control,1,1
profile_012139,control,1,1
profile_012140,control,1,1
profile_012141,treatment,1,1
profile_012142,treatment,0,0
profile_012143,control,1,1
profile_012144,treatment,1,1
profile_012145,control,1,1
profile_012146,control,1,1
profile_012147,treatment,1,1
profile_012148,treatment,1,1
profile_012149,control,0,0
profile_012150,control,0,1
profile_012151,treatment,0,0
profile_012152,control,1,1
profile_012153,treatment,1,1
profile_012154,control,1,1
profile_012155,control,0,1
profile_012156,control,0,0
profile_012157,treatment,1,1
profile_012158,control,1,1
profile_012159,treatment,0,0
profile_012160,treatment,0,1
profile_012161,control,0,0
profile_012162,treatment,0,0
profile_012163,treatment,0,0
profile_012164,treatment,1,1
profile_012165,control,0,1
profile_012166,control,1,1
profile_012167,treatment,1,1
profile_012168,treatment,0,1
profile_012169,control,0,0
profile_012170,treatment,0,1
profile_012171,control,1,1
profile_012172,treatment,1,1
profile_012173,control,1,1
profile_012174,treatment,0,0
profile_012175,treatment,0,1
profile_012176,control,0,1
profile_012177,treatment,0,0
profile_012178,control,0,1
profile_012179,control,1,1
profile_012180,control,0,1
profile_012181,treatment,1,1
profile_012182,treatment,1,1
profile_012183,control,0,0
profile_012184,control,0,1
profile_012185,control,1,1
profile_012186,treatment,1,1
profile_012187,treatment,1,1
profile_012188,treatment,1,1
profile_012189,treatment,0,1
profile_012190,control,1,1
profile_012191,treatment,1,1
profile_012192,treatment,1,1
profile_012193,control,1,1
profile_012194,treatment,0,0
profile_012195,treatment,0,0
profile_012196,treatment,1,1
profile_012197,treatment,0,0
profile_012198,control,1,1
profile_012199,treatment,1,1
profile_012200,treatment,1,1
profile_012201,treatment,0,1
profile_012202,control,0,0
profile_012203,treatment,1,1
profile_012204,treatment,0,0
profile_012205,treatment,0,0
profile_012206,control,1,1
profile_012207,treatment,1,1
profile_012208,treatment,1,1
profile_012209,treatment,1,1
profile_012210,treatment,1,1
profile_012211,treatment,0,1
profile_012212,control,0,1
profile_012213,control,1,1
profile_012214,treatment,0,0
profile_012215,treatment,0,0
profile_012216,treatment,1,1
profile_012217,treatment,1,1
profile_012218,treatment,0,0
profile_012219,treatment,1,1
profile_012220,treatment,1,1
profile_012221,treatment,1,1
profile_012222,treatment,1,1
profile_012223,treatment,0,1
profile_012224,treatment,0,0
profile_012225,control,1,1
profile_012226,control,1,1
profile_012227,treatment,1,1
profile_012228,control,0,1
profile_012229,treatment,1,1
profile_012230,treatment,0,1
profile_012231,treatment,0,0
profile_012232,control,0,1
profile_012233,treatment,1,1
profile_012234,control,1,1
profile_012235,control,0,0
profile_012236,control,1,1
profile_012237,control,1,1
profile_012238,control,1,1
profile_012239,control,0,0
profile_012240,control,1,1
profile_012241,treatment,1,1
profile_012242,control,0,1
profile_012243,control,1,1
profile_012244,treatment,0,0
profile_012245,treatment,1,1
profile_012246,treatment,1,1
profile_012247,treatment,0,0
profile_012248,control,1,1
profile_012249,treatment,1,1
profile_012250,treatment,1,1
profile_012251,control,1,1
profile_012252,control,1,1
profile_012253,control,1,1
profile_012254,treatment,0,0
profile_012255,treatment,1,1
profile_012256,control,0,1
profile_012257,treatment,1,1
profile_012258,control,1,1
profile_012259,treatment,0,0
profile_012260,control,1,1
profile_012261,treatment,1,1
profile_012262,control,1,1
profile_012263,treatment,0,1
profile_012264,control,0,0
profile_012265,control,0,1
profile_012266,treatment,1,1
profile_012267,control,1,1
profile_012268,treatment,0,1
profile_012269,control,0,0
profile_012270,control,1,1
profile_012271,control,1,1
profile_012272,control,1,1
profile_012273,treatment,1,1
profile_012274,control,0,1
profile_012275,treatment,0,1
profile_012276,control,1,1
profile_012277,treatment,1,1
profile_012278,control,1,1
profile_012279,control,0,0
profile_012280,treatment,1,1
profile_012281,treatment,1,1
profile_012282,treatment,1,1
profile_012283,control,0,0
profile_012284,control,0,1
profile_012285,control,0,0
profile_012286,treatment,1,1
profile_012287,control,1,1
profile_012288,control,0,0
profile_012289,control,1,1
profile_012290,treatment,1,1
profile_012291,control,1,1
profile_012292,treatment,1,1
profile_012293,treatment,0,1
profile_012294,control,1,1
profile_012295,treatment,1,1
profile_012296,treatment,0,0
profile_012297,treatment,1,1
profile_012298,treatment,0,0
profile_012299,control,1,1
profile_012300,treatment,1,1
profile_012301,control,1,1
profile_012302,treatment,1,1
profile_012303,control,0,1
profile_012304,control,1,1
profile_012305,treatment,1,1
profile_012306,control,1,1
profile_012307,treatment,1,1
profile_012308,control,0,0
profile_012309,treatment,0,0
profile_012310,control,0,0
profile_012311,control,1,1
profile_012312,treatment,1,1
profile_012313,control,0,0
profile_012314,control,0,1
profile_012315,control,1,1
profile_012316,control,1,1
profile_012317,treatment,0,1
profile_012318,treatment,1,1
profile_012319,treatment,1,1
profile_012320,treatment,1,1
profile_012321,control,1,1
profile_012322,control,1,1
profile_012323,control,0,0
profile_012324,control,1,1
profile_012325,control,1,1
profile_012326,treatment,1,1
profile_012327,treatment,1,1
profile_012328,control,0,1
profile_012329,control,1,1
profile_012330,control,0,1
profile_012331,control,1,1
profile_012332,control,1,1
profile_012333,treatment,1,1
profile_012334,treatment,1,1
profile_012335,treatment,1,1
profile_012336,treatment,0,1
profile_012337,control,1,1
profile_012338,control,1,1
profile_012339,control,1,1
profile_012340,control,0,1
profile_012341,treatment,0,0
profile_012342,treatment,1,1
profile_012343,treatment,0,0
profile_012344,control,0,1
profile_012345,treatment,1,1
profile_012346,treatment,0,0
profile_012347,control,1,1
profile_012348,control,1,1
profile_012349,treatment,1,1
profile_012350,control,0,0
profile_012351,treatment,0,1
profile_012352,control,1,1
profile_012353,treatment,1,1
profile_012354,control,0,1
profile_012355,treatment,1,1
profile_012356,treatment,0,0
profile_012357,control,0,1
profile_012358,control,1,1
profile_012359,treatment,1,1
profile_012360,control,0,1
profile_012361,treatment,0,1
profile_012362,control,1,1
profile_012363,treatment,1,1
profile_012364,treatment,0,0
profile_012365,treatment,1,1
profile_012366,control,1,1
profile_012367,control,1,1
profile_012368,treatment,1,1
profile_012369,control,1,1
profile_012370,treatment,1,1
profile_012371,treatment,1,1
profile_012372,treatment,0,0
profile_012373,control,0,1
profile_012374,control,1,1
profile_012375,treatment,1,1
profile_012376,control,1,1
profile_012377,treatment,1,1
profile_012378,control,1,1
profile_012379,control,1,1
profile_012380,treatment,0,1
profile_012381,control,0,1
profile_012382,control,0,1
profile_012383,control,1,1
profile_012384,control,1,1
profile_012385,control,1,1
profile_012386,treatment,1,1
profile_012387,treatment,1,1
profile_012388,control,0,1
profile_012389,control,1,1
profile_012390,control,1,1
profile_012391,treatment,0,0
profile_012392,control,0,0
profile_012393,control,1,1
profile_012394,treatment,1,1
profile_012395,treatment,1,1
profile_012396,control,1,1
profile_012397,control,0,0
profile_012398,treatment,0,0
profile_012399,control,0,0
profile_012400,treatment,0,0
profile_012401,treatment,0,1
profile_012402,control,0,1
profile_012403,treatment,1,1
profile_012404,control,1,1
profile_012405,treatment,0,1
profile_012406,treatment,1,1
profile_012407,control,1,1
profile_012408,treatment,0,0
profile_012409,control,1,1
profile_012410,treatment,1,1
profile_012411,treatment,1,1
profile_012412,control,0,0
profile_012413,control,1,1
profile_012414,treatment,0,1
profile_012415,control,0,0
profile_012416,treatment,0,1
profile_012417,control,0,1
profile_012418,control,1,1
profile_012419,control,1,1
profile_012420,control,1,1
profile_012421,treatment,1,1
profile_012422,treatment,0,0
profile_012423,treatment,1,1
profile_012424,treatment,1,1
profile_012425,treatment,0,0
profile_012426,control,1,1
profile_012427,treatment,0,1
profile_012428,treatment,0,0
profile_012429,treatment,1,1
profile_012430,control,1,1
profile_012431,treatment,1,1
profile_012432,control,0,0
profile_012433,control,1,1
profile_012434,treatment,0,1
profile_012435,control,1,1
profile_012436,treatment,0,0
profile_012437,control,1,1
profile_012438,control,1,1
profile_012439,control,1,1
profile_012440,control,1,1
profile_012441,control,1,1
profile_012442,treatment,0,0
profile_012443,treatment,1,1
profile_012444,treatment,1,1
profile_012445,control,1,1
profile_012446,control,0,0
profile_012447,treatment,1,1
profile_012448,treatment,1,1
profile_012449,control,0,0
profile_012450,control,1,1
profile_012451,treatment,1,1
profile_012452,control,1,1
profile_012453,control,0,1
profile_012454,control,0,1
profile_012455,control,0,0
profile_012456,control,1,1
profile_012457,treatment,1,1
profile_012458,treatment,1,1
profile_012459,treatment,1,1
profile_012460,control,1,1
profile_012461,treatment,0,0
profile_012462,treatment,1,1
profile_012463,control,1,1
profile_012464,treatment,1,1
profile_012465,treatment,0,0
profile_012466,control,1,1
profile_012467,treatment,0,1
profile_012468,treatment,1,1
profile_012469,control,1,1
profile_012470,treatment,0,0
profile_012471,treatment,1,1
profile_012472,control,1,1
profile_012473,control,0,0
profile_012474,treatment,1,1
profile_012475,treatment,1,1
profile_012476,control,1,1
profile_012477,treatment,1,1
profile_012478,control,1,1
profile_012479,treatment,0,0
profile_012480,control,0,1
profile_012481,treatment,1,1
profile_012482,treatment,1,1
profile_012483,treatment,0,0
profile_012484,treatment,0,1
profile_012485,control,0,0
profile_012486,treatment,1,1
profile_012487,treatment,0,1
profile_012488,treatment,1,1
profile_012489,control,1,1
profile_012490,treatment,1,1
profile_012491,control,0,1
profile_012492,treatment,0,0
profile_012493,treatment,1,1
profile_012494,control,1,1
profile_012495,treatment,1,1
profile_012496,treatment,1,1
profile_012497,control,0,1
profile_012498,treatment,1,1
profile_012499,control,0,0
profile_012500,treatment,0,1
profile_012501,treatment,0,0
profile_012502,treatment,0,0
profile_012503,treatment,1,1
profile_012504,treatment,1,1
profile_012505,control,0,0
profile_012506,treatment,0,0
profile_012507,treatment,0,1
profile_012508,treatment,1,1
profile_012509,control,1,1
profile_012510,control,1,1
profile_012511,control,1,1
profile_012512,treatment,0,0
profile_012513,treatment,1,1
profile_012514,control,1,1
profile_012515,control,0,0
profile_012516,control,1,1
profile_012517,treatment,0,0
profile_012518,treatment,1,1
profile_012519,control,1,1
profile_012520,treatment,1,1
profile_012521,treatment,1,1
profile_012522,treatment,1,1
profile_012523,control,0,1
profile_012524,treatment,0,0
profile_012525,treatment,1,1
profile_012526,control,0,0
profile_012527,control,0,0
profile_012528,control,1,1
profile_012529,control,0,1
profile_012530,treatment,1,1
profile_012531,control,1,1
profile_012532,treatment,0,1
profile_012533,control,0,0
profile_012534,control,1,1
profile_012535,treatment,1,1
profile_012536,treatment,1,1
profile_012537,control,0,0
profile_012538,control,1,1
profile_012539,control,1,1
profile_012540,control,0,0
profile_012541,control,0,0
profile_012542,treatment,0,1
profile_012543,control,1,1
profile_012544,treatment,1,1
profile_012545,control,0,0
profile_012546,control,1,1
profile_012547,control,1,1
profile_012548,treatment,0,1
profile_012549,control,0,1
profile_012550,treatment,0,0
profile_012551,control,0,0
profile_012552,treatment,0,0
profile_012553,treatment,1,1
profile_012554,control,0,0
profile_012555,control,1,1
profile_012556,treatment,1,1
profile_012557,control,1,1
profile_012558,control,1,1
profile_012559,control,1,1
profile_012560,treatment,1,1
profile_012561,control,0,1
profile_012562,treatment,0,0
profile_012563,control,1,1
profile_012564,treatment,0,1
profile_012565,treatment,0,1
profile_012566,treatment,0,0
profile_012567,treatment,0,0
profile_012568,treatment,0,1
profile_012569,treatment,0,0
profile_012570,treatment,1,1
profile_012571,treatment,1,1
profile_012572,control,1,1
profile_012573,control,1,1
profile_012574,treatment,0,1
profile_012575,treatment,0,0
profile_012576,control,0,0
profile_012577,treatment,1,1
profile_012578,treatment,1,1
profile_012579,treatment,0,1
profile_012580,control,0,0
profile_012581,control,1,1
profile_012582,control,1,1
profile_012583,control,0,0
profile_012584,treatment,0,0
profile_012585,treatment,1,1
profile_012586,control,0,0
profile_012587,treatment,0,0
profile_012588,treatment,0,0
profile_012589,control,1,1
profile_012590,treatment,0,0
profile_012591,treatment,1,1
profile_012592,treatment,1,1
profile_012593,control,0,0
profile_012594,treatment,0,1
profile_012595,treatment,0,1
profile_012596,control,0,1
profile_012597,control,1,1
profile_012598,treatment,0,0
profile_012599,treatment,1,1
profile_012600,treatment,0,0
profile_012601,control,0,1
profile_012602,treatment,1,1
profile_012603,treatment,1,1
profile_012604,treatment,1,1
profile_012605,control,1,1
profile_012606,control,1,1
profile_012607,control,0,1
profile_012608,treatment,0,1
profile_012609,control,1,1
profile_012610,treatment,1,1
profile_012611,control,0,0
profile_012612,treatment,1,1
profile_012613,control,1,1
profile_012614,control,0,0
profile_012615,treatment,1,1
profile_012616,control,1,1
profile_012617,control,0,0
profile_012618,treatment,1,1
profile_012619,control,1,1
profile_012620,control,0,1
profile_012621,control,1,1
profile_012622,treatment,0,0
profile_012623,treatment,0,1
profile_012624,treatment,1,1
profile_012625,treatment,0,0
profile_012626,treatment,1,1
profile_012627,control,1,1
profile_012628,treatment,0,1
profile_012629,control,1,1
profile_012630,treatment,1,1
profile_012631,treatment,1,1
profile_012632,control,0,0
profile_012633,treatment,1,1
profile_012634,treatment,1,1
profile_012635,treatment,0,0
profile_012636,control,0,0
profile_012637,control,0,0
profile_012638,control,1,1
profile_012639,control,0,0
profile_012640,treatment,0,0
profile_012641,treatment,0,0
profile_012642,control,1,1
profile_012643,treatment,1,1
profile_012644,treatment,0,0
profile_012645,treatment,1,1
profile_012646,treatment,1,1
profile_012647,treatment,0,0
profile_012648,treatment,1,1
profile_012649,control,1,1
profile_012650,control,1,1
profile_012651,treatment,0,1
profile_012652,treatment,1,1
profile_012653,control,1,1
profile_012654,treatment,1,1
profile_012655,treatment,1,1
profile_012656,treatment,0,0
profile_012657,control,0,1
profile_012658,treatment,1,1
profile_012659,control,1,1
profile_012660,treatment,0,0
profile_012661,treatment,0,0
profile_012662,control,0,1
profile_012663,control,1,1
profile_012664,treatment,1,1
profile_012665,treatment,0,0
profile_012666,control,1,1
profile_012667,control,0,0
profile_012668,control,0,1
profile_012669,treatment,0,0
profile_012670,treatment,1,1
profile_012671,control,1,1
profile_012672,control,0,0
profile_012673,treatment,1,1
profile_012674,treatment,1,1
profile_012675,treatment,1,1
profile_012676,control,1,1
profile_012677,treatment,1,1
profile_012678,control,0,0
profile_012679,treatment,1,1
profile_012680,control,1,1
profile_012681,control,1,1
profile_012682,control,1,1
profile_012683,control,1,1
profile_012684,treatment,1,1
profile_012685,control,0,1
profile_012686,treatment,1,1
profile_012687,control,1,1
profile_012688,control,1,1
profile_012689,treatment,0,0
profile_012690,control,1,1
profile_012691,treatment,1,1
profile_012692,control,1,1
profile_012693,control,1,1
profile_012694,control,0,1
profile_012695,treatment,0,0
profile_012696,treatment,1,1
profile_012697,treatment,0,0
profile_012698,control,0,1
profile_012699,control,1,1
profile_012700,treatment,0,0
profile_012701,treatment,0,0
profile_012702,control,0,0
profile_012703,treatment,1,1
profile_012704,control,1,1
profile_012705,treatment,0,1
profile_012706,control,0,0
profile_012707,treatment,1,1
profile_012708,control,1,1
profile_012709,treatment,1,1
profile_012710,treatment,1,1
profile_012711,treatment,0,1
profile_012712,treatment,1,1
profile_012713,control,1,1
profile_012714,control,1,1
profile_012715,control,1,1
profile_012716,control,1,1
profile_012717,control,1,1
profile_012718,control,0,0
profile_012719,treatment,1,1
profile_012720,treatment,1,1
profile_012721,treatment,1,1
profile_012722,treatment,1,1
profile_012723,control,1,1
profile_012724,control,1,1
profile_012725,control,0,1
profile_012726,treatment,1,1
profile_012727,treatment,0,0
profile_012728,control,0,1
profile_012729,control,0,0
profile_012730,control,1,1
profile_012731,control,1,1
profile_012732,treatment,1,1
profile_012733,control,1,1
profile_012734,control,1,1
profile_012735,control,1,1
profile_012736,control,1,1
profile_012737,treatment,0,1
profile_012738,control,1,1
profile_012739,control,1,1
profile_012740,control,1,1
profile_012741,control,1,1
profile_012742,control,0,0
profile_012743,treatment,1,1
profile_012744,treatment,1,1
profile_012745,treatment,1,1
profile_012746,control,0,0
profile_012747,treatment,1,1
profile_012748,control,0,1
profile_012749,control,0,1
profile_012750,control,0,1
profile_012751,control,0,1
profile_012752,control,0,1
profile_012753,control,0,1
profile_012754,treatment,0,1
profile_012755,treatment,1,1
profile_012756,control,0,1
profile_012757,control,0,0
profile_012758,treatment,0,0
profile_012759,control,1,1
profile_012760,treatment,0,0
profile_012761,control,1,1
profile_012762,control,1,1
profile_012763,control,0,1
profile_012764,control,0,1
profile_012765,control,0,0
profile_012766,control,1,1
profile_012767,treatment,0,0
profile_012768,control,0,1
profile_012769,control,1,1
profile_012770,treatment,0,0
profile_012771,treatment,1,1
profile_012772,treatment,1,1
profile_012773,control,0,1
profile_012774,treatment,1,1
profile_012775,treatment,0,0
profile_012776,treatment,1,1
profile_012777,control,1,1
profile_012778,treatment,1,1
profile_012779,control,1,1
profile_012780,control,0,0
profile_012781,treatment,1,1
profile_012782,control,1,1
profile_012783,treatment,1,1
profile_012784,treatment,1,1
profile_012785,treatment,1,1
profile_012786,treatment,1,1
profile_012787,treatment,1,1
profile_012788,treatment,1,1
profile_012789,control,1,1
profile_012790,control,1,1
profile_012791,control,1,1
profile_012792,control,0,0
profile_012793,treatment,1,1
profile_012794,control,0,0
profile_012795,treatment,1,1
profile_012796,control,0,0
profile_012797,control,0,1
profile_012798,treatment,1,1
profile_012799,treatment,1,1
profile_012800,treatment,1,1
profile_012801,control,1,1
profile_012802,treatment,1,1
profile_012803,control,0,0
profile_012804,control,1,1
profile_012805,treatment,0,0
profile_012806,treatment,1,1
profile_012807,treatment,1,1
profile_012808,treatment,1,1
profile_012809,control,1,1
profile_012810,control,0,0
profile_012811,treatment,1,1
profile_012812,control,1,1
profile_012813,control,1,1
profile_012814,control,1,1
profile_012815,control,1,1
profile_012816,control,0,1
profile_012817,control,0,0
profile_012818,treatment,1,1
profile_012819,control,1,1
profile_012820,treatment,0,0
profile_012821,control,1,1
profile_012822,control,0,1
profile_012823,treatment,0,0
profile_012824,treatment,0,0
profile_012825,treatment,0,0
profile_012826,treatment,1,1
profile_012827,treatment,0,1
profile_012828,treatment,0,0
profile_012829,control,1,1
profile_012830,control,1,1
profile_012831,treatment,1,1
profile_012832,control,0,0
profile_012833,control,1,1
profile_012834,treatment,1,1
profile_012835,treatment,1,1
profile_012836,control,0,0
profile_012837,treatment,0,1
profile_012838,treatment,1,1
profile_012839,control,0,0
profile_012840,treatment,1,1
profile_012841,control,0,0
profile_012842,control,0,0
profile_012843,treatment,0,0
profile_012844,treatment,0,1
profile_012845,control,0,0
profile_012846,treatment,0,0
profile_012847,control,1,1
profile_012848,treatment,1,1
profile_012849,control,1,1
profile_012850,treatment,0,1
profile_012851,control,1,1
profile_012852,treatment,1,1
profile_012853,control,1,1
profile_012854,control,1,1
profile_012855,control,1,1
profile_012856,control,1,1
profile_012857,treatment,0,0
profile_012858,control,0,1
profile_012859,control,0,0
profile_012860,control,1,1
profile_012861,treatment,1,1
profile_012862,treatment,1,1
profile_012863,treatment,1,1
profile_012864,control,0,1
profile_012865,treatment,0,1
profile_012866,treatment,1,1
profile_012867,treatment,1,1
profile_012868,treatment,0,0
profile_012869,control,1,1
profile_012870,treatment,1,1
profile_012871,treatment,1,1
profile_012872,control,1,1
profile_012873,treatment,0,1
profile_012874,control,1,1
profile_012875,treatment,0,1
profile_012876,treatment,1,1
profile_012877,treatment,1,1
profile_012878,control,1,1
profile_012879,treatment,1,1
profile_012880,control,1,1
profile_012881,control,0,1
profile_012882,treatment,1,1
profile_012883,treatment,1,1
profile_012884,control,1,1
profile_012885,treatment,1,1
profile_012886,control,1,1
profile_012887,control,1,1
profile_012888,control,1,1
profile_012889,treatment,1,1
profile_012890,treatment,0,1
profile_012891,treatment,1,1
profile_012892,control,1,1
profile_012893,control,0,1
profile_012894,control,1,1
profile_012895,control,1,1
profile_012896,treatment,0,0
profile_012897,control,1,1
profile_012898,treatment,1,1
profile_012899,treatment,1,1
profile_012900,treatment,1,1
profile_012901,control,1,1
profile_012902,treatment,1,1
profile_012903,control,1,1
profile_012904,control,1,1
profile_012905,treatment,1,1
profile_012906,treatment,0,0
profile_012907,treatment,1,1
profile_012908,treatment,1,1
profile_012909,control,1,1
profile_012910,treatment,1,1
profile_012911,treatment,0,1
profile_012912,control,1,1
profile_012913,treatment,0,0
profile_012914,control,1,1
profile_012915,treatment,0,1
profile_012916,control,1,1
profile_012917,control,1,1
profile_012918,control,0,0
profile_012919,control,1,1
profile_012920,control,1,1
profile_012921,control,0,1
profile_012922,control,1,1
profile_012923,control,0,0
profile_012924,control,0,0
profile_012925,control,1,1
profile_012926,control,1,1
profile_012927,treatment,1,1
profile_012928,control,0,1
profile_012929,treatment,1,1
profile_012930,control,1,1
profile_012931,control,1,1
profile_012932,control,0,1
profile_012933,control,1,1
profile_012934,control,1,1
profile_012935,control,0,1
profile_012936,treatment,1,1
profile_012937,control,1,1
profile_012938,treatment,0,0
profile_012939,control,0,0
profile_012940,treatment,0,1
profile_012941,treatment,0,0
profile_012942,treatment,0,1
profile_012943,treatment,0,0
profile_012944,treatment,1,1
profile_012945,treatment,1,1
profile_012946,control,1,1
profile_012947,treatment,0,1
profile_012948,control,0,1
profile_012949,control,0,1
profile_012950,control,1,1
profile_012951,control,1,1
profile_012952,treatment,0,0
profile_012953,control,1,1
profile_012954,control,1,1
profile_012955,control,1,1
profile_012956,control,1,1
profile_012957,control,0,0
profile_012958,treatment,0,0
profile_012959,treatment,1,1
profile_012960,control,1,1
profile_012961,control,1,1
profile_012962,control,1,1
profile_012963,control,0,1
profile_012964,treatment,0,0
profile_012965,treatment,1,1
profile_012966,treatment,1,1
profile_012967,treatment,1,1
profile_012968,treatment,0,0
profile_012969,treatment,1,1
profile_012970,treatment,0,0
profile_012971,treatment,0,1
profile_012972,control,1,1
profile_012973,treatment,0,0
profile_012974,treatment,0,0
profile_012975,treatment,1,1
profile_012976,control,0,0
profile_012977,treatment,0,0
profile_012978,treatment,1,1
profile_012979,treatment,0,0
profile_012980,control,0,1
profile_012981,treatment,0,1
profile_012982,treatment,0,0
profile_012983,control,1,1
profile_012984,treatment,1,1
profile_012985,treatment,1,1
profile_012986,treatment,1,1
profile_012987,control,0,0
profile_012988,control,0,0
profile_012989,control,1,1
profile_012990,treatment,1,1
profile_012991,control,1,1
profile_012992,treatment,1,1
profile_012993,treatment,0,1
profile_012994,treatment,1,1
profile_012995,treatment,1,1
profile_012996,control,1,1
profile_012997,treatment,0,0
profile_012998,treatment,0,0
profile_012999,treatment,0,0
profile_013000,control,1,1
profile_013001,control,1,1
profile_013002,treatment,1,1
profile_013003,control,1,1
profile_013004,control,1,1
profile_013005,treatment,1,1
profile_013006,control,1,1
profile_013007,control,1,1
profile_013008,control,1,1
profile_013009,treatment,1,1
profile_013010,control,0,0
profile_013011,control,1,1
profile_013012,treatment,0,0
profile_013013,control,1,1
profile_013014,treatment,1,1
profile_013015,treatment,1,1
profile_013016,treatment,1,1
profile_013017,treatment,0,1
profile_013018,treatment,1,1
profile_013019,treatment,1,1
profile_013020,control,0,0
profile_013021,control,1,1
profile_013022,treatment,1,1
profile_013023,treatment,1,1
profile_013024,treatment,1,1
profile_013025,control,0,1
profile_013026,treatment,1,1
profile_013027,treatment,1,1
profile_013028,treatment,1,1
profile_013029,control,1,1
profile_013030,control,1,1
profile_013031,treatment,1,1
profile_013032,treatment,1,1
profile_013033,treatment,0,0
profile_013034,treatment,1,1
profile_013035,treatment,0,0
profile_013036,treatment,1,1
profile_013037,treatment,1,1
profile_013038,treatment,1,1
profile_013039,treatment,0,0
profile_013040,control,1,1
profile_013041,control,1,1
profile_013042,treatment,1,1
profile_013043,treatment,1,1
profile_013044,treatment,1,1
profile_013045,treatment,0,0
profile_013046,treatment,1,1
profile_013047,treatment,1,1
profile_013048,control,1,1
profile_013049,treatment,0,1
profile_013050,treatment,1,1
profile_013051,treatment,1,1
profile_013052,treatment,0,1
profile_013053,control,1,1
profile_013054,control,0,0
profile_013055,treatment,1,1
profile_013056,control,1,1
profile_013057,treatment,1,1
profile_013058,treatment,1,1
profile_013059,control,1,1
profile_013060,treatment,1,1
profile_013061,control,1,1
profile_013062,treatment,1,1
profile_013063,control,1,1
profile_013064,treatment,0,0
profile_013065,treatment,1,1
profile_013066,treatment,0,0
profile_013067,treatment,1,1
profile_013068,treatment,1,1
profile_013069,treatment,1,1
profile_013070,treatment,1,1
profile_013071,treatment,1,1
profile_013072,treatment,0,1
profile_013073,treatment,0,1
profile_013074,control,1,1
profile_013075,control,1,1
profile_013076,control,0,1
profile_013077,control,1,1
profile_013078,treatment,1,1
profile_013079,treatment,1,1
profile_013080,control,1,1
profile_013081,treatment,1,1
profile_013082,control,0,0
profile_013083,control,1,1
profile_013084,control,1,1
profile_013085,control,0,0
profile_013086,control,1,1
profile_013087,control,1,1
profile_013088,treatment,1,1
profile_013089,treatment,0,0
profile_013090,control,1,1
profile_013091,treatment,0,0
profile_013092,treatment,1,1
profile_013093,treatment,0,1
profile_013094,control,0,1
profile_013095,treatment,0,1
profile_013096,control,0,1
profile_013097,treatment,1,1
profile_013098,treatment,1,1
profile_013099,control,1,1
profile_013100,treatment,1,1
profile_013101,treatment,0,0
profile_013102,control,0,0
profile_013103,treatment,0,1
profile_013104,control,1,1
profile_013105,control,1,1
profile_013106,control,0,0
profile_013107,control,1,1
profile_013108,treatment,1,1
profile_013109,control,0,0
profile_013110,control,1,1
profile_013111,treatment,1,1
profile_013112,treatment,1,1
profile_013113,treatment,1,1
profile_013114,control,0,0
profile_013115,treatment,0,0
profile_013116,treatment,0,1
profile_013117,control,1,1
profile_013118,control,0,1
profile_013119,treatment,0,0
profile_013120,treatment,0,1
profile_013121,control,1,1
profile_013122,control,0,0
profile_013123,control,1,1
profile_013124,treatment,1,1
profile_013125,control,1,1
profile_013126,control,1,1
profile_013127,treatment,1,1
profile_013128,control,0,1
profile_013129,control,1,1
profile_013130,treatment,0,0
profile_013131,treatment,1,1
profile_013132,control,0,0
profile_013133,control,0,0
profile_013134,treatment,1,1
profile_013135,treatment,1,1
profile_013136,treatment,1,1
profile_013137,treatment,1,1
profile_013138,treatment,1,1
profile_013139,treatment,0,0
profile_013140,treatment,1,1
profile_013141,treatment,0,0
profile_013142,control,1,1
profile_013143,treatment,0,1
profile_013144,treatment,0,1
profile_013145,treatment,0,0
profile_013146,control,1,1
profile_013147,control,1,1
profile_013148,treatment,0,0
profile_013149,treatment,1,1
profile_013150,control,1,1
profile_013151,treatment,1,1
profile_013152,control,1,1
profile_013153,treatment,0,1
profile_013154,treatment,0,0
profile_013155,control,0,0
profile_013156,treatment,1,1
profile_013157,control,1,1
profile_013158,control,1,1
profile_013159,treatment,0,0
profile_013160,control,0,0
profile_013161,control,0,1
profile_013162,treatment,1,1
profile_013163,treatment,1,1
profile_013164,control,1,1
profile_013165,treatment,0,1
profile_013166,treatment,1,1
profile_013167,control,1,1
profile_013168,control,0,1
profile_013169,control,1,1
profile_013170,treatment,1,1
profile_013171,control,1,1
profile_013172,treatment,0,1
profile_013173,control,1,1
profile_013174,control,0,1
profile_013175,treatment,0,0
profile_013176,control,0,0
profile_013177,control,0,0
profile_013178,control,1,1
profile_013179,treatment,1,1
profile_013180,control,0,0
profile_013181,treatment,0,0
profile_013182,treatment,1,1
profile_013183,control,1,1
profile_013184,treatment,1,1
profile_013185,treatment,1,1
profile_013186,control,1,1
profile_013187,control,0,0
profile_013188,treatment,0,1
profile_013189,treatment,1,1
profile_013190,treatment,1,1
profile_013191,control,1,1
profile_013192,treatment,1,1
profile_013193,control,1,1
profile_013194,treatment,1,1
profile_013195,treatment,1,1
profile_013196,control,1,1
profile_013197,treatment,1,1
profile_013198,control,1,1
profile_013199,treatment,1,1
profile_013200,treatment,1,1
profile_013201,control,1,1
profile_013202,control,0,0
profile_013203,control,0,1
profile_013204,control,1,1
profile_013205,control,0,0
profile_013206,control,1,1
profile_013207,treatment,0,0
profile_013208,treatment,0,1
profile_013209,treatment,1,1
profile_013210,control,1,1
profile_013211,treatment,0,1
profile_013212,control,1,1
profile_013213,treatment,1,1
profile_013214,control,0,0
profile_013215,control,1,1
profile_013216,control,0,0
profile_013217,treatment,0,1
profile_013218,treatment,1,1
profile_013219,treatment,1,1
profile_013220,control,0,0
profile_013221,treatment,1,1
profile_013222,control,1,1
profile_013223,treatment,1,1
profile_013224,treatment,1,1
profile_013225,control,0,1
profile_013226,treatment,1,1
profile_013227,control,0,0
profile_013228,control,0,1
profile_013229,control,0,0
profile_013230,control,1,1
profile_013231,control,1,1
profile_013232,control,1,1
profile_013233,treatment,0,0
profile_013234,treatment,1,1
profile_013235,control,0,0
profile_013236,treatment,1,1
profile_013237,treatment,1,1
profile_013238,control,1,1
profile_013239,treatment,1,1
profile_013240,control,1,1
profile_013241,control,1,1
profile_013242,treatment,1,1
profile_013243,control,1,1
profile_013244,control,1,1
profile_013245,treatment,0,0
profile_013246,treatment,1,1
profile_013247,treatment,1,1
profile_013248,treatment,1,1
profile_013249,control,0,1
profile_013250,treatment,1,1
profile_013251,treatment,0,0
profile_013252,control,1,1
profile_013253,treatment,0,0
profile_013254,treatment,1,1
profile_013255,treatment,1,1
profile_013256,treatment,1,1
profile_013257,control,0,1
profile_013258,control,1,1
profile_013259,control,0,0
profile_013260,treatment,1,1
profile_013261,control,0,1
profile_013262,control,0,0
profile_013263,treatment,1,1
profile_013264,treatment,1,1
profile_013265,treatment,1,1
profile_013266,treatment,1,1
profile_013267,control,0,1
profile_013268,control,0,1
profile_013269,control,0,1
profile_013270,control,0,1
profile_013271,control,1,1
profile_013272,treatment,1,1
profile_013273,treatment,1,1
profile_013274,control,1,1
profile_013275,treatment,0,0
profile_013276,control,1,1
profile_013277,treatment,0,0
profile_013278,control,1,1
profile_013279,treatment,1,1
profile_013280,control,0,1
profile_013281,treatment,0,0
profile_013282,treatment,0,0
profile_013283,control,1,1
profile_013284,control,0,1
profile_013285,treatment,1,1
profile_013286,control,0,0
profile_013287,control,1,1
profile_013288,control,1,1
profile_013289,control,0,0
profile_013290,control,1,1
profile_013291,control,1,1
profile_013292,control,0,1
profile_013293,control,1,1
profile_013294,control,1,1
profile_013295,control,0,1
profile_013296,control,1,1
profile_013297,control,1,1
profile_013298,treatment,1,1
profile_013299,treatment,0,1
profile_013300,control,0,0
profile_013301,control,1,1
profile_013302,treatment,0,0
profile_013303,control,1,1
profile_013304,treatment,1,1
profile_013305,control,1,1
profile_013306,treatment,0,0
profile_013307,control,1,1
profile_013308,treatment,0,0
profile_013309,control,1,1
profile_013310,treatment,1,1
profile_013311,treatment,1,1
profile_013312,control,0,0
profile_013313,control,1,1
profile_013314,treatment,0,0
profile_013315,control,1,1
profile_013316,treatment,0,1
profile_013317,control,1,1
profile_013318,control,1,1
profile_013319,control,1,1
profile_013320,treatment,0,0
profile_013321,control,1,1
profile_013322,treatment,1,1
profile_013323,treatment,1,1
profile_013324,treatment,1,1
profile_013325,control,1,1
profile_013326,control,0,0
profile_013327,treatment,0,0
profile_013328,treatment,1,1
profile_013329,control,1,1
profile_013330,control,0,1
profile_013331,treatment,1,1
profile_013332,control,1,1
profile_013333,control,0,1
profile_013334,control,0,1
profile_013335,treatment,1,1
profile_013336,treatment,0,0
profile_013337,treatment,1,1
profile_013338,treatment,1,1
profile_013339,control,1,1
profile_013340,control,1,1
profile_013341,treatment,1,1
profile_013342,treatment,1,1
profile_013343,treatment,1,1
profile_013344,control,1,1
profile_013345,control,1,1
profile_013346,control,0,0
profile_013347,control,1,1
profile_013348,control,1,1
profile_013349,control,1,1
profile_013350,control,0,1
profile_013351,treatment,1,1
profile_013352,control,1,1
profile_013353,treatment,0,1
profile_013354,treatment,0,0
profile_013355,control,1,1
profile_013356,control,1,1
profile_013357,treatment,1,1
profile_013358,treatment,1,1
profile_013359,treatment,0,0
profile_013360,treatment,1,1
profile_013361,treatment,1,1
profile_013362,treatment,1,1
profile_013363,control,0,0
profile_013364,treatment,1,1
profile_013365,treatment,1,1
profile_013366,control,0,0
profile_013367,treatment,0,0
profile_013368,treatment,0,0
profile_013369,control,0,1
profile_013370,control,1,1
profile_013371,treatment,0,0
profile_013372,control,1,1
profile_013373,treatment,1,1
profile_013374,control,0,1
profile_013375,control,1,1
profile_013376,treatment,1,1
profile_013377,control,1,1
profile_013378,treatment,1,1
profile_013379,treatment,0,1
profile_013380,control,1,1
profile_013381,treatment,1,1
profile_013382,treatment,1,1
profile_013383,treatment,0,0
profile_013384,control,0,1
profile_013385,control,1,1
profile_013386,treatment,1,1
profile_013387,treatment,0,0
profile_013388,control,0,0
profile_013389,control,1,1
profile_013390,treatment,1,1
profile_013391,treatment,1,1
profile_013392,treatment,1,1
profile_013393,treatment,1,1
profile_013394,treatment,0,1
profile_013395,treatment,1,1
profile_013396,treatment,1,1
profile_013397,treatment,1,1
profile_013398,control,0,0
profile_013399,control,0,1
profile_013400,treatment,1,1
profile_013401,treatment,0,1
profile_013402,control,1,1
profile_013403,control,1,1
profile_013404,treatment,0,1
profile_013405,control,0,0
profile_013406,treatment,1,1
profile_013407,control,1,1
profile_013408,control,1,1
profile_013409,control,0,0
profile_013410,treatment,1,1
profile_013411,treatment,1,1
profile_013412,control,0,0
profile_013413,treatment,1,1
profile_013414,control,0,0
profile_013415,treatment,1,1
profile_013416,control,1,1
profile_013417,treatment,1,1
profile_013418,control,1,1
profile_013419,treatment,1,1
profile_013420,treatment,1,1
profile_013421,control,0,0
profile_013422,treatment,0,0
profile_013423,control,0,1
profile_013424,control,0,1
profile_013425,control,0,1
profile_013426,control,0,0
profile_013427,control,1,1
profile_013428,control,1,1
profile_013429,control,1,1
profile_013430,treatment,1,1
profile_013431,control,0,0
profile_013432,treatment,1,1
profile_013433,treatment,0,1
profile_013434,treatment,0,0
profile_013435,control,1,1
profile_013436,treatment,1,1
profile_013437,control,0,0
profile_013438,treatment,0,0
profile_013439,treatment,1,1
profile_013440,control,1,1
profile_013441,treatment,1,1
profile_013442,control,1,1
profile_013443,control,0,0
profile_013444,control,1,1
profile_013445,treatment,1,1
profile_013446,control,1,1
profile_013447,treatment,1,1
profile_013448,control,1,1
profile_013449,treatment,1,1
profile_013450,control,0,1
profile_013451,treatment,1,1
profile_013452,treatment,1,1
profile_013453,control,1,1
profile_013454,control,1,1
profile_013455,control,1,1
profile_013456,treatment,0,0
profile_013457,control,1,1
profile_013458,control,0,0
profile_013459,control,1,1
profile_013460,control,1,1
profile_013461,treatment,0,1
profile_013462,treatment,1,1
profile_013463,control,1,1
profile_013464,treatment,0,1
profile_013465,treatment,1,1
profile_013466,control,1,1
profile_013467,treatment,1,1
profile_013468,control,1,1
profile_013469,control,0,1
profile_013470,treatment,1,1
profile_013471,treatment,0,0
profile_013472,treatment,1,1
profile_013473,treatment,1,1
profile_013474,treatment,1,1
profile_013475,control,1,1
profile_013476,control,0,0
profile_013477,treatment,1,1
profile_013478,control,1,1
profile_013479,treatment,1,1
profile_013480,control,1,1
profile_013481,control,1,1
profile_013482,control,1,1
profile_013483,treatment,1,1
profile_013484,control,0,1
profile_013485,treatment,0,0
profile_013486,control,1,1
profile_013487,treatment,1,1
profile_013488,control,0,0
profile_013489,treatment,1,1
profile_013490,treatment,1,1
profile_013491,control,1,1
profile_013492,control,1,1
profile_013493,control,1,1
profile_013494,treatment,0,0
profile_013495,control,0,0
profile_013496,treatment,0,0
profile_013497,control,1,1
profile_013498,treatment,0,0
profile_013499,control,1,1
profile_013500,treatment,0,1
profile_013501,treatment,1,1
profile_013502,treatment,1,1
profile_013503,control,0,1
profile_013504,treatment,1,1
profile_013505,control,1,1
profile_013506,treatment,1,1
profile_013507,treatment,0,0
profile_013508,control,0,1
profile_013509,control,1,1
profile_013510,control,1,1
profile_013511,treatment,1,1
profile_013512,control,1,1
profile_013513,control,1,1
profile_013514,control,1,1
profile_013515,control,1,1
profile_013516,control,0,1
profile_013517,treatment,0,0
profile_013518,control,0,1
profile_013519,control,1,1
profile_013520,treatment,1,1
profile_013521,control,1,1
profile_013522,treatment,0,0
profile_013523,treatment,1,1
profile_013524,treatment,0,0
profile_013525,control,0,0
profile_013526,control,0,1
profile_013527,treatment,0,0
profile_013528,treatment,1,1
profile_013529,treatment,0,0
profile_013530,control,1,1
profile_013531,control,1,1
profile_013532,treatment,1,1
profile_013533,control,0,1
profile_013534,control,1,1
profile_013535,control,1,1
profile_013536,control,1,1
profile_013537,control,0,1
profile_013538,treatment,0,0
profile_013539,treatment,1,1
profile_013540,treatment,0,0
profile_013541,treatment,1,1
profile_013542,control,1,1
profile_013543,control,1,1
profile_013544,treatment,1,1
profile_013545,treatment,0,0
profile_013546,control,0,0
profile_013547,treatment,1,1
profile_013548,control,1,1
profile_013549,treatment,0,0
profile_013550,control,1,1
profile_013551,treatment,1,1
profile_013552,treatment,1,1
profile_013553,control,1,1
profile_013554,treatment,1,1
profile_013555,treatment,1,1
profile_013556,treatment,0,0
profile_013557,control,1,1
profile_013558,treatment,0,0
profile_013559,control,0,0
profile_013560,control,0,0
profile_013561,treatment,0,0
profile_013562,control,1,1
profile_013563,treatment,1,1
profile_013564,treatment,0,0
profile_013565,control,0,0
profile_013566,control,1,1
profile_013567,control,0,1
profile_013568,control,0,0
profile_013569,control,1,1
profile_013570,treatment,1,1
profile_013571,treatment,1,1
profile_013572,control,0,1
profile_013573,treatment,1,1
profile_013574,treatment,1,1
profile_013575,control,1,1
profile_013576,treatment,1,1
profile_013577,control,1,1
profile_013578,control,1,1
profile_013579,treatment,1,1
profile_013580,control,1,1
profile_013581,control,1,1
profile_013582,control,0,0
profile_013583,control,0,1
profile_013584,treatment,1,1
profile_013585,treatment,0,1
profile_013586,treatment,1,1
profile_013587,treatment,0,1
profile_013588,treatment,1,1
profile_013589,treatment,0,1
profile_013590,control,1,1
profile_013591,control,0,1
profile_013592,control,1,1
profile_013593,treatment,1,1
profile_013594,control,0,0
profile_013595,control,1,1
profile_013596,control,0,0
profile_013597,treatment,1,1
profile_013598,treatment,0,0
profile_013599,treatment,0,0
profile_013600,control,0,1
profile_013601,treatment,0,0
profile_013602,control,1,1
profile_013603,control,0,0
profile_013604,treatment,1,1
profile_013605,treatment,1,1
profile_013606,treatment,1,1
profile_013607,treatment,1,1
profile_013608,treatment,0,0
profile_013609,treatment,1,1
profile_013610,treatment,1,1
profile_013611,control,0,0
profile_013612,control,0,0
profile_013613,treatment,1,1
profile_013614,treatment,1,1
profile_013615,treatment,1,1
profile_013616,control,0,0
profile_013617,control,1,1
profile_013618,control,1,1
profile_013619,treatment,1,1
profile_013620,treatment,1,1
profile_013621,treatment,1,1
profile_013622,control,0,1
profile_013623,treatment,0,0
profile_013624,treatment,0,0
profile_013625,control,1,1
profile_013626,treatment,1,1
profile_013627,control,0,0
profile_013628,control,1,1
profile_013629,control,1,1
profile_013630,control,1,1
profile_013631,treatment,0,0
profile_013632,treatment,1,1
profile_013633,treatment,0,0
profile_013634,treatment,0,0
profile_013635,treatment,1,1
profile_013636,control,1,1
profile_013637,control,0,0
profile_013638,control,0,1
profile_013639,treatment,1,1
profile_013640,control,0,0
profile_013641,treatment,0,0
profile_013642,treatment,1,1
profile_013643,control,1,1
profile_013644,treatment,1,1
profile_013645,treatment,0,1
profile_013646,treatment,1,1
profile_013647,treatment,1,1
profile_013648,control,0,1
profile_013649,control,0,0
profile_013650,treatment,1,1
profile_013651,control,1,1
profile_013652,treatment,0,0
profile_013653,control,0,1
profile_013654,control,0,1
profile_013655,treatment,1,1
profile_013656,treatment,1,1
profile_013657,control,1,1
profile_013658,treatment,1,1
profile_013659,control,1,1
profile_013660,control,1,1
profile_013661,treatment,0,0
profile_013662,control,1,1
profile_013663,control,1,1
profile_013664,control,0,1
profile_013665,control,1,1
profile_013666,control,1,1
profile_013667,treatment,0,0
profile_013668,control,0,1
profile_013669,treatment,0,0
profile_013670,control,1,1
profile_013671,control,1,1
profile_013672,treatment,0,0
profile_013673,treatment,1,1
profile_013674,treatment,1,1
profile_013675,control,0,1
profile_013676,treatment,0,0
profile_013677,control,1,1
profile_013678,control,1,1
profile_013679,control,0,1
profile_013680,treatment,1,1
profile_013681,treatment,1,1
profile_013682,control,1,1
profile_013683,control,0,1
profile_013684,control,0,0
profile_013685,treatment,0,0
profile_013686,control,1,1
profile_013687,control,0,0
profile_013688,control,0,1
profile_013689,control,1,1
profile_013690,treatment,1,1
profile_013691,control,0,1
profile_013692,control,1,1
profile_013693,control,1,1
profile_013694,treatment,0,0
profile_013695,control,1,1
profile_013696,treatment,1,1
profile_013697,control,0,0
profile_013698,control,0,1
profile_013699,treatment,1,1
profile_013700,treatment,0,1
profile_013701,treatment,1,1
profile_013702,control,1,1
profile_013703,treatment,1,1
profile_013704,treatment,1,1
profile_013705,control,0,1
profile_013706,treatment,0,0
profile_013707,control,1,1
profile_013708,treatment,1,1
profile_013709,treatment,0,0
profile_013710,control,1,1
profile_013711,control,1,1
profile_013712,control,1,1
profile_013713,control,1,1
profile_013714,control,1,1
profile_013715,treatment,0,0
profile_013716,treatment,1,1
profile_013717,control,1,1
profile_013718,treatment,1,1
profile_013719,control,1,1
profile_013720,treatment,0,0
profile_013721,control,0,0
profile_013722,treatment,0,1
profile_013723,treatment,1,1
profile_013724,control,1,1
profile_013725,control,0,1
profile_013726,treatment,1,1
profile_013727,control,0,1
profile_013728,control,1,1
profile_013729,treatment,1,1
profile_013730,treatment,1,1
profile_013731,treatment,1,1
profile_013732,control,1,1
profile_013733,treatment,0,0
profile_013734,control,1,1
profile_013735,control,1,1
profile_013736,treatment,0,0
profile_013737,control,0,1
profile_013738,treatment,1,1
profile_013739,control,1,1
profile_013740,treatment,1,1
profile_013741,treatment,1,1
profile_013742,control,1,1
profile_013743,treatment,1,1
profile_013744,treatment,1,1
profile_013745,control,1,1
profile_013746,treatment,1,1
profile_013747,treatment,0,1
profile_013748,control,1,1
profile_013749,treatment,1,1
profile_013750,control,1,1
profile_013751,treatment,1,1
profile_013752,control,1,1
profile_013753,control,0,1
profile_013754,control,0,0
profile_013755,treatment,0,0
profile_013756,control,0,0
profile_013757,treatment,0,0
profile_013758,control,0,0
profile_013759,treatment,1,1
profile_013760,treatment,1,1
profile_013761,treatment,1,1
profile_013762,control,0,1
profile_013763,control,0,1
profile_013764,treatment,1,1
profile_013765,control,0,1
profile_013766,treatment,1,1
profile_013767,treatment,0,1
profile_013768,control,1,1
profile_013769,treatment,0,0
profile_013770,control,1,1
profile_013771,control,0,1
profile_013772,treatment,1,1
profile_013773,treatment,0,1
profile_013774,control,0,1
profile_013775,control,1,1
profile_013776,treatment,0,0
profile_013777,control,1,1
profile_013778,control,1,1
profile_013779,control,0,1
profile_013780,treatment,0,1
profile_013781,control,1,1
profile_013782,treatment,0,0
profile_013783,control,1,1
profile_013784,treatment,1,1
profile_013785,treatment,1,1
profile_013786,control,0,1
profile_013787,control,0,1
profile_013788,treatment,0,1
profile_013789,control,1,1
profile_013790,control,0,1
profile_013791,treatment,0,0
profile_013792,treatment,1,1
profile_013793,treatment,1,1
profile_013794,treatment,1,1
profile_013795,control,1,1
profile_013796,treatment,0,0
profile_013797,treatment,0,0
profile_013798,treatment,1,1
profile_013799,control,0,1
profile_013800,control,1,1
profile_013801,control,1,1
profile_013802,treatment,0,1
profile_013803,control,1,1
profile_013804,control,0,0
profile_013805,control,0,1
profile_013806,treatment,1,1
profile_013807,control,1,1
profile_013808,control,0,0
profile_013809,treatment,1,1
profile_013810,control,0,0
profile_013811,treatment,1,1
profile_013812,treatment,1,1
profile_013813,treatment,0,0
profile_013814,control,1,1
profile_013815,treatment,1,1
profile_013816,control,1,1
profile_013817,treatment,1,1
profile_013818,treatment,1,1
profile_013819,treatment,0,0
profile_013820,control,1,1
profile_013821,control,0,1
profile_013822,treatment,0,0
profile_013823,treatment,1,1
profile_013824,treatment,1,1
profile_013825,control,1,1
profile_013826,treatment,1,1
profile_013827,control,0,1
profile_013828,control,1,1
profile_013829,treatment,1,1
profile_013830,treatment,1,1
profile_013831,treatment,0,0
profile_013832,treatment,0,0
profile_013833,treatment,1,1
profile_013834,treatment,0,1
profile_013835,control,0,1
profile_013836,control,0,1
profile_013837,control,0,1
profile_013838,control,1,1
profile_013839,treatment,0,0
profile_013840,control,1,1
profile_013841,control,0,0
profile_013842,treatment,1,1
profile_013843,control,1,1
profile_013844,treatment,1,1
profile_013845,control,1,1
profile_013846,control,1,1
profile_013847,treatment,0,1
profile_013848,treatment,0,0
profile_013849,control,1,1
profile_013850,control,0,1
profile_013851,control,1,1
profile_013852,treatment,1,1
profile_013853,treatment,1,1
profile_013854,treatment,1,1
profile_013855,control,1,1
profile_013856,treatment,1,1
profile_013857,control,1,1
profile_013858,treatment,0,0
profile_013859,treatment,0,0
profile_013860,control,0,0
profile_013861,control,0,0
profile_013862,control,1,1
profile_013863,treatment,1,1
profile_013864,treatment,0,0
profile_013865,control,1,1
profile_013866,treatment,1,1
profile_013867,control,0,1
profile_013868,control,1,1
profile_013869,control,0,0
profile_013870,treatment,1,1
profile_013871,treatment,1,1
profile_013872,control,1,1
profile_013873,control,0,0
profile_013874,treatment,1,1
profile_013875,treatment,1,1
profile_013876,treatment,1,1
profile_013877,treatment,1,1
profile_013878,treatment,0,0
profile_013879,treatment,1,1
profile_013880,treatment,1,1
profile_013881,treatment,1,1
profile_013882,treatment,0,0
profile_013883,treatment,1,1
profile_013884,control,1,1
profile_013885,control,1,1
profile_013886,treatment,1,1
profile_013887,treatment,1,1
profile_013888,treatment,1,1
profile_013889,control,1,1
profile_013890,control,1,1
profile_013891,treatment,1,1
profile_013892,treatment,1,1
profile_013893,control,1,1
profile_013894,control,1,1
profile_013895,treatment,0,1
profile_013896,treatment,0,0
profile_013897,treatment,1,1
profile_013898,treatment,1,1
profile_013899,treatment,0,0
profile_013900,control,1,1
profile_013901,treatment,1,1
profile_013902,control,1,1
profile_013903,control,1,1
profile_013904,control,0,0
profile_013905,treatment,1,1
profile_013906,treatment,1,1
profile_013907,treatment,0,0
profile_013908,treatment,0,0
profile_013909,treatment,1,1
profile_013910,treatment,1,1
profile_013911,control,1,1
profile_013912,treatment,1,1
profile_013913,treatment,0,0
profile_013914,treatment,1,1
profile_013915,control,0,0
profile_013916,control,1,1
profile_013917,treatment,1,1
profile_013918,control,0,1
profile_013919,control,1,1
profile_013920,control,1,1
profile_013921,control,0,1
profile_013922,control,1,1
profile_013923,treatment,1,1
profile_013924,treatment,0,1
profile_013925,control,0,1
profile_013926,control,1,1
profile_013927,treatment,0,0
profile_013928,control,1,1
profile_013929,treatment,0,1
profile_013930,control,1,1
profile_013931,treatment,1,1
profile_013932,treatment,1,1
profile_013933,control,1,1
profile_013934,treatment,1,1
profile_013935,treatment,1,1
profile_013936,treatment,0,0
profile_013937,treatment,1,1
profile_013938,control,1,1
profile_013939,treatment,0,1
profile_013940,treatment,0,0
profile_013941,control,0,1
profile_013942,treatment,0,0
profile_013943,control,1,1
profile_013944,treatment,0,1
profile_013945,control,0,0
profile_013946,control,1,1
profile_013947,control,0,0
profile_013948,treatment,1,1
profile_013949,treatment,1,1
profile_013950,treatment,1,1
profile_013951,treatment,1,1
profile_013952,control,1,1
profile_013953,control,1,1
profile_013954,treatment,0,1
profile_013955,control,1,1
profile_013956,treatment,1,1
profile_013957,treatment,0,0
profile_013958,treatment,1,1
profile_013959,control,0,0
profile_013960,treatment,0,1
profile_013961,treatment,1,1
profile_013962,control,1,1
profile_013963,treatment,0,1
profile_013964,treatment,1,1
profile_013965,treatment,1,1
profile_013966,control,1,1
profile_013967,control,1,1
profile_013968,treatment,0,1
profile_013969,control,0,1
profile_013970,treatment,1,1
profile_013971,treatment,1,1
profile_013972,treatment,0,0
profile_013973,treatment,0,1
profile_013974,treatment,1,1
profile_013975,control,0,1
profile_013976,control,1,1
profile_013977,treatment,1,1
profile_013978,treatment,1,1
profile_013979,treatment,1,1
profile_013980,control,0,1
profile_013981,control,1,1
profile_013982,treatment,1,1
profile_013983,control,1,1
profile_013984,treatment,1,1
profile_013985,treatment,1,1
profile_013986,control,1,1
profile_013987,control,1,1
profile_013988,control,1,1
profile_013989,control,1,1
profile_013990,control,0,0
profile_013991,treatment,1,1
profile_013992,treatment,0,0
profile_013993,control,0,0
profile_013994,treatment,1,1
profile_013995,control,0,0
profile_013996,control,1,1
profile_013997,treatment,1,1
profile_013998,control,1,1
profile_013999,treatment,0,0
profile_014000,treatment,1,1
