profile_id,variant,timely_success,eventual_success
profile_000001,control,1,1
profile_000002,treatment,0,1
profile_000003,control,0,1
profile_000004,control,0,0
profile_000005,treatment,0,1
profile_000006,treatment,1,1
profile_000007,control,1,1
profile_000008,treatment,1,1
profile_000009,control,1,1
profile_000010,control,1,1
profile_000011,control,1,1
profile_000012,treatment,1,1
profile_000013,control,1,1
profile_000014,treatment,0,0
profile_000015,treatment,1,1
profile_000016,treatment,1,1
profile_000017,treatment,0,0
profile_000018,control,1,1
profile_000019,control,1,1
profile_000020,control,1,1
profile_000021,control,1,1
profile_000022,control,1,1
profile_000023,treatment,1,1
profile_000024,treatment,1,1
profile_000025,control,1,1
profile_000026,treatment,1,1
profile_000027,treatment,1,1
profile_000028,treatment,1,1
profile_000029,treatment,1,1
profile_000030,treatment,0,0
profile_000031,treatment,0,1
profile_000032,control,1,1
profile_000033,control,1,1
profile_000034,control,1,1
profile_000035,treatment,1,1
profile_000036,treatment,1,1
profile_000037,treatment,1,1
profile_000038,treatment,1,1
profile_000039,control,1,1
profile_000040,control,1,1
profile_000041,treatment,1,1
profile_000042,control,1,1
profile_000043,treatment,1,1
profile_000044,control,1,1
profile_000045,control,0,0
profile_000046,control,0,1
profile_000047,control,1,1
profile_000048,control,1,1
profile_000049,treatment,0,1
profile_000050,control,1,1
profile_000051,control,1,1
profile_000052,treatment,1,1
profile_000053,treatment,0,0
profile_000054,treatment,1,1
profile_000055,treatment,0,1
profile_000056,control,1,1
profile_000057,control,1,1
profile_000058,control,1,1
profile_000059,treatment,1,1
profile_000060,control,1,1
profile_000061,treatment,1,1
profile_000062,treatment,1,1
profile_000063,treatment,1,1
profile_000064,control,0,0
profile_000065,control,0,0
profile_000066,treatment,0,0
profile_000067,control,1,1
profile_000068,control,1,1
profile_000069,treatment,1,1
profile_000070,treatment,1,1
profile_000071,treatment,1,1
profile_000072,control,1,1
profile_000073,treatment,0,1
profile_000074,treatment,0,0
profile_000075,treatment,0,0
profile_000076,treatment,0,0
profile_000077,treatment,0,0
profile_000078,control,1,1
profile_000079,control,0,0
profile_000080,control,0,1
profile_000081,control,1,1
profile_000082,control,1,1
profile_000083,treatment,0,1
profile_000084,control,1,1
profile_000085,control,0,1
profile_000086,treatment,1,1
profile_000087,control,0,1
profile_000088,control,0,0
profile_000089,control,1,1
profile_000090,control,0,1
profile_000091,control,1,1
profile_000092,treatment,0,1
profile_000093,treatment,1,1
profile_000094,control,0,0
profile_000095,treatment,0,1
profile_000096,control,1,1
profile_000097,treatment,1,1
profile_000098,control,0,1
profile_000099,treatment,0,0
profile_000100,treatment,0,1
profile_000101,treatment,1,1
profile_000102,control,0,0
profile_000103,control,0,0
profile_000104,control,1,1
profile_000105,treatment,0,0
profile_000106,treatment,1,1
profile_000107,treatment,1,1
profile_000108,control,0,0
profile_000109,treatment,0,0
profile_000110,treatment,0,1
profile_000111,control,1,1
profile_000112,treatment,0,1
profile_000113,treatment,1,1
profile_000114,control,0,1
profile_000115,treatment,1,1
profile_000116,treatment,1,1
profile_000117,control,1,1
profile_000118,treatment,0,0
profile_000119,control,0,0
profile_000120,treatment,0,1
profile_000121,control,0,0
profile_000122,treatment,0,0
profile_000123,control,0,0
profile_000124,treatment,0,1
profile_000125,control,0,1
profile_000126,treatment,1,1
profile_000127,control,1,1
profile_000128,treatment,1,1
profile_000129,control,1,1
profile_000130,control,1,1
profile_000131,control,1,1
profile_000132,control,1,1
profile_000133,control,1,1
profile_000134,treatment,1,1
profile_000135,control,0,1
profile_000136,control,1,1
profile_000137,treatment,1,1
profile_000138,treatment,1,1
profile_000139,control,0,1
profile_000140,treatment,0,1
profile_000141,treatment,1,1
profile_000142,control,1,1
profile_000143,control,1,1
profile_000144,control,0,1
profile_000145,treatment,0,0
profile_000146,treatment,1,1
profile_000147,control,0,0
profile_000148,treatment,1,1
profile_000149,control,1,1
profile_000150,treatment,1,1
profile_000151,treatment,0,1
profile_000152,control,0,0
profile_000153,treatment,1,1
profile_000154,treatment,1,1
profile_000155,treatment,0,1
profile_000156,control,1,1
profile_000157,control,1,1
profile_000158,control,1,1
profile_000159,treatment,1,1
profile_000160,treatment,0,0
profile_000161,treatment,0,1
profile_000162,treatment,0,1
profile_000163,control,1,1
profile_000164,treatment,0,0
profile_000165,treatment,1,1
profile_000166,treatment,0,0
profile_000167,treatment,0,1
profile_000168,treatment,1,1
profile_000169,control,0,1
profile_000170,control,0,1
profile_000171,control,1,1
profile_000172,control,1,1
profile_000173,treatment,1,1
profile_000174,treatment,0,1
profile_000175,treatment,1,1
profile_000176,treatment,1,1
profile_000177,treatment,1,1
profile_000178,control,1,1
profile_000179,treatment,1,1
profile_000180,treatment,1,1
profile_000181,treatment,0,1
profile_000182,treatment,0,0
profile_000183,control,0,1
profile_000184,treatment,1,1
profile_000185,treatment,1,1
profile_000186,control,1,1
profile_000187,control,0,0
profile_000188,control,1,1
profile_000189,control,1,1
profile_000190,treatment,1,1
profile_000191,control,0,0
profile_000192,treatment,0,1
profile_000193,treatment,1,1
profile_000194,treatment,1,1
profile_000195,control,1,1
profile_000196,treatment,1,1
profile_000197,treatment,1,1
profile_000198,control,1,1
profile_000199,treatment,1,1
profile_000200,control,0,0
profile_000201,control,1,1
profile_000202,control,0,0
profile_000203,treatment,0,0
profile_000204,control,0,1
profile_000205,control,0,0
profile_000206,treatment,1,1
profile_000207,control,0,1
profile_000208,treatment,0,1
profile_000209,control,0,0
profile_000210,treatment,0,1
profile_000211,treatment,0,0
profile_000212,treatment,1,1
profile_000213,control,0,1
profile_000214,treatment,1,1
profile_000215,control,0,0
profile_000216,treatment,0,0
profile_000217,control,1,1
profile_000218,control,0,1
profile_000219,treatment,0,1
profile_000220,control,1,1
profile_000221,treatment,0,1
profile_000222,treatment,0,0
profile_000223,control,0,1
profile_000224,control,1,1
profile_000225,control,0,0
profile_000226,control,1,1
profile_000227,control,1,1
profile_000228,treatment,0,0
profile_000229,control,0,0
profile_000230,treatment,1,1
profile_000231,treatment,0,1
profile_000232,treatment,1,1
profile_000233,treatment,1,1
profile_000234,control,1,1
profile_000235,treatment,0,1
profile_000236,treatment,1,1
profile_000237,treatment,1,1
profile_000238,treatment,1,1
profile_000239,treatment,1,1
profile_000240,treatment,0,0
profile_000241,control,1,1
profile_000242,treatment,1,1
profile_000243,treatment,0,0
profile_000244,treatment,1,1
profile_000245,control,0,0
profile_000246,control,1,1
profile_000247,control,0,1
profile_000248,control,0,1
profile_000249,control,1,1
profile_000250,control,1,1
profile_000251,treatment,1,1
profile_000252,treatment,0,0
profile_000253,treatment,1,1
profile_000254,control,1,1
profile_000255,control,0,0
profile_000256,control,1,1
profile_000257,control,1,1
profile_000258,treatment,0,1
profile_000259,control,0,1
profile_000260,control,1,1
profile_000261,treatment,1,1
profile_000262,control,0,1
profile_000263,control,1,1
profile_000264,treatment,1,1
profile_000265,control,1,1
profile_000266,treatment,1,1
profile_000267,control,0,1
profile_000268,control,1,1
profile_000269,treatment,1,1
profile_000270,control,1,1
profile_000271,treatment,1,1
profile_000272,treatment,1,1
profile_000273,control,0,1
profile_000274,control,0,0
profile_000275,treatment,1,1
profile_000276,treatment,1,1
profile_000277,control,1,1
profile_000278,treatment,1,1
profile_000279,control,1,1
profile_000280,control,0,0
profile_000281,treatment,1,1
profile_000282,treatment,1,1
profile_000283,treatment,0,0
profile_000284,treatment,1,1
profile_000285,control,1,1
profile_000286,control,1,1
profile_000287,control,1,1
profile_000288,treatment,1,1
profile_000289,control,0,0
profile_000290,treatment,1,1
profile_000291,control,0,1
profile_000292,control,1,1
profile_000293,treatment,0,1
profile_000294,control,1,1
profile_000295,control,1,1
profile_000296,treatment,1,1
profile_000297,treatment,1,1
profile_000298,treatment,1,1
profile_000299,treatment,1,1
profile_000300,control,0,1
profile_000301,control,0,0
profile_000302,control,0,0
profile_000303,control,1,1
profile_000304,treatment,1,1
profile_000305,control,1,1
profile_000306,treatment,0,0
profile_000307,control,0,0
profile_000308,control,0,1
profile_000309,control,1,1
profile_000310,control,1,1
profile_000311,treatment,1,1
profile_000312,treatment,1,1
profile_000313,control,1,1
profile_000314,control,1,1
profile_000315,control,1,1
profile_000316,control,0,1
profile_000317,treatment,1,1
profile_000318,treatment,0,0
profile_000319,treatment,1,1
profile_000320,control,1,1
profile_000321,treatment,0,0
profile_000322,treatment,0,0
profile_000323,treatment,1,1
profile_000324,control,0,0
profile_000325,treatment,0,0
profile_000326,control,1,1
profile_000327,treatment,1,1
profile_000328,control,1,1
profile_000329,control,1,1
profile_000330,treatment,1,1
profile_000331,treatment,1,1
profile_000332,treatment,1,1
profile_000333,control,0,0
profile_000334,treatment,1,1
profile_000335,treatment,1,1
profile_000336,treatment,1,1
profile_000337,treatment,0,1
profile_000338,treatment,1,1
profile_000339,control,1,1
profile_000340,treatment,1,1
profile_000341,control,1,1
profile_000342,treatment,1,1
profile_000343,treatment,0,0
profile_000344,control,0,1
profile_000345,treatment,1,1
profile_000346,control,1,1
profile_000347,control,1,1
profile_000348,treatment,0,0
profile_000349,treatment,0,0
profile_000350,control,1,1
profile_000351,control,0,0
profile_000352,treatment,1,1
profile_000353,control,0,1
profile_000354,treatment,0,0
profile_000355,control,0,1
profile_000356,treatment,1,1
profile_000357,treatment,1,1
profile_000358,treatment,1,1
profile_000359,treatment,1,1
profile_000360,control,1,1
profile_000361,treatment,1,1
profile_000362,control,0,1
profile_000363,control,1,1
profile_000364,treatment,1,1
profile_000365,control,1,1
profile_000366,control,1,1
profile_000367,control,1,1
profile_000368,treatment,1,1
profile_000369,treatment,1,1
profile_000370,control,1,1
profile_000371,control,1,1
profile_000372,control,0,0
profile_000373,treatment,1,1
profile_000374,control,0,0
profile_000375,control,0,1
profile_000376,treatment,0,1
profile_000377,control,1,1
profile_000378,treatment,1,1
profile_000379,control,0,0
profile_000380,treatment,1,1
profile_000381,control,1,1
profile_000382,control,1,1
profile_000383,treatment,0,1
profile_000384,control,0,1
profile_000385,control,1,1
profile_000386,control,1,1
profile_000387,control,0,1
profile_000388,control,1,1
profile_000389,treatment,1,1
profile_000390,treatment,1,1
profile_000391,control,1,1
profile_000392,control,1,1
profile_000393,control,0,1
profile_000394,treatment,1,1
profile_000395,control,0,0
profile_000396,treatment,1,1
profile_000397,control,0,1
profile_000398,control,1,1
profile_000399,control,1,1
profile_000400,treatment,0,1
profile_000401,control,1,1
profile_000402,control,0,1
profile_000403,control,1,1
profile_000404,treatment,1,1
profile_000405,treatment,1,1
profile_000406,control,0,0
profile_000407,treatment,0,1
profile_000408,treatment,0,1
profile_000409,control,0,1
profile_000410,control,1,1
profile_000411,treatment,0,0
profile_000412,treatment,1,1
profile_000413,control,0,1
profile_000414,control,1,1
profile_000415,control,0,1
profile_000416,control,0,1
profile_000417,treatment,1,1
profile_000418,control,0,0
profile_000419,control,1,1
profile_000420,treatment,0,0
profile_000421,control,1,1
profile_000422,control,0,0
profile_000423,control,0,1
profile_000424,treatment,1,1
profile_000425,control,1,1
profile_000426,control,0,1
profile_000427,treatment,1,1
profile_000428,treatment,1,1
profile_000429,control,1,1
profile_000430,control,1,1
profile_000431,control,1,1
profile_000432,treatment,0,0
profile_000433,treatment,1,1
profile_000434,control,1,1
profile_000435,treatment,1,1
profile_000436,treatment,1,1
profile_000437,control,0,0
profile_000438,treatment,0,1
profile_000439,control,1,1
profile_000440,treatment,0,1
profile_000441,control,1,1
profile_000442,control,1,1
profile_000443,control,0,0
profile_000444,treatment,1,1
profile_000445,treatment,1,1
profile_000446,control,1,1
profile_000447,control,1,1
profile_000448,treatment,1,1
profile_000449,control,1,1
profile_000450,control,1,1
profile_000451,control,0,0
profile_000452,control,1,1
profile_000453,control,0,1
profile_000454,control,0,0
profile_000455,treatment,1,1
profile_000456,control,1,1
profile_000457,control,1,1
profile_000458,treatment,1,1
profile_000459,control,0,1
profile_000460,treatment,0,0
profile_000461,control,1,1
profile_000462,treatment,0,1
profile_000463,treatment,1,1
profile_000464,treatment,0,0
profile_000465,control,0,0
profile_000466,control,1,1
profile_000467,treatment,1,1
profile_000468,control,0,0
profile_000469,treatment,1,1
profile_000470,control,0,1
profile_000471,control,1,1
profile_000472,control,1,1
profile_000473,treatment,1,1
profile_000474,treatment,1,1
profile_000475,control,0,1
profile_000476,treatment,1,1
profile_000477,treatment,0,1
profile_000478,control,1,1
profile_000479,treatment,1,1
profile_000480,control,1,1
profile_000481,control,1,1
profile_000482,control,0,0
profile_000483,treatment,1,1
profile_000484,control,1,1
profile_000485,control,1,1
profile_000486,control,0,1
profile_000487,treatment,0,1
profile_000488,treatment,0,0
profile_000489,treatment,1,1
profile_000490,control,1,1
profile_000491,control,0,1
profile_000492,control,1,1
profile_000493,control,1,1
profile_000494,treatment,0,1
profile_000495,control,1,1
profile_000496,control,1,1
profile_000497,treatment,0,0
profile_000498,control,1,1
profile_000499,treatment,0,0
profile_000500,control,1,1
profile_000501,control,0,1
profile_000502,treatment,0,0
profile_000503,control,1,1
profile_000504,control,0,1
profile_000505,treatment,0,0
profile_000506,treatment,1,1
profile_000507,control,1,1
profile_000508,control,1,1
profile_000509,treatment,1,1
profile_000510,treatment,1,1
profile_000511,treatment,0,0
profile_000512,control,1,1
profile_000513,control,1,1
profile_000514,treatment,0,0
profile_000515,treatment,0,1
profile_000516,treatment,1,1
profile_000517,control,1,1
profile_000518,control,1,1
profile_000519,treatment,1,1
profile_000520,treatment,1,1
profile_000521,control,1,1
profile_000522,treatment,0,0
profile_000523,treatment,0,0
profile_000524,treatment,0,0
profile_000525,treatment,0,0
profile_000526,control,0,1
profile_000527,treatment,0,1
profile_000528,treatment,0,0
profile_000529,control,0,0
profile_000530,control,1,1
profile_000531,control,1,1
profile_000532,control,1,1
profile_000533,treatment,0,1
profile_000534,control,0,1
profile_000535,treatment,0,0
profile_000536,control,0,1
profile_000537,treatment,0,1
profile_000538,treatment,0,0
profile_000539,control,0,0
profile_000540,control,0,0
profile_000541,control,1,1
profile_000542,control,0,1
profile_000543,control,1,1
profile_000544,treatment,0,1
profile_000545,treatment,0,1
profile_000546,control,0,1
profile_000547,control,1,1
profile_000548,control,0,0
profile_000549,control,1,1
profile_000550,control,1,1
profile_000551,control,1,1
profile_000552,treatment,1,1
profile_000553,treatment,1,1
profile_000554,control,1,1
profile_000555,control,0,1
profile_000556,treatment,1,1
profile_000557,treatment,0,1
profile_000558,treatment,1,1
profile_000559,treatment,1,1
profile_000560,control,1,1
profile_000561,control,0,0
profile_000562,control,1,1
profile_000563,control,0,0
profile_000564,treatment,1,1
profile_000565,control,1,1
profile_000566,control,0,0
profile_000567,control,0,1
profile_000568,treatment,1,1
profile_000569,treatment,1,1
profile_000570,treatment,0,0
profile_000571,treatment,1,1
profile_000572,control,1,1
profile_000573,control,1,1
profile_000574,treatment,0,1
profile_000575,control,0,1
profile_000576,treatment,0,1
profile_000577,treatment,0,0
profile_000578,control,1,1
profile_000579,control,1,1
profile_000580,control,0,1
profile_000581,treatment,0,1
profile_000582,control,0,0
profile_000583,control,0,0
profile_000584,control,1,1
profile_000585,control,1,1
profile_000586,control,0,0
profile_000587,treatment,0,1
profile_000588,control,0,0
profile_000589,control,1,1
profile_000590,control,0,0
profile_000591,control,0,0
profile_000592,treatment,1,1
profile_000593,treatment,0,0
profile_000594,treatment,1,1
profile_000595,control,1,1
profile_000596,treatment,0,0
profile_000597,treatment,0,1
profile_000598,control,1,1
profile_000599,control,1,1
profile_000600,treatment,0,1
profile_000601,control,0,0
profile_000602,control,0,1
profile_000603,treatment,1,1
profile_000604,treatment,1,1
profile_000605,treatment,1,1
profile_000606,treatment,0,1
profile_000607,control,0,0
profile_000608,control,1,1
profile_000609,control,1,1
profile_000610,treatment,1,1
profile_000611,control,1,1
profile_000612,control,0,0
profile_000613,treatment,1,1
profile_000614,treatment,1,1
profile_000615,treatment,0,1
profile_000616,control,1,1
profile_000617,treatment,0,1
profile_000618,treatment,1,1
profile_000619,control,0,1
profile_000620,control,1,1
profile_000621,treatment,0,1
profile_000622,treatment,1,1
profile_000623,control,0,0
profile_000624,treatment,1,1
profile_000625,control,1,1
profile_000626,treatment,0,1
profile_000627,control,1,1
profile_000628,treatment,1,1
profile_000629,control,1,1
profile_000630,control,1,1
profile_000631,treatment,1,1
profile_000632,treatment,0,1
profile_000633,treatment,0,0
profile_000634,control,1,1
profile_000635,control,1,1
profile_000636,treatment,0,1
profile_000637,treatment,1,1
profile_000638,control,1,1
profile_000639,control,0,1
profile_000640,treatment,0,1
profile_000641,treatment,0,1
profile_000642,treatment,1,1
profile_000643,treatment,0,1
profile_000644,treatment,0,1
profile_000645,control,1,1
profile_000646,treatment,0,0
profile_000647,treatment,0,0
profile_000648,treatment,1,1
profile_000649,control,1,1
profile_000650,control,1,1
profile_000651,treatment,1,1
profile_000652,control,1,1
profile_000653,treatment,1,1
profile_000654,treatment,1,1
profile_000655,treatment,0,0
profile_000656,control,1,1
profile_000657,treatment,0,0
profile_000658,control,0,0
profile_000659,treatment,0,0
profile_000660,control,1,1
profile_000661,treatment,1,1
profile_000662,control,0,0
profile_000663,treatment,1,1
profile_000664,treatment,0,0
profile_000665,control,1,1
profile_000666,treatment,0,0
profile_000667,control,1,1
profile_000668,control,1,1
profile_000669,treatment,0,1
profile_000670,treatment,0,1
profile_000671,treatment,1,1
profile_000672,control,1,1
profile_000673,control,1,1
profile_000674,control,1,1
profile_000675,treatment,0,1
profile_000676,control,1,1
profile_000677,treatment,1,1
profile_000678,treatment,1,1
profile_000679,control,0,0
profile_000680,treatment,0,0
profile_000681,treatment,1,1
profile_000682,control,0,0
profile_000683,control,0,1
profile_000684,control,1,1
profile_000685,treatment,1,1
profile_000686,treatment,0,1
profile_000687,control,0,0
profile_000688,control,0,0
profile_000689,control,1,1
profile_000690,control,1,1
profile_000691,treatment,1,1
profile_000692,treatment,0,0
profile_000693,treatment,1,1
profile_000694,control,1,1
profile_000695,control,0,0
profile_000696,treatment,1,1
profile_000697,treatment,0,0
profile_000698,control,1,1
profile_000699,treatment,1,1
profile_000700,treatment,1,1
profile_000701,control,1,1
profile_000702,treatment,0,1
profile_000703,treatment,0,0
profile_000704,treatment,1,1
profile_000705,control,0,1
profile_000706,treatment,1,1
profile_000707,control,1,1
profile_000708,treatment,1,1
profile_000709,treatment,0,1
profile_000710,control,0,0
profile_000711,treatment,0,0
profile_000712,control,1,1
profile_000713,treatment,0,1
profile_000714,treatment,0,1
profile_000715,control,1,1
profile_000716,treatment,1,1
profile_000717,control,1,1
profile_000718,control,1,1
profile_000719,treatment,1,1
profile_000720,treatment,1,1
profile_000721,control,1,1
profile_000722,control,1,1
profile_000723,control,1,1
profile_000724,treatment,0,0
profile_000725,control,1,1
profile_000726,treatment,0,0
profile_000727,control,1,1
profile_000728,treatment,1,1
profile_000729,treatment,1,1
profile_000730,treatment,0,1
profile_000731,control,1,1
profile_000732,control,0,1
profile_000733,treatment,1,1
profile_000734,control,0,1
profile_000735,control,0,0
profile_000736,control,1,1
profile_000737,control,1,1
profile_000738,control,0,1
profile_000739,control,1,1
profile_000740,control,1,1
profile_000741,control,0,0
profile_000742,control,0,1
profile_000743,treatment,0,0
profile_000744,treatment,1,1
profile_000745,treatment,1,1
profile_000746,control,1,1
profile_000747,control,1,1
profile_000748,treatment,0,1
profile_000749,control,0,1
profile_000750,treatment,1,1
profile_000751,treatment,0,1
profile_000752,treatment,1,1
profile_000753,control,1,1
profile_000754,control,1,1
profile_000755,control,1,1
profile_000756,control,0,0
profile_000757,control,1,1
profile_000758,control,0,0
profile_000759,treatment,0,0
profile_000760,control,1,1
profile_000761,treatment,1,1
profile_000762,control,0,0
profile_000763,treatment,0,1
profile_000764,treatment,1,1
profile_000765,treatment,1,1
profile_000766,control,0,1
profile_000767,treatment,1,1
profile_000768,control,1,1
profile_000769,treatment,1,1
profile_000770,treatment,0,1
profile_000771,control,0,1
profile_000772,control,0,0
profile_000773,treatment,0,0
profile_000774,control,1,1
profile_000775,treatment,0,1
profile_000776,control,0,1
profile_000777,treatment,1,1
profile_000778,treatment,1,1
profile_000779,treatment,0,1
profile_000780,control,0,1
profile_000781,treatment,1,1
profile_000782,treatment,0,1
profile_000783,treatment,1,1
profile_000784,treatment,0,0
profile_000785,treatment,1,1
profile_000786,control,1,1
profile_000787,treatment,1,1
profile_000788,treatment,0,1
profile_000789,treatment,1,1
profile_000790,control,1,1
profile_000791,treatment,0,1
profile_000792,treatment,1,1
profile_000793,control,1,1
profile_000794,control,1,1
profile_000795,control,1,1
profile_000796,treatment,1,1
profile_000797,control,0,0
profile_000798,control,1,1
profile_000799,treatment,1,1
profile_000800,treatment,1,1
profile_000801,control,1,1
profile_000802,control,0,0
profile_000803,control,0,0
profile_000804,control,0,0
profile_000805,control,1,1
profile_000806,treatment,0,1
profile_000807,control,1,1
profile_000808,treatment,0,0
profile_000809,treatment,0,1
profile_000810,control,1,1
profile_000811,control,0,0
profile_000812,treatment,0,1
profile_000813,control,1,1
profile_000814,control,1,1
profile_000815,treatment,1,1
profile_000816,treatment,1,1
profile_000817,treatment,0,1
profile_000818,control,1,1
profile_000819,treatment,1,1
profile_000820,treatment,1,1
profile_000821,control,0,1
profile_000822,control,0,0
profile_000823,control,0,1
profile_000824,control,0,1
profile_000825,control,0,0
profile_000826,control,1,1
profile_000827,control,0,0
profile_000828,treatment,1,1
profile_000829,treatment,1,1
profile_000830,control,1,1
profile_000831,control,0,0
profile_000832,treatment,0,1
profile_000833,treatment,1,1
profile_000834,treatment,0,1
profile_000835,control,0,0
profile_000836,treatment,1,1
profile_000837,control,1,1
profile_000838,control,1,1
profile_000839,control,1,1
profile_000840,treatment,1,1
profile_000841,treatment,1,1
profile_000842,treatment,0,1
profile_000843,treatment,0,1
profile_000844,control,0,0
profile_000845,control,1,1
profile_000846,treatment,1,1
profile_000847,treatment,1,1
profile_000848,control,1,1
profile_000849,control,1,1
profile_000850,treatment,1,1
profile_000851,treatment,1,1
profile_000852,treatment,0,0
profile_000853,control,1,1
profile_000854,treatment,0,1
profile_000855,treatment,1,1
profile_000856,treatment,0,1
profile_000857,treatment,0,1
profile_000858,control,1,1
profile_000859,treatment,1,1
profile_000860,treatment,1,1
profile_000861,control,1,1
profile_000862,control,1,1
profile_000863,control,0,1
profile_000864,control,0,0
profile_000865,treatment,1,1
profile_000866,control,0,1
profile_000867,control,0,0
profile_000868,control,1,1
profile_000869,treatment,0,1
profile_000870,treatment,0,1
profile_000871,control,0,1
profile_000872,treatment,1,1
profile_000873,treatment,1,1
profile_000874,treatment,0,0
profile_000875,treatment,1,1
profile_000876,treatment,0,0
profile_000877,control,0,1
profile_000878,control,1,1
profile_000879,control,0,0
profile_000880,control,1,1
profile_000881,control,0,0
profile_000882,control,1,1
profile_000883,treatment,1,1
profile_000884,treatment,0,1
profile_000885,control,1,1
profile_000886,control,1,1
profile_000887,treatment,0,1
profile_000888,treatment,0,0
profile_000889,treatment,1,1
profile_000890,treatment,1,1
profile_000891,treatment,0,0
profile_000892,control,0,0
profile_000893,control,0,0
profile_000894,control,1,1
profile_000895,treatment,0,1
profile_000896,treatment,1,1
profile_000897,control,1,1
profile_000898,control,0,1
profile_000899,control,0,1
profile_000900,control,1,1
profile_000901,treatment,0,1
profile_000902,control,1,1
profile_000903,control,1,1
profile_000904,control,1,1
profile_000905,control,0,0
profile_000906,control,1,1
profile_000907,treatment,1,1
profile_000908,treatment,0,1
profile_000909,control,0,0
profile_000910,control,1,1
profile_000911,treatment,0,1
profile_000912,control,0,1
profile_000913,control,1,1
profile_000914,control,0,1
profile_000915,control,0,1
profile_000916,control,1,1
profile_000917,control,0,1
profile_000918,control,1,1
profile_000919,treatment,1,1
profile_000920,control,0,1
profile_000921,control,0,1
profile_000922,control,1,1
profile_000923,control,1,1
profile_000924,control,1,1
profile_000925,treatment,1,1
profile_000926,treatment,0,1
profile_000927,control,0,1
profile_000928,treatment,0,1
profile_000929,treatment,1,1
profile_000930,treatment,1,1
profile_000931,control,0,1
profile_000932,control,0,1
profile_000933,treatment,0,1
profile_000934,control,1,1
profile_000935,control,1,1
profile_000936,treatment,0,1
profile_000937,treatment,1,1
profile_000938,treatment,1,1
profile_000939,treatment,0,0
profile_000940,treatment,1,1
profile_000941,control,1,1
profile_000942,control,1,1
profile_000943,control,0,1
profile_000944,control,1,1
profile_000945,control,0,1
profile_000946,treatment,0,0
profile_000947,treatment,1,1
profile_000948,treatment,0,1
profile_000949,treatment,0,1
profile_000950,control,1,1
profile_000951,control,0,0
profile_000952,treatment,1,1
profile_000953,treatment,0,1
profile_000954,control,1,1
profile_000955,control,0,1
profile_000956,treatment,1,1
profile_000957,control,1,1
profile_000958,treatment,0,1
profile_000959,treatment,1,1
profile_000960,treatment,1,1
profile_000961,control,0,0
profile_000962,control,1,1
profile_000963,control,0,1
profile_000964,treatment,1,1
profile_000965,control,1,1
profile_000966,treatment,0,1
profile_000967,treatment,1,1
profile_000968,treatment,0,0
profile_000969,control,0,0
profile_000970,treatment,0,1
profile_000971,control,0,1
profile_000972,control,1,1
profile_000973,treatment,0,1
profile_000974,treatment,1,1
profile_000975,treatment,1,1
profile_000976,control,1,1
profile_000977,treatment,0,0
profile_000978,treatment,1,1
profile_000979,control,0,1
profile_000980,control,0,1
profile_000981,control,0,0
profile_000982,control,0,1
profile_000983,control,0,0
profile_000984,control,1,1
profile_000985,control,0,0
profile_000986,treatment,0,0
profile_000987,control,1,1
profile_000988,treatment,1,1
profile_000989,control,0,1
profile_000990,treatment,1,1
profile_000991,treatment,1,1
profile_000992,control,0,1
profile_000993,control,1,1
profile_000994,treatment,0,1
profile_000995,control,0,0
profile_000996,control,0,1
profile_000997,treatment,0,0
profile_000998,treatment,0,1
profile_000999,control,1,1
profile_001000,treatment,0,1
profile_001001,treatment,1,1
profile_001002,treatment,1,1
profile_001003,control,0,0
profile_001004,treatment,1,1
profile_001005,control,1,1
profile_001006,treatment,0,0
profile_001007,control,1,1
profile_001008,control,1,1
profile_001009,control,0,0
profile_001010,treatment,0,0
profile_001011,control,0,0
profile_001012,treatment,0,0
profile_001013,treatment,0,0
profile_001014,treatment,1,1
profile_001015,treatment,0,1
profile_001016,treatment,1,1
profile_001017,control,1,1
profile_001018,treatment,0,0
profile_001019,treatment,1,1
profile_001020,treatment,0,0
profile_001021,control,1,1
profile_001022,control,0,0
profile_001023,control,1,1
profile_001024,control,1,1
profile_001025,treatment,0,1
profile_001026,control,1,1
profile_001027,treatment,0,1
profile_001028,control,0,0
profile_001029,control,0,0
profile_001030,control,0,0
profile_001031,control,0,0
profile_001032,control,1,1
profile_001033,control,0,1
profile_001034,control,1,1
profile_001035,treatment,1,1
profile_001036,treatment,1,1
profile_001037,control,1,1
profile_001038,treatment,1,1
profile_001039,treatment,0,1
profile_001040,control,0,0
profile_001041,treatment,1,1
profile_001042,treatment,0,1
profile_001043,treatment,1,1
profile_001044,treatment,1,1
profile_001045,treatment,0,1
profile_001046,control,1,1
profile_001047,treatment,1,1
profile_001048,control,1,1
profile_001049,treatment,0,1
profile_001050,treatment,0,1
profile_001051,treatment,1,1
profile_001052,control,0,1
profile_001053,treatment,1,1
profile_001054,treatment,0,0
profile_001055,control,0,1
profile_001056,control,1,1
profile_001057,control,0,0
profile_001058,treatment,1,1
profile_001059,control,1,1
profile_001060,treatment,1,1
profile_001061,treatment,1,1
profile_001062,control,1,1
profile_001063,control,1,1
profile_001064,control,0,1
profile_001065,control,1,1
profile_001066,treatment,0,1
profile_001067,control,1,1
profile_001068,control,1,1
profile_001069,control,0,1
profile_001070,control,0,1
profile_001071,treatment,0,1
profile_001072,control,0,0
profile_001073,control,1,1
profile_001074,control,1,1
profile_001075,treatment,0,0
profile_001076,control,1,1
profile_001077,treatment,1,1
profile_001078,control,0,0
profile_001079,control,1,1
profile_001080,treatment,1,1
profile_001081,treatment,1,1
profile_001082,treatment,1,1
profile_001083,control,0,1
profile_001084,control,1,1
profile_001085,control,0,0
profile_001086,control,0,0
profile_001087,treatment,1,1
profile_001088,control,0,0
profile_001089,treatment,0,1
profile_001090,control,1,1
profile_001091,control,1,1
profile_001092,treatment,0,0
profile_001093,treatment,1,1
profile_001094,treatment,1,1
profile_001095,control,1,1
profile_001096,control,0,1
profile_001097,treatment,1,1
profile_001098,control,0,0
profile_001099,treatment,1,1
profile_001100,control,0,1
profile_001101,treatment,1,1
profile_001102,control,1,1
profile_001103,control,1,1
profile_001104,treatment,0,1
profile_001105,treatment,0,0
profile_001106,control,1,1
profile_001107,treatment,0,1
profile_001108,treatment,0,0
profile_001109,control,0,1
profile_001110,treatment,1,1
profile_001111,treatment,0,1
profile_001112,treatment,1,1
profile_001113,treatment,0,1
profile_001114,control,0,0
profile_001115,control,1,1
profile_001116,control,1,1
profile_001117,treatment,0,1
profile_001118,control,0,1
profile_001119,treatment,0,1
profile_001120,treatment,1,1
profile_001121,treatment,0,1
profile_001122,control,1,1
profile_001123,treatment,1,1
profile_001124,control,0,0
profile_001125,treatment,0,0
profile_001126,control,1,1
profile_001127,treatment,0,0
profile_001128,treatment,0,1
profile_001129,control,0,0
profile_001130,treatment,0,0
profile_001131,control,1,1
profile_001132,treatment,0,1
profile_001133,control,0,1
profile_001134,control,1,1
profile_001135,treatment,1,1
profile_001136,treatment,1,1
profile_001137,control,1,1
profile_001138,treatment,0,0
profile_001139,control,0,1
profile_001140,control,0,1
profile_001141,treatment,0,1
profile_001142,treatment,1,1
profile_001143,control,1,1
profile_001144,control,1,1
profile_001145,control,0,1
profile_001146,control,1,1
profile_001147,control,1,1
profile_001148,control,0,0
profile_001149,treatment,1,1
profile_001150,control,0,1
profile_001151,control,1,1
profile_001152,treatment,0,1
profile_001153,control,1,1
profile_001154,treatment,0,1
profile_001155,control,1,1
profile_001156,treatment,1,1
profile_001157,treatment,0,1
profile_001158,control,1,1
profile_001159,control,0,1
profile_001160,treatment,1,1
profile_001161,control,0,1
profile_001162,control,1,1
profile_001163,treatment,1,1
profile_001164,control,0,0
profile_001165,control,0,0
profile_001166,control,0,1
profile_001167,control,0,0
profile_001168,control,1,1
profile_001169,control,1,1
profile_001170,control,1,1
profile_001171,control,0,1
profile_001172,treatment,0,1
profile_001173,control,1,1
profile_001174,treatment,1,1
profile_001175,control,0,0
profile_001176,control,1,1
profile_001177,control,0,1
profile_001178,control,1,1
profile_001179,control,1,1
profile_001180,treatment,1,1
profile_001181,treatment,0,0
profile_001182,treatment,0,0
profile_001183,control,0,1
profile_001184,treatment,1,1
profile_001185,control,1,1
profile_001186,control,1,1
profile_001187,control,1,1
profile_001188,control,0,0
profile_001189,treatment,1,1
profile_001190,control,1,1
profile_001191,control,0,0
profile_001192,control,1,1
profile_001193,treatment,1,1
profile_001194,control,1,1
profile_001195,control,1,1
profile_001196,control,1,1
profile_001197,control,0,1
profile_001198,treatment,1,1
profile_001199,control,1,1
profile_001200,treatment,0,1
profile_001201,control,0,0
profile_001202,control,1,1
profile_001203,control,1,1
profile_001204,control,0,1
profile_001205,control,0,1
profile_001206,treatment,1,1
profile_001207,treatment,1,1
profile_001208,control,1,1
profile_001209,control,1,1
profile_001210,treatment,1,1
profile_001211,treatment,0,0
profile_001212,treatment,0,0
profile_001213,control,1,1
profile_001214,treatment,1,1
profile_001215,treatment,0,0
profile_001216,treatment,1,1
profile_001217,control,0,0
profile_001218,control,1,1
profile_001219,control,1,1
profile_001220,treatment,1,1
profile_001221,treatment,1,1
profile_001222,treatment,1,1
profile_001223,treatment,1,1
profile_001224,treatment,1,1
profile_001225,treatment,1,1
profile_001226,control,1,1
profile_001227,control,0,0
profile_001228,control,0,0
profile_001229,treatment,1,1
profile_001230,control,0,0
profile_001231,control,1,1
profile_001232,control,1,1
profile_001233,control,1,1
profile_001234,control,1,1
profile_001235,treatment,0,0
profile_001236,control,1,1
profile_001237,treatment,0,0
profile_001238,control,0,1
profile_001239,control,0,1
profile_001240,control,1,1
profile_001241,control,0,0
profile_001242,control,0,0
profile_001243,control,1,1
profile_001244,treatment,1,1
profile_001245,treatment,0,1
profile_001246,control,0,0
profile_001247,treatment,0,1
profile_001248,control,0,1
profile_001249,control,1,1
profile_001250,treatment,0,0
profile_001251,treatment,1,1
profile_001252,treatment,0,0
profile_001253,control,0,0
profile_001254,control,1,1
profile_001255,control,0,0
profile_001256,control,0,0
profile_001257,treatment,1,1
profile_001258,control,1,1
profile_001259,treatment,1,1
profile_001260,control,0,0
profile_001261,control,1,1
profile_001262,treatment,0,0
profile_001263,control,0,0
profile_001264,treatment,0,0
profile_001265,treatment,1,1
profile_001266,treatment,0,1
profile_001267,control,1,1
profile_001268,control,1,1
profile_001269,control,1,1
profile_001270,control,1,1
profile_001271,control,1,1
profile_001272,treatment,0,0
profile_001273,control,1,1
profile_001274,control,1,1
profile_001275,treatment,1,1
profile_001276,control,1,1
profile_001277,treatment,1,1
profile_001278,treatment,0,1
profile_001279,treatment,0,0
profile_001280,treatment,1,1
profile_001281,treatment,0,1
profile_001282,treatment,0,1
profile_001283,treatment,1,1
profile_001284,control,1,1
profile_001285,control,0,1
profile_001286,treatment,1,1
profile_001287,treatment,1,1
profile_001288,control,0,1
profile_001289,control,1,1
profile_001290,treatment,0,1
profile_001291,treatment,1,1
profile_001292,control,1,1
profile_001293,control,1,1
profile_001294,control,1,1
profile_001295,control,1,1
profile_001296,treatment,0,1
profile_001297,treatment,0,0
profile_001298,treatment,0,1
profile_001299,control,0,0
profile_001300,control,0,1
profile_001301,treatment,0,0
profile_001302,control,1,1
profile_001303,control,1,1
profile_001304,treatment,1,1
profile_001305,treatment,1,1
profile_001306,control,1,1
profile_001307,treatment,1,1
profile_001308,control,1,1
profile_001309,control,0,1
profile_001310,control,1,1
profile_001311,control,1,1
profile_001312,control,1,1
profile_001313,control,0,1
profile_001314,treatment,1,1
profile_001315,treatment,0,0
profile_001316,treatment,1,1
profile_001317,control,0,1
profile_001318,treatment,1,1
profile_001319,treatment,1,1
profile_001320,control,1,1
profile_001321,control,0,0
profile_001322,treatment,0,1
profile_001323,treatment,1,1
profile_001324,treatment,1,1
profile_001325,treatment,0,1
profile_001326,control,1,1
profile_001327,control,1,1
profile_001328,control,0,0
profile_001329,control,1,1
profile_001330,control,1,1
profile_001331,control,0,0
profile_001332,control,0,0
profile_001333,control,0,0
profile_001334,control,1,1
profile_001335,control,0,0
profile_001336,control,1,1
profile_001337,treatment,0,1
profile_001338,treatment,1,1
profile_001339,treatment,0,0
profile_001340,control,1,1
profile_001341,treatment,0,0
profile_001342,treatment,0,1
profile_001343,control,1,1
profile_001344,control,0,0
profile_001345,treatment,1,1
profile_001346,treatment,1,1
profile_001347,treatment,0,0
profile_001348,control,1,1
profile_001349,treatment,0,1
profile_001350,treatment,0,1
profile_001351,treatment,1,1
profile_001352,control,1,1
profile_001353,control,1,1
profile_001354,control,0,0
profile_001355,control,1,1
profile_001356,treatment,0,1
profile_001357,treatment,1,1
profile_001358,treatment,1,1
profile_001359,treatment,0,0
profile_001360,treatment,0,0
profile_001361,treatment,1,1
profile_001362,control,1,1
profile_001363,control,1,1
profile_001364,control,1,1
profile_001365,treatment,0,0
profile_001366,control,0,0
profile_001367,treatment,1,1
profile_001368,treatment,1,1
profile_001369,control,0,0
profile_001370,treatment,0,1
profile_001371,control,0,0
profile_001372,control,0,1
profile_001373,treatment,1,1
profile_001374,treatment,1,1
profile_001375,treatment,0,1
profile_001376,treatment,1,1
profile_001377,treatment,0,1
profile_001378,control,1,1
profile_001379,control,1,1
profile_001380,control,0,0
profile_001381,treatment,0,0
profile_001382,treatment,1,1
profile_001383,treatment,1,1
profile_001384,treatment,1,1
profile_001385,control,1,1
profile_001386,control,1,1
profile_001387,control,1,1
profile_001388,treatment,0,1
profile_001389,control,1,1
profile_001390,control,0,1
profile_001391,control,0,0
profile_001392,control,0,1
profile_001393,treatment,1,1
profile_001394,treatment,1,1
profile_001395,control,0,1
profile_001396,treatment,1,1
profile_001397,control,0,1
profile_001398,treatment,0,0
profile_001399,treatment,1,1
profile_001400,control,0,0
profile_001401,treatment,0,0
profile_001402,control,1,1
profile_001403,treatment,1,1
profile_001404,treatment,0,1
profile_001405,control,1,1
profile_001406,treatment,1,1
profile_001407,control,1,1
profile_001408,treatment,1,1
profile_001409,treatment,0,1
profile_001410,treatment,1,1
profile_001411,control,0,0
profile_001412,treatment,1,1
profile_001413,treatment,1,1
profile_001414,control,1,1
profile_001415,control,1,1
profile_001416,treatment,0,0
profile_001417,treatment,0,1
profile_001418,control,1,1
profile_001419,control,0,0
profile_001420,treatment,1,1
profile_001421,control,1,1
profile_001422,treatment,1,1
profile_001423,treatment,0,0
profile_001424,control,0,0
profile_001425,control,1,1
profile_001426,control,1,1
profile_001427,treatment,0,1
profile_001428,treatment,1,1
profile_001429,treatment,0,0
profile_001430,treatment,1,1
profile_001431,control,1,1
profile_001432,control,0,0
profile_001433,control,1,1
profile_001434,control,1,1
profile_001435,control,0,0
profile_001436,treatment,0,1
profile_001437,treatment,1,1
profile_001438,control,1,1
profile_001439,control,1,1
profile_001440,treatment,1,1
profile_001441,treatment,1,1
profile_001442,control,0,1
profile_001443,treatment,0,1
profile_001444,control,0,1
profile_001445,treatment,0,0
profile_001446,control,1,1
profile_001447,treatment,1,1
profile_001448,control,1,1
profile_001449,treatment,1,1
profile_001450,control,0,0
profile_001451,treatment,1,1
profile_001452,control,1,1
profile_001453,treatment,1,1
profile_001454,treatment,0,1
profile_001455,treatment,0,1
profile_001456,treatment,1,1
profile_001457,control,0,0
profile_001458,control,1,1
profile_001459,control,1,1
profile_001460,treatment,0,1
profile_001461,treatment,0,1
profile_001462,control,0,1
profile_001463,control,0,1
profile_001464,treatment,1,1
profile_001465,control,1,1
profile_001466,treatment,0,0
profile_001467,treatment,0,0
profile_001468,treatment,0,1
profile_001469,treatment,1,1
profile_001470,treatment,1,1
profile_001471,control,1,1
profile_001472,treatment,0,1
profile_001473,treatment,1,1
profile_001474,control,1,1
profile_001475,treatment,1,1
profile_001476,treatment,1,1
profile_001477,control,0,1
profile_001478,treatment,1,1
profile_001479,control,1,1
profile_001480,treatment,0,0
profile_001481,control,0,0
profile_001482,treatment,1,1
profile_001483,control,1,1
profile_001484,control,1,1
profile_001485,treatment,0,0
profile_001486,control,1,1
profile_001487,control,0,0
profile_001488,control,1,1
profile_001489,control,1,1
profile_001490,treatment,1,1
profile_001491,control,0,1
profile_001492,control,1,1
profile_001493,treatment,0,0
profile_001494,treatment,1,1
profile_001495,control,0,1
profile_001496,control,0,1
profile_001497,treatment,0,1
profile_001498,treatment,1,1
profile_001499,treatment,0,1
profile_001500,treatment,1,1
profile_001501,control,1,1
profile_001502,treatment,0,1
profile_001503,control,1,1
profile_001504,control,1,1
profile_001505,treatment,1,1
profile_001506,treatment,1,1
profile_001507,treatment,0,1
profile_001508,control,1,1
profile_001509,treatment,0,0
profile_001510,treatment,1,1
profile_001511,treatment,0,1
profile_001512,control,1,1
profile_001513,treatment,1,1
profile_001514,control,1,1
profile_001515,control,1,1
profile_001516,control,0,0
profile_001517,treatment,0,1
profile_001518,control,0,1
profile_001519,control,0,0
profile_001520,control,1,1
profile_001521,treatment,1,1
profile_001522,treatment,1,1
profile_001523,treatment,1,1
profile_001524,control,1,1
profile_001525,treatment,0,0
profile_001526,control,1,1
profile_001527,treatment,1,1
profile_001528,control,0,0
profile_001529,control,0,0
profile_001530,treatment,1,1
profile_001531,control,0,0
profile_001532,treatment,0,1
profile_001533,control,1,1
profile_001534,control,0,0
profile_001535,treatment,0,0
profile_001536,control,0,1
profile_001537,control,1,1
profile_001538,treatment,1,1
profile_001539,control,1,1
profile_001540,control,0,0
profile_001541,treatment,0,1
profile_001542,control,1,1
profile_001543,control,0,1
profile_001544,treatment,1,1
profile_001545,control,0,1
profile_001546,control,1,1
profile_001547,control,1,1
profile_001548,treatment,0,0
profile_001549,treatment,0,1
profile_001550,control,1,1
profile_001551,control,0,1
profile_001552,treatment,0,0
profile_001553,control,1,1
profile_001554,control,1,1
profile_001555,treatment,1,1
profile_001556,treatment,1,1
profile_001557,control,0,1
profile_001558,control,0,1
profile_001559,control,1,1
profile_001560,control,1,1
profile_001561,treatment,0,0
profile_001562,treatment,0,1
profile_001563,treatment,1,1
profile_001564,control,1,1
profile_001565,treatment,1,1
profile_001566,control,0,1
profile_001567,control,1,1
profile_001568,control,1,1
profile_001569,treatment,1,1
profile_001570,treatment,0,0
profile_001571,control,1,1
profile_001572,treatment,0,1
profile_001573,treatment,0,1
profile_001574,treatment,1,1
profile_001575,treatment,1,1
profile_001576,treatment,1,1
profile_001577,control,0,0
profile_001578,control,0,1
profile_001579,treatment,1,1
profile_001580,control,1,1
profile_001581,control,1,1
profile_001582,control,1,1
profile_001583,treatment,1,1
profile_001584,control,1,1
profile_001585,treatment,0,1
profile_001586,treatment,1,1
profile_001587,control,0,0
profile_001588,control,0,0
profile_001589,control,1,1
profile_001590,control,0,1
profile_001591,treatment,1,1
profile_001592,treatment,1,1
profile_001593,control,1,1
profile_001594,treatment,1,1
profile_001595,control,1,1
profile_001596,treatment,0,1
profile_001597,treatment,0,0
profile_001598,treatment,1,1
profile_001599,control,1,1
profile_001600,treatment,1,1
profile_001601,treatment,1,1
profile_001602,treatment,0,0
profile_001603,treatment,1,1
profile_001604,treatment,1,1
profile_001605,control,0,1
profile_001606,control,1,1
profile_001607,control,0,1
profile_001608,treatment,0,0
profile_001609,treatment,0,0
profile_001610,control,1,1
profile_001611,treatment,0,1
profile_001612,control,0,1
profile_001613,control,1,1
profile_001614,control,1,1
profile_001615,control,1,1
profile_001616,control,1,1
profile_001617,treatment,0,0
profile_001618,treatment,1,1
profile_001619,control,1,1
profile_001620,control,0,1
profile_001621,control,1,1
profile_001622,control,0,1
profile_001623,treatment,1,1
profile_001624,control,0,1
profile_001625,treatment,0,0
profile_001626,control,1,1
profile_001627,treatment,0,1
profile_001628,treatment,1,1
profile_001629,control,1,1
profile_001630,control,0,0
profile_001631,control,0,1
profile_001632,control,1,1
profile_001633,control,0,1
profile_001634,control,1,1
profile_001635,treatment,1,1
profile_001636,control,1,1
profile_001637,treatment,1,1
profile_001638,treatment,1,1
profile_001639,control,1,1
profile_001640,treatment,1,1
profile_001641,treatment,0,1
profile_001642,control,1,1
profile_001643,control,1,1
profile_001644,treatment,1,1
profile_001645,control,0,1
profile_001646,treatment,0,1
profile_001647,control,1,1
profile_001648,treatment,1,1
profile_001649,control,1,1
profile_001650,control,0,0
profile_001651,treatment,0,1
profile_001652,control,1,1
profile_001653,control,0,0
profile_001654,control,1,1
profile_001655,control,1,1
profile_001656,treatment,0,1
profile_001657,treatment,1,1
profile_001658,control,0,1
profile_001659,control,1,1
profile_001660,treatment,0,1
profile_001661,treatment,1,1
profile_001662,control,0,0
profile_001663,treatment,1,1
profile_001664,treatment,0,0
profile_001665,treatment,1,1
profile_001666,control,1,1
profile_001667,treatment,0,0
profile_001668,treatment,0,0
profile_001669,treatment,1,1
profile_001670,treatment,1,1
profile_001671,treatment,0,1
profile_001672,treatment,1,1
profile_001673,control,1,1
profile_001674,treatment,1,1
profile_001675,control,1,1
profile_001676,control,0,0
profile_001677,control,1,1
profile_001678,control,0,1
profile_001679,treatment,1,1
profile_001680,treatment,1,1
profile_001681,treatment,0,0
profile_001682,control,1,1
profile_001683,control,1,1
profile_001684,treatment,0,0
profile_001685,treatment,1,1
profile_001686,treatment,0,1
profile_001687,treatment,1,1
profile_001688,treatment,0,1
profile_001689,control,1,1
profile_001690,control,0,0
profile_001691,treatment,0,0
profile_001692,treatment,0,1
profile_001693,treatment,0,0
profile_001694,treatment,1,1
profile_001695,treatment,1,1
profile_001696,control,1,1
profile_001697,treatment,1,1
profile_001698,control,0,0
profile_001699,control,0,0
profile_001700,treatment,0,0
profile_001701,treatment,1,1
profile_001702,treatment,0,1
profile_001703,treatment,1,1
profile_001704,control,1,1
profile_001705,control,0,1
profile_001706,control,1,1
profile_001707,control,0,1
profile_001708,control,0,0
profile_001709,control,0,1
profile_001710,control,0,0
profile_001711,treatment,0,1
profile_001712,control,0,1
profile_001713,control,1,1
profile_001714,treatment,0,0
profile_001715,treatment,1,1
profile_001716,control,1,1
profile_001717,treatment,0,1
profile_001718,control,1,1
profile_001719,control,1,1
profile_001720,treatment,1,1
profile_001721,control,1,1
profile_001722,treatment,0,1
profile_001723,treatment,0,0
profile_001724,treatment,0,0
profile_001725,control,1,1
profile_001726,control,1,1
profile_001727,treatment,1,1
profile_001728,treatment,0,0
profile_001729,treatment,1,1
profile_001730,treatment,1,1
profile_001731,treatment,1,1
profile_001732,control,1,1
profile_001733,treatment,1,1
profile_001734,control,1,1
profile_001735,treatment,0,0
profile_001736,control,1,1
profile_001737,control,0,1
profile_001738,control,0,0
profile_001739,treatment,1,1
profile_001740,treatment,1,1
profile_001741,control,1,1
profile_001742,control,1,1
profile_001743,treatment,1,1
profile_001744,treatment,0,1
profile_001745,treatment,0,1
profile_001746,control,0,1
profile_001747,control,1,1
profile_001748,treatment,0,1
profile_001749,treatment,0,0
profile_001750,treatment,1,1
profile_001751,treatment,1,1
profile_001752,treatment,1,1
profile_001753,treatment,0,0
profile_001754,treatment,1,1
profile_001755,treatment,1,1
profile_001756,control,1,1
profile_001757,control,0,0
profile_001758,control,1,1
profile_001759,treatment,1,1
profile_001760,treatment,0,0
profile_001761,control,0,0
profile_001762,treatment,1,1
profile_001763,control,0,0
profile_001764,treatment,0,1
profile_001765,control,1,1
profile_001766,control,0,1
profile_001767,control,0,1
profile_001768,control,1,1
profile_001769,treatment,0,0
profile_001770,treatment,0,1
profile_001771,treatment,0,1
profile_001772,treatment,1,1
profile_001773,control,1,1
profile_001774,treatment,1,1
profile_001775,control,1,1
profile_001776,treatment,1,1
profile_001777,treatment,1,1
profile_001778,control,1,1
profile_001779,treatment,1,1
profile_001780,treatment,0,0
profile_001781,control,0,1
profile_001782,treatment,1,1
profile_001783,control,1,1
profile_001784,treatment,0,0
profile_001785,control,1,1
profile_001786,treatment,1,1
profile_001787,control,0,1
profile_001788,treatment,0,1
profile_001789,treatment,1,1
profile_001790,control,1,1
profile_001791,treatment,1,1
profile_001792,treatment,0,1
profile_001793,control,1,1
profile_001794,control,1,1
profile_001795,control,1,1
profile_001796,treatment,0,0
profile_001797,control,1,1
profile_001798,treatment,0,0
profile_001799,control,0,0
profile_001800,control,0,1
profile_001801,treatment,0,1
profile_001802,treatment,0,0
profile_001803,control,1,1
profile_001804,treatment,1,1
profile_001805,treatment,1,1
profile_001806,control,1,1
profile_001807,treatment,0,1
profile_001808,treatment,1,1
profile_001809,control,0,1
profile_001810,control,1,1
profile_001811,control,1,1
profile_001812,control,1,1
profile_001813,treatment,1,1
profile_001814,control,1,1
profile_001815,treatment,1,1
profile_001816,treatment,1,1
profile_001817,control,0,1
profile_001818,treatment,0,0
profile_001819,control,0,1
profile_001820,control,1,1
profile_001821,treatment,1,1
profile_001822,treatment,1,1
profile_001823,control,1,1
profile_001824,treatment,1,1
profile_001825,treatment,1,1
profile_001826,control,1,1
profile_001827,treatment,1,1
profile_001828,treatment,0,0
profile_001829,treatment,0,0
profile_001830,control,0,1
profile_001831,treatment,1,1
profile_001832,treatment,0,1
profile_001833,control,1,1
profile_001834,treatment,1,1
profile_001835,control,1,1
profile_001836,control,1,1
profile_001837,treatment,0,1
profile_001838,treatment,1,1
profile_001839,treatment,0,1
profile_001840,control,0,0
profile_001841,treatment,1,1
profile_001842,treatment,1,1
profile_001843,treatment,0,0
profile_001844,treatment,1,1
profile_001845,control,0,0
profile_001846,control,0,1
profile_001847,treatment,1,1
profile_001848,treatment,0,1
profile_001849,treatment,1,1
profile_001850,control,0,0
profile_001851,control,0,0
profile_001852,control,1,1
profile_001853,treatment,1,1
profile_001854,treatment,1,1
profile_001855,treatment,1,1
profile_001856,treatment,1,1
profile_001857,treatment,1,1
profile_001858,treatment,1,1
profile_001859,control,0,1
profile_001860,treatment,1,1
profile_001861,treatment,0,0
profile_001862,control,1,1
profile_001863,treatment,1,1
profile_001864,control,0,0
profile_001865,treatment,1,1
profile_001866,treatment,0,0
profile_001867,treatment,1,1
profile_001868,treatment,1,1
profile_001869,treatment,1,1
profile_001870,control,0,0
profile_001871,treatment,1,1
profile_001872,control,1,1
profile_001873,treatment,0,1
profile_001874,treatment,0,0
profile_001875,control,1,1
profile_001876,treatment,0,1
profile_001877,control,1,1
profile_001878,control,1,1
profile_001879,treatment,1,1
profile_001880,control,1,1
profile_001881,control,1,1
profile_001882,treatment,0,1
profile_001883,control,1,1
profile_001884,treatment,0,1
profile_001885,control,1,1
profile_001886,treatment,1,1
profile_001887,control,0,1
profile_001888,treatment,1,1
profile_001889,treatment,1,1
profile_001890,control,0,1
profile_001891,control,1,1
profile_001892,treatment,1,1
profile_001893,treatment,1,1
profile_001894,control,1,1
profile_001895,control,1,1
profile_001896,treatment,1,1
profile_001897,treatment,1,1
profile_001898,treatment,1,1
profile_001899,control,1,1
profile_001900,treatment,1,1
profile_001901,treatment,1,1
profile_001902,control,1,1
profile_001903,control,1,1
profile_001904,treatment,1,1
profile_001905,treatment,0,1
profile_001906,control,1,1
profile_001907,control,1,1
profile_001908,control,1,1
profile_001909,treatment,1,1
profile_001910,control,1,1
profile_001911,treatment,1,1
profile_001912,treatment,0,1
profile_001913,control,0,0
profile_001914,treatment,1,1
profile_001915,treatment,0,0
profile_001916,control,1,1
profile_001917,control,1,1
profile_001918,control,1,1
profile_001919,treatment,0,0
profile_001920,control,0,0
profile_001921,treatment,1,1
profile_001922,treatment,1,1
profile_001923,treatment,0,1
profile_001924,control,1,1
profile_001925,treatment,0,1
profile_001926,control,1,1
profile_001927,control,0,0
profile_001928,treatment,0,0
profile_001929,control,1,1
profile_001930,control,1,1
profile_001931,treatment,1,1
profile_001932,treatment,1,1
profile_001933,treatment,0,0
profile_001934,treatment,0,0
profile_001935,control,0,1
profile_001936,treatment,1,1
profile_001937,treatment,1,1
profile_001938,control,0,0
profile_001939,control,0,0
profile_001940,treatment,1,1
profile_001941,treatment,0,0
profile_001942,treatment,1,1
profile_001943,control,1,1
profile_001944,control,1,1
profile_001945,treatment,1,1
profile_001946,treatment,1,1
profile_001947,control,0,0
profile_001948,treatment,1,1
profile_001949,treatment,1,1
profile_001950,treatment,1,1
profile_001951,control,1,1
profile_001952,treatment,1,1
profile_001953,treatment,1,1
profile_001954,control,0,0
profile_001955,control,1,1
profile_001956,control,0,1
profile_001957,control,1,1
profile_001958,control,0,0
profile_001959,control,1,1
profile_001960,control,1,1
profile_001961,treatment,0,1
profile_001962,control,1,1
profile_001963,treatment,1,1
profile_001964,control,1,1
profile_001965,treatment,1,1
profile_001966,treatment,1,1
profile_001967,treatment,0,0
profile_001968,treatment,0,1
profile_001969,treatment,1,1
profile_001970,treatment,0,1
profile_001971,control,0,0
profile_001972,treatment,0,1
profile_001973,treatment,0,1
profile_001974,treatment,1,1
profile_001975,treatment,1,1
profile_001976,treatment,1,1
profile_001977,treatment,1,1
profile_001978,treatment,0,0
profile_001979,treatment,1,1
profile_001980,treatment,1,1
profile_001981,control,1,1
profile_001982,treatment,1,1
profile_001983,treatment,0,0
profile_001984,treatment,1,1
profile_001985,treatment,0,0
profile_001986,treatment,1,1
profile_001987,treatment,0,1
profile_001988,control,1,1
profile_001989,treatment,1,1
profile_001990,control,1,1
profile_001991,treatment,1,1
profile_001992,control,1,1
profile_001993,treatment,0,1
profile_001994,control,0,1
profile_001995,treatment,1,1
profile_001996,control,1,1
profile_001997,treatment,0,0
profile_001998,treatment,0,1
profile_001999,control,0,0
profile_002000,control,1,1
profile_002001,control,0,1
profile_002002,control,1,1
profile_002003,treatment,0,1
profile_002004,treatment,1,1
profile_002005,control,1,1
profile_002006,control,0,1
profile_002007,control,0,0
profile_002008,control,0,0
profile_002009,control,1,1
profile_002010,treatment,0,1
profile_002011,treatment,0,1
profile_002012,treatment,1,1
profile_002013,treatment,1,1
profile_002014,treatment,0,1
profile_002015,control,1,1
profile_002016,control,1,1
profile_002017,treatment,1,1
profile_002018,treatment,1,1
profile_002019,treatment,1,1
profile_002020,treatment,1,1
profile_002021,treatment,1,1
profile_002022,control,1,1
profile_002023,treatment,0,0
profile_002024,treatment,0,1
profile_002025,treatment,0,1
profile_002026,control,1,1
profile_002027,control,0,1
profile_002028,treatment,0,0
profile_002029,control,1,1
profile_002030,control,1,1
profile_002031,control,0,0
profile_002032,control,0,1
profile_002033,control,0,0
profile_002034,treatment,1,1
profile_002035,control,1,1
profile_002036,treatment,1,1
profile_002037,treatment,0,1
profile_002038,control,1,1
profile_002039,control,1,1
profile_002040,control,0,1
profile_002041,treatment,1,1
profile_002042,control,1,1
profile_002043,control,1,1
profile_002044,control,1,1
profile_002045,control,0,0
profile_002046,control,1,1
profile_002047,control,1,1
profile_002048,control,1,1
profile_002049,control,0,1
profile_002050,treatment,0,1
profile_002051,control,1,1
profile_002052,treatment,0,1
profile_002053,treatment,1,1
profile_002054,treatment,1,1
profile_002055,control,0,0
profile_002056,treatment,1,1
profile_002057,control,1,1
profile_002058,treatment,1,1
profile_002059,control,0,1
profile_002060,treatment,1,1
profile_002061,control,1,1
profile_002062,treatment,0,0
profile_002063,control,0,0
profile_002064,control,0,0
profile_002065,control,0,1
profile_002066,treatment,1,1
profile_002067,control,0,1
profile_002068,control,1,1
profile_002069,control,0,0
profile_002070,control,0,0
profile_002071,treatment,1,1
profile_002072,treatment,1,1
profile_002073,treatment,1,1
profile_002074,treatment,0,1
profile_002075,treatment,1,1
profile_002076,control,0,1
profile_002077,treatment,1,1
profile_002078,control,1,1
profile_002079,control,0,1
profile_002080,treatment,1,1
profile_002081,treatment,0,0
profile_002082,treatment,1,1
profile_002083,control,1,1
profile_002084,treatment,0,0
profile_002085,treatment,1,1
profile_002086,treatment,1,1
profile_002087,treatment,0,0
profile_002088,control,1,1
profile_002089,treatment,0,0
profile_002090,treatment,0,1
profile_002091,control,0,0
profile_002092,control,0,0
profile_002093,control,1,1
profile_002094,control,0,0
profile_002095,treatment,1,1
profile_002096,control,0,1
profile_002097,control,1,1
profile_002098,control,1,1
profile_002099,treatment,0,0
profile_002100,treatment,0,0
profile_002101,treatment,1,1
profile_002102,control,0,0
profile_002103,control,1,1
profile_002104,treatment,1,1
profile_002105,control,0,1
profile_002106,control,0,0
profile_002107,control,1,1
profile_002108,control,0,1
profile_002109,control,1,1
profile_002110,treatment,0,1
profile_002111,control,0,1
profile_002112,treatment,0,1
profile_002113,control,0,1
profile_002114,control,0,0
profile_002115,treatment,1,1
profile_002116,control,1,1
profile_002117,treatment,0,0
profile_002118,control,0,0
profile_002119,treatment,1,1
profile_002120,treatment,1,1
profile_002121,treatment,0,1
profile_002122,treatment,1,1
profile_002123,treatment,0,1
profile_002124,control,1,1
profile_002125,treatment,1,1
profile_002126,treatment,0,1
profile_002127,control,0,1
profile_002128,control,1,1
profile_002129,treatment,1,1
profile_002130,control,1,1
profile_002131,control,1,1
profile_002132,treatment,0,0
profile_002133,treatment,0,1
profile_002134,treatment,0,0
profile_002135,control,1,1
profile_002136,treatment,0,1
profile_002137,treatment,0,0
profile_002138,control,1,1
profile_002139,treatment,0,0
profile_002140,treatment,1,1
profile_002141,treatment,0,1
profile_002142,treatment,1,1
profile_002143,treatment,0,0
profile_002144,control,1,1
profile_002145,control,0,0
profile_002146,control,1,1
profile_002147,treatment,0,1
profile_002148,treatment,1,1
profile_002149,treatment,1,1
profile_002150,treatment,1,1
profile_002151,control,0,1
profile_002152,treatment,1,1
profile_002153,treatment,0,0
profile_002154,control,1,1
profile_002155,treatment,0,0
profile_002156,treatment,0,1
profile_002157,control,1,1
profile_002158,control,1,1
profile_002159,treatment,1,1
profile_002160,control,0,0
profile_002161,control,1,1
profile_002162,treatment,0,1
profile_002163,control,1,1
profile_002164,treatment,1,1
profile_002165,treatment,1,1
profile_002166,treatment,0,0
profile_002167,treatment,0,1
profile_002168,control,1,1
profile_002169,control,1,1
profile_002170,control,0,1
profile_002171,treatment,0,1
profile_002172,treatment,0,1
profile_002173,control,1,1
profile_002174,control,1,1
profile_002175,control,1,1
profile_002176,treatment,1,1
profile_002177,control,1,1
profile_002178,control,1,1
profile_002179,control,1,1
profile_002180,control,1,1
profile_002181,treatment,1,1
profile_002182,control,1,1
profile_002183,treatment,0,1
profile_002184,control,1,1
profile_002185,treatment,1,1
profile_002186,treatment,1,1
profile_002187,treatment,0,0
profile_002188,control,0,1
profile_002189,treatment,1,1
profile_002190,control,1,1
profile_002191,control,0,1
profile_002192,treatment,0,1
profile_002193,treatment,0,0
profile_002194,control,1,1
profile_002195,control,1,1
profile_002196,control,0,0
profile_002197,treatment,0,1
profile_002198,treatment,0,1
profile_002199,treatment,0,0
profile_002200,treatment,1,1
profile_002201,control,1,1
profile_002202,control,1,1
profile_002203,control,1,1
profile_002204,treatment,1,1
profile_002205,control,1,1
profile_002206,treatment,1,1
profile_002207,treatment,1,1
profile_002208,treatment,0,1
profile_002209,control,1,1
profile_002210,treatment,0,1
profile_002211,treatment,1,1
profile_002212,control,0,0
profile_002213,control,0,1
profile_002214,control,0,0
profile_002215,treatment,0,1
profile_002216,treatment,1,1
profile_002217,control,1,1
profile_002218,control,1,1
profile_002219,control,0,1
profile_002220,control,1,1
profile_002221,control,1,1
profile_002222,control,0,0
profile_002223,treatment,0,0
profile_002224,treatment,0,0
profile_002225,control,1,1
profile_002226,treatment,1,1
profile_002227,treatment,0,1
profile_002228,control,0,1
profile_002229,treatment,1,1
profile_002230,treatment,1,1
profile_002231,treatment,0,1
profile_002232,control,0,0
profile_002233,control,0,0
profile_002234,treatment,1,1
profile_002235,control,1,1
profile_002236,treatment,0,1
profile_002237,treatment,1,1
profile_002238,control,1,1
profile_002239,treatment,0,1
profile_002240,treatment,1,1
profile_002241,control,0,0
profile_002242,control,0,1
profile_002243,treatment,1,1
profile_002244,control,0,1
profile_002245,control,0,0
profile_002246,control,0,0
profile_002247,treatment,0,1
profile_002248,treatment,1,1
profile_002249,control,1,1
profile_002250,treatment,1,1
profile_002251,control,0,1
profile_002252,control,0,1
profile_002253,control,1,1
profile_002254,treatment,1,1
profile_002255,treatment,1,1
profile_002256,control,1,1
profile_002257,treatment,1,1
profile_002258,treatment,1,1
profile_002259,control,0,1
profile_002260,treatment,1,1
profile_002261,control,1,1
profile_002262,treatment,1,1
profile_002263,control,0,1
profile_002264,treatment,0,0
profile_002265,treatment,1,1
profile_002266,treatment,1,1
profile_002267,treatment,0,0
profile_002268,treatment,1,1
profile_002269,treatment,1,1
profile_002270,control,0,1
profile_002271,control,1,1
profile_002272,treatment,1,1
profile_002273,control,1,1
profile_002274,control,1,1
profile_002275,control,1,1
profile_002276,control,0,1
profile_002277,control,1,1
profile_002278,control,1,1
profile_002279,control,1,1
profile_002280,control,1,1
profile_002281,treatment,1,1
profile_002282,control,0,0
profile_002283,control,0,0
profile_002284,control,1,1
profile_002285,treatment,0,0
profile_002286,treatment,1,1
profile_002287,control,1,1
profile_002288,treatment,1,1
profile_002289,treatment,1,1
profile_002290,treatment,1,1
profile_002291,treatment,0,0
profile_002292,treatment,0,1
profile_002293,control,0,0
profile_002294,control,0,1
profile_002295,control,1,1
profile_002296,treatment,1,1
profile_002297,treatment,1,1
profile_002298,treatment,1,1
profile_002299,control,1,1
profile_002300,control,1,1
profile_002301,treatment,1,1
profile_002302,treatment,0,1
profile_002303,treatment,0,0
profile_002304,control,1,1
profile_002305,treatment,0,1
profile_002306,treatment,1,1
profile_002307,control,1,1
profile_002308,control,0,0
profile_002309,treatment,0,0
profile_002310,control,1,1
profile_002311,treatment,1,1
profile_002312,control,1,1
profile_002313,control,1,1
profile_002314,control,1,1
profile_002315,control,0,1
profile_002316,treatment,0,0
profile_002317,control,0,1
profile_002318,control,1,1
profile_002319,treatment,0,1
profile_002320,treatment,0,1
profile_002321,control,1,1
profile_002322,control,1,1
profile_002323,control,1,1
profile_002324,treatment,1,1
profile_002325,treatment,0,1
profile_002326,treatment,1,1
profile_002327,control,0,1
profile_002328,control,1,1
profile_002329,treatment,0,1
profile_002330,control,1,1
profile_002331,treatment,0,0
profile_002332,control,0,1
profile_002333,treatment,1,1
profile_002334,control,1,1
profile_002335,treatment,1,1
profile_002336,control,1,1
profile_002337,control,1,1
profile_002338,control,1,1
profile_002339,control,1,1
profile_002340,treatment,0,0
profile_002341,control,1,1
profile_002342,control,0,0
profile_002343,treatment,0,0
profile_002344,treatment,1,1
profile_002345,treatment,0,0
profile_002346,control,0,0
profile_002347,control,1,1
profile_002348,treatment,1,1
profile_002349,treatment,0,1
profile_002350,treatment,0,0
profile_002351,control,0,0
profile_002352,control,0,1
profile_002353,treatment,1,1
profile_002354,control,0,0
profile_002355,control,0,0
profile_002356,control,1,1
profile_002357,treatment,0,0
profile_002358,control,0,0
profile_002359,treatment,0,0
profile_002360,treatment,1,1
profile_002361,treatment,1,1
profile_002362,treatment,0,0
profile_002363,treatment,1,1
profile_002364,treatment,0,0
profile_002365,control,1,1
profile_002366,treatment,1,1
profile_002367,control,0,1
profile_002368,treatment,0,0
profile_002369,treatment,0,1
profile_002370,control,1,1
profile_002371,treatment,0,0
profile_002372,treatment,0,1
profile_002373,control,1,1
profile_002374,control,1,1
profile_002375,treatment,1,1
profile_002376,control,1,1
profile_002377,treatment,1,1
profile_002378,treatment,1,1
profile_002379,treatment,1,1
profile_002380,control,0,0
profile_002381,control,1,1
profile_002382,control,1,1
profile_002383,treatment,1,1
profile_002384,control,0,0
profile_002385,treatment,1,1
profile_002386,treatment,0,0
profile_002387,control,0,1
profile_002388,control,0,1
profile_002389,control,0,1
profile_002390,control,1,1
profile_002391,control,0,0
profile_002392,treatment,0,1
profile_002393,control,0,0
profile_002394,control,1,1
profile_002395,control,0,1
profile_002396,control,0,0
profile_002397,control,0,1
profile_002398,treatment,1,1
profile_002399,treatment,1,1
profile_002400,treatment,1,1
profile_002401,treatment,1,1
profile_002402,control,0,0
profile_002403,control,1,1
profile_002404,treatment,0,0
profile_002405,control,0,0
profile_002406,control,1,1
profile_002407,treatment,1,1
profile_002408,treatment,1,1
profile_002409,control,0,1
profile_002410,treatment,0,1
profile_002411,treatment,1,1
profile_002412,control,1,1
profile_002413,control,0,0
profile_002414,treatment,0,0
profile_002415,treatment,0,0
profile_002416,treatment,0,0
profile_002417,treatment,1,1
profile_002418,control,0,1
profile_002419,control,0,0
profile_002420,treatment,1,1
profile_002421,treatment,1,1
profile_002422,control,0,1
profile_002423,treatment,0,1
profile_002424,treatment,1,1
profile_002425,control,1,1
profile_002426,treatment,0,1
profile_002427,treatment,0,0
profile_002428,treatment,1,1
profile_002429,treatment,1,1
profile_002430,control,0,0
profile_002431,control,0,1
profile_002432,treatment,1,1
profile_002433,control,0,0
profile_002434,treatment,1,1
profile_002435,treatment,1,1
profile_002436,control,1,1
profile_002437,control,0,0
profile_002438,control,1,1
profile_002439,treatment,1,1
profile_002440,control,0,0
profile_002441,control,1,1
profile_002442,treatment,1,1
profile_002443,treatment,1,1
profile_002444,treatment,1,1
profile_002445,treatment,1,1
profile_002446,control,1,1
profile_002447,control,1,1
profile_002448,control,1,1
profile_002449,treatment,1,1
profile_002450,treatment,1,1
profile_002451,treatment,1,1
profile_002452,control,0,0
profile_002453,treatment,1,1
profile_002454,control,1,1
profile_002455,treatment,0,1
profile_002456,control,1,1
profile_002457,treatment,0,0
profile_002458,treatment,0,0
profile_002459,treatment,1,1
profile_002460,treatment,1,1
profile_002461,control,1,1
profile_002462,treatment,1,1
profile_002463,control,0,1
profile_002464,control,1,1
profile_002465,treatment,1,1
profile_002466,control,0,0
profile_002467,treatment,1,1
profile_002468,control,1,1
profile_002469,control,0,0
profile_002470,control,0,0
profile_002471,treatment,1,1
profile_002472,treatment,0,1
profile_002473,control,1,1
profile_002474,treatment,0,1
profile_002475,treatment,1,1
profile_002476,control,1,1
profile_002477,treatment,0,1
profile_002478,treatment,0,1
profile_002479,control,1,1
profile_002480,control,0,0
profile_002481,treatment,1,1
profile_002482,control,1,1
profile_002483,control,1,1
profile_002484,control,0,0
profile_002485,control,0,1
profile_002486,treatment,0,1
profile_002487,treatment,1,1
profile_002488,control,0,1
profile_002489,control,0,1
profile_002490,control,1,1
profile_002491,treatment,1,1
profile_002492,treatment,1,1
profile_002493,treatment,1,1
profile_002494,control,0,0
profile_002495,treatment,1,1
profile_002496,control,0,0
profile_002497,treatment,1,1
profile_002498,treatment,0,1
profile_002499,treatment,1,1
profile_002500,control,1,1
profile_002501,treatment,0,1
profile_002502,control,0,1
profile_002503,treatment,1,1
profile_002504,control,1,1
profile_002505,control,0,0
profile_002506,control,1,1
profile_002507,treatment,0,1
profile_002508,control,1,1
profile_002509,control,0,0
profile_002510,treatment,0,1
profile_002511,control,1,1
profile_002512,treatment,0,1
profile_002513,control,1,1
profile_002514,treatment,1,1
profile_002515,control,0,1
profile_002516,treatment,0,1
profile_002517,treatment,0,0
profile_002518,treatment,1,1
profile_002519,control,0,1
profile_002520,control,0,0
profile_002521,treatment,1,1
profile_002522,treatment,1,1
profile_002523,control,1,1
profile_002524,treatment,1,1
profile_002525,control,0,1
profile_002526,treatment,0,1
profile_002527,treatment,1,1
profile_002528,treatment,1,1
profile_002529,control,1,1
profile_002530,treatment,0,1
profile_002531,treatment,1,1
profile_002532,control,1,1
profile_002533,treatment,0,1
profile_002534,control,0,0
profile_002535,treatment,1,1
profile_002536,control,0,0
profile_002537,treatment,0,0
profile_002538,control,1,1
profile_002539,treatment,1,1
profile_002540,treatment,1,1
profile_002541,control,1,1
profile_002542,control,0,0
profile_002543,control,0,0
profile_002544,control,0,1
profile_002545,control,1,1
profile_002546,treatment,1,1
profile_002547,control,0,0
profile_002548,treatment,1,1
profile_002549,treatment,0,0
profile_002550,control,1,1
profile_002551,control,1,1
profile_002552,control,1,1
profile_002553,control,0,0
profile_002554,control,1,1
profile_002555,treatment,1,1
profile_002556,treatment,1,1
profile_002557,control,1,1
profile_002558,treatment,1,1
profile_002559,control,0,0
profile_002560,treatment,1,1
profile_002561,control,1,1
profile_002562,treatment,1,1
profile_002563,treatment,1,1
profile_002564,treatment,1,1
profile_002565,control,0,0
profile_002566,treatment,0,1
profile_002567,control,1,1
profile_002568,treatment,1,1
profile_002569,control,1,1
profile_002570,treatment,0,0
profile_002571,control,1,1
profile_002572,treatment,0,1
profile_002573,control,1,1
profile_002574,control,1,1
profile_002575,control,1,1
profile_002576,treatment,0,0
profile_002577,control,0,1
profile_002578,treatment,0,1
profile_002579,treatment,0,1
profile_002580,control,0,1
profile_002581,control,0,1
profile_002582,control,1,1
profile_002583,treatment,1,1
profile_002584,control,1,1
profile_002585,control,0,0
profile_002586,control,1,1
profile_002587,control,1,1
profile_002588,treatment,0,1
profile_002589,control,0,0
profile_002590,control,1,1
profile_002591,treatment,1,1
profile_002592,treatment,0,0
profile_002593,control,1,1
profile_002594,control,0,0
profile_002595,treatment,1,1
profile_002596,control,0,0
profile_002597,treatment,1,1
profile_002598,treatment,1,1
profile_002599,treatment,0,0
profile_002600,control,1,1
profile_002601,control,1,1
profile_002602,treatment,0,0
profile_002603,treatment,0,1
profile_002604,control,1,1
profile_002605,treatment,1,1
profile_002606,control,1,1
profile_002607,treatment,1,1
profile_002608,treatment,1,1
profile_002609,control,0,1
profile_002610,treatment,0,0
profile_002611,treatment,1,1
profile_002612,control,0,1
profile_002613,control,0,0
profile_002614,treatment,1,1
profile_002615,control,0,1
profile_002616,control,0,0
profile_002617,control,1,1
profile_002618,treatment,0,1
profile_002619,control,1,1
profile_002620,control,1,1
profile_002621,control,0,0
profile_002622,control,0,1
profile_002623,treatment,0,1
profile_002624,treatment,0,1
profile_002625,treatment,1,1
profile_002626,treatment,1,1
profile_002627,treatment,1,1
profile_002628,control,0,1
profile_002629,treatment,0,0
profile_002630,control,1,1
profile_002631,treatment,0,1
profile_002632,control,1,1
profile_002633,control,0,1
profile_002634,control,1,1
profile_002635,control,0,0
profile_002636,control,0,1
profile_002637,control,0,0
profile_002638,treatment,1,1
profile_002639,treatment,1,1
profile_002640,control,1,1
profile_002641,control,1,1
profile_002642,treatment,0,1
profile_002643,treatment,1,1
profile_002644,treatment,1,1
profile_002645,treatment,1,1
profile_002646,treatment,1,1
profile_002647,treatment,1,1
profile_002648,control,0,0
profile_002649,control,1,1
profile_002650,treatment,1,1
profile_002651,control,0,1
profile_002652,treatment,1,1
profile_002653,control,0,1
profile_002654,treatment,1,1
profile_002655,treatment,1,1
profile_002656,control,1,1
profile_002657,treatment,0,0
profile_002658,control,1,1
profile_002659,treatment,0,1
profile_002660,treatment,1,1
profile_002661,control,1,1
profile_002662,control,0,0
profile_002663,treatment,1,1
profile_002664,treatment,0,0
profile_002665,control,1,1
profile_002666,control,1,1
profile_002667,control,1,1
profile_002668,control,0,0
profile_002669,treatment,1,1
profile_002670,treatment,0,0
profile_002671,control,0,0
profile_002672,control,1,1
profile_002673,control,0,1
profile_002674,treatment,0,1
profile_002675,treatment,0,0
profile_002676,control,0,0
profile_002677,treatment,1,1
profile_002678,control,0,1
profile_002679,treatment,0,1
profile_002680,control,1,1
profile_002681,control,0,1
profile_002682,treatment,1,1
profile_002683,control,0,1
profile_002684,treatment,0,1
profile_002685,control,0,0
profile_002686,treatment,1,1
profile_002687,treatment,0,1
profile_002688,control,1,1
profile_002689,treatment,0,1
profile_002690,treatment,1,1
profile_002691,treatment,0,0
profile_002692,treatment,1,1
profile_002693,control,0,0
profile_002694,treatment,1,1
profile_002695,control,1,1
profile_002696,treatment,0,1
profile_002697,treatment,0,1
profile_002698,control,1,1
profile_002699,treatment,1,1
profile_002700,treatment,1,1
profile_002701,control,1,1
profile_002702,treatment,1,1
profile_002703,control,0,0
profile_002704,treatment,1,1
profile_002705,control,0,0
profile_002706,treatment,0,0
profile_002707,treatment,0,1
profile_002708,treatment,1,1
profile_002709,control,1,1
profile_002710,control,0,1
profile_002711,control,1,1
profile_002712,control,0,0
profile_002713,treatment,1,1
profile_002714,control,1,1
profile_002715,treatment,1,1
profile_002716,control,0,1
profile_002717,control,1,1
profile_002718,control,1,1
profile_002719,control,0,1
profile_002720,treatment,0,1
profile_002721,control,0,0
profile_002722,control,0,1
profile_002723,treatment,0,1
profile_002724,control,1,1
profile_002725,control,1,1
profile_002726,treatment,1,1
profile_002727,control,0,0
profile_002728,treatment,1,1
profile_002729,treatment,0,1
profile_002730,treatment,0,0
profile_002731,treatment,1,1
profile_002732,control,1,1
profile_002733,control,1,1
profile_002734,control,1,1
profile_002735,treatment,1,1
profile_002736,treatment,1,1
profile_002737,control,0,0
profile_002738,control,0,1
profile_002739,control,1,1
profile_002740,treatment,0,1
profile_002741,treatment,0,1
profile_002742,treatment,1,1
profile_002743,control,0,0
profile_002744,control,0,0
profile_002745,control,0,0
profile_002746,control,0,0
profile_002747,treatment,1,1
profile_002748,control,0,1
profile_002749,treatment,1,1
profile_002750,control,1,1
profile_002751,treatment,1,1
profile_002752,control,1,1
profile_002753,control,1,1
profile_002754,control,1,1
profile_002755,treatment,1,1
profile_002756,control,1,1
profile_002757,treatment,1,1
profile_002758,treatment,1,1
profile_002759,control,1,1
profile_002760,treatment,1,1
profile_002761,control,1,1
profile_002762,treatment,1,1
profile_002763,control,1,1
profile_002764,control,0,1
profile_002765,control,0,0
profile_002766,control,0,1
profile_002767,treatment,0,1
profile_002768,control,1,1
profile_002769,treatment,1,1
profile_002770,control,0,0
profile_002771,treatment,0,0
profile_002772,control,1,1
profile_002773,treatment,0,1
profile_002774,treatment,0,1
profile_002775,treatment,1,1
profile_002776,control,1,1
profile_002777,treatment,1,1
profile_002778,control,1,1
profile_002779,treatment,1,1
profile_002780,control,1,1
profile_002781,control,1,1
profile_002782,treatment,1,1
profile_002783,control,1,1
profile_002784,treatment,0,0
profile_002785,treatment,0,1
profile_002786,treatment,1,1
profile_002787,treatment,0,0
profile_002788,control,1,1
profile_002789,treatment,0,0
profile_002790,treatment,0,1
profile_002791,control,0,0
profile_002792,control,0,1
profile_002793,treatment,0,1
profile_002794,control,0,0
profile_002795,control,1,1
profile_002796,treatment,1,1
profile_002797,treatment,0,0
profile_002798,control,0,1
profile_002799,treatment,1,1
profile_002800,treatment,1,1
profile_002801,control,1,1
profile_002802,control,1,1
profile_002803,control,1,1
profile_002804,control,1,1
profile_002805,control,1,1
profile_002806,treatment,0,0
profile_002807,control,1,1
profile_002808,control,1,1
profile_002809,control,1,1
profile_002810,control,1,1
profile_002811,control,0,1
profile_002812,treatment,1,1
profile_002813,treatment,1,1
profile_002814,treatment,0,1
profile_002815,treatment,1,1
profile_002816,control,1,1
profile_002817,treatment,0,1
profile_002818,treatment,0,0
profile_002819,control,0,1
profile_002820,treatment,1,1
profile_002821,control,1,1
profile_002822,treatment,0,1
profile_002823,control,1,1
profile_002824,control,1,1
profile_002825,control,1,1
profile_002826,control,0,0
profile_002827,treatment,0,1
profile_002828,treatment,0,1
profile_002829,control,1,1
profile_002830,control,1,1
profile_002831,treatment,1,1
profile_002832,control,1,1
profile_002833,control,0,1
profile_002834,control,1,1
profile_002835,control,0,0
profile_002836,treatment,0,0
profile_002837,control,0,1
profile_002838,control,1,1
profile_002839,control,1,1
profile_002840,treatment,0,1
profile_002841,treatment,0,1
profile_002842,control,0,1
profile_002843,control,1,1
profile_002844,treatment,0,1
profile_002845,control,0,1
profile_002846,treatment,1,1
profile_002847,control,1,1
profile_002848,treatment,1,1
profile_002849,control,0,1
profile_002850,control,1,1
profile_002851,treatment,0,0
profile_002852,control,1,1
profile_002853,control,0,1
profile_002854,control,1,1
profile_002855,treatment,1,1
profile_002856,control,1,1
profile_002857,treatment,1,1
profile_002858,control,0,1
profile_002859,control,1,1
profile_002860,treatment,1,1
profile_002861,treatment,1,1
profile_002862,treatment,0,1
profile_002863,control,1,1
profile_002864,control,1,1
profile_002865,control,0,0
profile_002866,treatment,0,0
profile_002867,treatment,0,1
profile_002868,control,1,1
profile_002869,treatment,1,1
profile_002870,control,1,1
profile_002871,control,1,1
profile_002872,control,0,1
profile_002873,control,0,1
profile_002874,control,1,1
profile_002875,treatment,1,1
profile_002876,treatment,0,1
profile_002877,treatment,0,0
profile_002878,treatment,1,1
profile_002879,treatment,0,0
profile_002880,control,1,1
profile_002881,control,1,1
profile_002882,treatment,1,1
profile_002883,treatment,0,0
profile_002884,control,0,1
profile_002885,treatment,0,1
profile_002886,control,1,1
profile_002887,treatment,0,0
profile_002888,treatment,1,1
profile_002889,treatment,1,1
profile_002890,control,1,1
profile_002891,control,0,1
profile_002892,treatment,0,1
profile_002893,control,0,1
profile_002894,control,1,1
profile_002895,control,0,1
profile_002896,treatment,0,0
profile_002897,treatment,1,1
profile_002898,treatment,1,1
profile_002899,treatment,1,1
profile_002900,control,0,1
profile_002901,treatment,0,1
profile_002902,control,1,1
profile_002903,treatment,0,1
profile_002904,treatment,1,1
profile_002905,treatment,0,0
profile_002906,control,1,1
profile_002907,treatment,1,1
profile_002908,control,1,1
profile_002909,treatment,0,1
profile_002910,treatment,0,1
profile_002911,control,0,0
profile_002912,control,1,1
profile_002913,treatment,0,1
profile_002914,treatment,1,1
profile_002915,treatment,1,1
profile_002916,treatment,1,1
profile_002917,treatment,1,1
profile_002918,control,1,1
profile_002919,treatment,1,1
profile_002920,control,1,1
profile_002921,treatment,1,1
profile_002922,control,1,1
profile_002923,treatment,1,1
profile_002924,control,1,1
profile_002925,treatment,1,1
profile_002926,treatment,0,0
profile_002927,treatment,0,1
profile_002928,treatment,1,1
profile_002929,control,1,1
profile_002930,control,1,1
profile_002931,control,1,1
profile_002932,control,1,1
profile_002933,treatment,1,1
profile_002934,treatment,1,1
profile_002935,treatment,0,0
profile_002936,treatment,1,1
profile_002937,treatment,0,0
profile_002938,treatment,0,0
profile_002939,control,1,1
profile_002940,treatment,1,1
profile_002941,treatment,0,0
profile_002942,treatment,0,1
profile_002943,control,0,1
profile_002944,control,0,1
profile_002945,treatment,1,1
profile_002946,treatment,1,1
profile_002947,treatment,0,1
profile_002948,control,0,0
profile_002949,control,1,1
profile_002950,treatment,1,1
profile_002951,treatment,1,1
profile_002952,control,1,1
profile_002953,treatment,0,0
profile_002954,control,1,1
profile_002955,treatment,1,1
profile_002956,control,1,1
profile_002957,treatment,0,0
profile_002958,control,1,1
profile_002959,treatment,0,0
profile_002960,control,1,1
profile_002961,control,1,1
profile_002962,treatment,0,0
profile_002963,treatment,1,1
profile_002964,control,0,1
profile_002965,control,1,1
profile_002966,control,1,1
profile_002967,control,0,0
profile_002968,control,1,1
profile_002969,control,0,1
profile_002970,control,1,1
profile_002971,treatment,0,1
profile_002972,control,0,1
profile_002973,treatment,0,0
profile_002974,control,0,1
profile_002975,control,1,1
profile_002976,treatment,1,1
profile_002977,control,1,1
profile_002978,treatment,0,1
profile_002979,control,0,1
profile_002980,control,1,1
profile_002981,treatment,1,1
profile_002982,treatment,0,1
profile_002983,control,1,1
profile_002984,treatment,1,1
profile_002985,treatment,1,1
profile_002986,treatment,1,1
profile_002987,treatment,1,1
profile_002988,treatment,1,1
profile_002989,treatment,1,1
profile_002990,treatment,1,1
profile_002991,treatment,1,1
profile_002992,treatment,1,1
profile_002993,control,0,1
profile_002994,control,1,1
profile_002995,control,1,1
profile_002996,control,1,1
profile_002997,treatment,1,1
profile_002998,treatment,0,0
profile_002999,control,1,1
profile_003000,control,1,1
profile_003001,control,0,0
profile_003002,treatment,1,1
profile_003003,control,0,1
profile_003004,treatment,1,1
profile_003005,control,1,1
profile_003006,control,1,1
profile_003007,treatment,0,1
profile_003008,control,1,1
profile_003009,control,1,1
profile_003010,control,0,0
profile_003011,control,0,1
profile_003012,treatment,1,1
profile_003013,treatment,1,1
profile_003014,treatment,0,1
profile_003015,treatment,1,1
profile_003016,control,0,0
profile_003017,control,0,0
profile_003018,control,1,1
profile_003019,control,1,1
profile_003020,treatment,1,1
profile_003021,treatment,1,1
profile_003022,treatment,0,1
profile_003023,treatment,1,1
profile_003024,control,0,1
profile_003025,treatment,1,1
profile_003026,treatment,0,0
profile_003027,treatment,0,0
profile_003028,treatment,0,0
profile_003029,control,1,1
profile_003030,control,1,1
profile_003031,treatment,1,1
profile_003032,treatment,1,1
profile_003033,control,1,1
profile_003034,treatment,0,0
profile_003035,treatment,0,1
profile_003036,treatment,1,1
profile_003037,control,0,1
profile_003038,treatment,0,0
profile_003039,control,1,1
profile_003040,treatment,1,1
profile_003041,control,0,1
profile_003042,control,0,1
profile_003043,control,1,1
profile_003044,treatment,0,0
profile_003045,treatment,0,1
profile_003046,treatment,0,0
profile_003047,control,1,1
profile_003048,treatment,0,0
profile_003049,treatment,0,1
profile_003050,control,0,1
profile_003051,treatment,1,1
profile_003052,control,0,1
profile_003053,control,1,1
profile_003054,treatment,0,0
profile_003055,control,1,1
profile_003056,control,1,1
profile_003057,control,1,1
profile_003058,control,1,1
profile_003059,control,1,1
profile_003060,control,0,0
profile_003061,treatment,1,1
profile_003062,treatment,1,1
profile_003063,treatment,0,1
profile_003064,treatment,0,1
profile_003065,treatment,1,1
profile_003066,treatment,1,1
profile_003067,treatment,1,1
profile_003068,control,0,1
profile_003069,treatment,0,0
profile_003070,treatment,0,1
profile_003071,treatment,1,1
profile_003072,control,0,1
profile_003073,treatment,1,1
profile_003074,treatment,1,1
profile_003075,treatment,0,0
profile_003076,control,1,1
profile_003077,treatment,0,1
profile_003078,treatment,1,1
profile_003079,treatment,1,1
profile_003080,control,0,1
profile_003081,control,0,0
profile_003082,control,1,1
profile_003083,treatment,1,1
profile_003084,control,0,0
profile_003085,control,1,1
profile_003086,treatment,1,1
profile_003087,control,1,1
profile_003088,control,1,1
profile_003089,control,0,0
profile_003090,control,1,1
profile_003091,control,0,0
profile_003092,treatment,0,1
profile_003093,treatment,0,1
profile_003094,control,0,1
profile_003095,treatment,0,1
profile_003096,control,0,0
profile_003097,control,1,1
profile_003098,control,1,1
profile_003099,treatment,0,1
profile_003100,control,1,1
profile_003101,control,1,1
profile_003102,treatment,1,1
profile_003103,treatment,0,0
profile_003104,treatment,1,1
profile_003105,treatment,0,1
profile_003106,control,1,1
profile_003107,treatment,0,0
profile_003108,treatment,1,1
profile_003109,treatment,0,1
profile_003110,treatment,1,1
profile_003111,control,0,1
profile_003112,control,1,1
profile_003113,control,1,1
profile_003114,treatment,0,1
profile_003115,treatment,0,0
profile_003116,treatment,1,1
profile_003117,control,0,0
profile_003118,treatment,1,1
profile_003119,treatment,1,1
profile_003120,control,0,1
profile_003121,control,0,0
profile_003122,control,1,1
profile_003123,control,1,1
profile_003124,treatment,1,1
profile_003125,treatment,1,1
profile_003126,treatment,0,0
profile_003127,control,1,1
profile_003128,control,1,1
profile_003129,control,1,1
profile_003130,control,1,1
profile_003131,control,1,1
profile_003132,treatment,1,1
profile_003133,control,1,1
profile_003134,control,0,1
profile_003135,control,1,1
profile_003136,treatment,0,0
profile_003137,treatment,0,0
profile_003138,control,1,1
profile_003139,treatment,0,1
profile_003140,control,1,1
profile_003141,control,1,1
profile_003142,treatment,0,0
profile_003143,control,1,1
profile_003144,treatment,0,0
profile_003145,control,1,1
profile_003146,treatment,1,1
profile_003147,control,0,1
profile_003148,control,1,1
profile_003149,treatment,1,1
profile_003150,treatment,1,1
profile_003151,control,1,1
profile_003152,treatment,0,0
profile_003153,treatment,0,0
profile_003154,control,0,0
profile_003155,treatment,0,0
profile_003156,control,0,1
profile_003157,treatment,1,1
profile_003158,control,1,1
profile_003159,control,1,1
profile_003160,control,1,1
profile_003161,control,1,1
profile_003162,treatment,1,1
profile_003163,treatment,1,1
profile_003164,control,1,1
profile_003165,control,0,0
profile_003166,treatment,1,1
profile_003167,control,1,1
profile_003168,treatment,0,0
profile_003169,control,1,1
profile_003170,control,0,0
profile_003171,treatment,1,1
profile_003172,treatment,1,1
profile_003173,control,1,1
profile_003174,treatment,1,1
profile_003175,control,1,1
profile_003176,control,1,1
profile_003177,treatment,0,0
profile_003178,control,1,1
profile_003179,control,1,1
profile_003180,control,1,1
profile_003181,treatment,0,0
profile_003182,treatment,0,1
profile_003183,treatment,1,1
profile_003184,treatment,0,0
profile_003185,treatment,0,0
profile_003186,control,1,1
profile_003187,treatment,0,1
profile_003188,control,0,0
profile_003189,control,0,1
profile_003190,treatment,0,1
profile_003191,control,0,1
profile_003192,treatment,1,1
profile_003193,control,0,0
profile_003194,control,0,1
profile_003195,control,0,0
profile_003196,control,1,1
profile_003197,control,1,1
profile_003198,treatment,1,1
profile_003199,treatment,0,0
profile_003200,treatment,1,1
profile_003201,treatment,0,0
profile_003202,control,1,1
profile_003203,control,1,1
profile_003204,control,1,1
profile_003205,treatment,1,1
profile_003206,control,0,0
profile_003207,treatment,1,1
profile_003208,treatment,0,0
profile_003209,control,1,1
profile_003210,control,1,1
profile_003211,control,0,0
profile_003212,control,0,1
profile_003213,control,0,0
profile_003214,control,0,1
profile_003215,control,1,1
profile_003216,treatment,1,1
profile_003217,control,0,0
profile_003218,control,0,0
profile_003219,treatment,0,1
profile_003220,treatment,0,1
profile_003221,control,1,1
profile_003222,control,1,1
profile_003223,treatment,1,1
profile_003224,control,1,1
profile_003225,control,1,1
profile_003226,control,1,1
profile_003227,treatment,0,0
profile_003228,control,1,1
profile_003229,treatment,1,1
profile_003230,control,0,0
profile_003231,control,0,0
profile_003232,treatment,0,1
profile_003233,treatment,0,0
profile_003234,treatment,1,1
profile_003235,treatment,0,1
profile_003236,control,1,1
profile_003237,treatment,1,1
profile_003238,treatment,0,1
profile_003239,control,1,1
profile_003240,treatment,0,1
profile_003241,treatment,1,1
profile_003242,control,1,1
profile_003243,control,0,1
profile_003244,control,1,1
profile_003245,treatment,1,1
profile_003246,control,1,1
profile_003247,treatment,1,1
profile_003248,control,1,1
profile_003249,control,0,1
profile_003250,treatment,1,1
profile_003251,control,1,1
profile_003252,control,1,1
profile_003253,control,1,1
profile_003254,control,0,1
profile_003255,control,0,0
profile_003256,control,0,1
profile_003257,control,1,1
profile_003258,treatment,0,1
profile_003259,control,0,0
profile_003260,control,0,0
profile_003261,control,1,1
profile_003262,control,1,1
profile_003263,treatment,0,1
profile_003264,treatment,0,0
profile_003265,control,0,0
profile_003266,control,0,0
profile_003267,control,1,1
profile_003268,control,1,1
profile_003269,treatment,1,1
profile_003270,control,1,1
profile_003271,treatment,1,1
profile_003272,treatment,1,1
profile_003273,treatment,1,1
profile_003274,control,1,1
profile_003275,control,0,1
profile_003276,control,0,1
profile_003277,treatment,0,1
profile_003278,control,1,1
profile_003279,control,1,1
profile_003280,treatment,0,0
profile_003281,control,0,0
profile_003282,treatment,0,0
profile_003283,treatment,0,0
profile_003284,treatment,0,1
profile_003285,treatment,1,1
profile_003286,control,0,1
profile_003287,treatment,0,1
profile_003288,control,0,1
profile_003289,control,0,0
profile_003290,treatment,0,1
profile_003291,control,1,1
profile_003292,control,1,1
profile_003293,treatment,0,0
profile_003294,treatment,0,0
profile_003295,treatment,1,1
profile_003296,control,1,1
profile_003297,treatment,0,1
profile_003298,control,0,1
profile_003299,control,0,1
profile_003300,control,1,1
profile_003301,treatment,0,0
profile_003302,treatment,1,1
profile_003303,treatment,1,1
profile_003304,control,0,0
profile_003305,treatment,1,1
profile_003306,treatment,0,0
profile_003307,control,1,1
profile_003308,control,1,1
profile_003309,treatment,0,1
profile_003310,treatment,1,1
profile_003311,treatment,0,1
profile_003312,treatment,1,1
profile_003313,control,1,1
profile_003314,treatment,0,1
profile_003315,treatment,0,1
profile_003316,control,0,1
profile_003317,treatment,1,1
profile_003318,control,0,1
profile_003319,control,1,1
profile_003320,control,0,1
profile_003321,treatment,1,1
profile_003322,control,1,1
profile_003323,treatment,1,1
profile_003324,control,1,1
profile_003325,control,1,1
profile_003326,treatment,1,1
profile_003327,control,1,1
profile_003328,control,1,1
profile_003329,control,1,1
profile_003330,control,0,1
profile_003331,control,0,0
profile_003332,control,0,0
profile_003333,treatment,1,1
profile_003334,control,1,1
profile_003335,treatment,0,0
profile_003336,treatment,0,0
profile_003337,treatment,0,1
profile_003338,control,1,1
profile_003339,control,1,1
profile_003340,treatment,0,1
profile_003341,control,0,1
profile_003342,treatment,0,1
profile_003343,control,0,0
profile_003344,treatment,0,1
profile_003345,control,0,0
profile_003346,treatment,1,1
profile_003347,control,0,0
profile_003348,treatment,0,0
profile_003349,treatment,1,1
profile_003350,control,1,1
profile_003351,treatment,1,1
profile_003352,treatment,0,1
profile_003353,treatment,0,1
profile_003354,control,0,1
profile_003355,control,0,1
profile_003356,control,0,1
profile_003357,control,0,1
profile_003358,treatment,0,0
profile_003359,treatment,0,0
profile_003360,treatment,0,0
profile_003361,treatment,1,1
profile_003362,control,0,0
profile_003363,control,1,1
profile_003364,control,1,1
profile_003365,control,1,1
profile_003366,treatment,1,1
profile_003367,control,1,1
profile_003368,treatment,0,1
profile_003369,treatment,1,1
profile_003370,treatment,1,1
profile_003371,treatment,1,1
profile_003372,treatment,1,1
profile_003373,control,0,1
profile_003374,control,1,1
profile_003375,control,1,1
profile_003376,control,0,0
profile_003377,control,0,1
profile_003378,treatment,0,1
profile_003379,treatment,1,1
profile_003380,treatment,1,1
profile_003381,control,1,1
profile_003382,treatment,1,1
profile_003383,treatment,1,1
profile_003384,control,1,1
profile_003385,treatment,0,1
profile_003386,control,0,0
profile_003387,treatment,1,1
profile_003388,treatment,1,1
profile_003389,control,0,0
profile_003390,control,1,1
profile_003391,control,0,0
profile_003392,treatment,0,0
profile_003393,control,1,1
profile_003394,treatment,0,1
profile_003395,treatment,1,1
profile_003396,control,1,1
profile_003397,treatment,1,1
profile_003398,control,0,1
profile_003399,control,1,1
profile_003400,treatment,0,1
profile_003401,treatment,0,0
profile_003402,control,0,1
profile_003403,control,1,1
profile_003404,control,0,0
profile_003405,control,0,0
profile_003406,treatment,1,1
profile_003407,treatment,1,1
profile_003408,treatment,0,1
profile_003409,control,1,1
profile_003410,treatment,0,0
profile_003411,treatment,0,1
profile_003412,treatment,1,1
profile_003413,control,1,1
profile_003414,control,1,1
profile_003415,treatment,0,0
profile_003416,control,1,1
profile_003417,control,0,1
profile_003418,treatment,0,1
profile_003419,treatment,1,1
profile_003420,control,1,1
profile_003421,control,0,1
profile_003422,treatment,1,1
profile_003423,control,1,1
profile_003424,control,1,1
profile_003425,control,1,1
profile_003426,control,1,1
profile_003427,treatment,1,1
profile_003428,treatment,1,1
profile_003429,treatment,1,1
profile_003430,control,1,1
profile_003431,treatment,0,1
profile_003432,treatment,1,1
profile_003433,control,1,1
profile_003434,control,0,0
profile_003435,control,0,0
profile_003436,treatment,0,0
profile_003437,treatment,0,1
profile_003438,treatment,1,1
profile_003439,control,1,1
profile_003440,control,0,1
profile_003441,treatment,0,0
profile_003442,control,0,1
profile_003443,control,0,1
profile_003444,treatment,0,1
profile_003445,treatment,0,1
profile_003446,control,1,1
profile_003447,control,0,1
profile_003448,control,1,1
profile_003449,control,1,1
profile_003450,treatment,0,1
profile_003451,treatment,1,1
profile_003452,control,0,0
profile_003453,treatment,1,1
profile_003454,treatment,0,0
profile_003455,treatment,0,1
profile_003456,treatment,0,1
profile_003457,treatment,1,1
profile_003458,treatment,1,1
profile_003459,treatment,0,0
profile_003460,treatment,1,1
profile_003461,control,1,1
profile_003462,treatment,0,0
profile_003463,treatment,0,1
profile_003464,control,1,1
profile_003465,control,1,1
profile_003466,control,1,1
profile_003467,treatment,0,0
profile_003468,treatment,0,0
profile_003469,treatment,0,0
profile_003470,control,1,1
profile_003471,control,0,0
profile_003472,control,1,1
profile_003473,treatment,0,1
profile_003474,control,0,0
profile_003475,treatment,1,1
profile_003476,treatment,0,1
profile_003477,treatment,1,1
profile_003478,control,1,1
profile_003479,treatment,0,1
profile_003480,treatment,1,1
profile_003481,treatment,1,1
profile_003482,treatment,1,1
profile_003483,treatment,0,0
profile_003484,control,1,1
profile_003485,treatment,1,1
profile_003486,treatment,0,1
profile_003487,control,1,1
profile_003488,treatment,0,1
profile_003489,control,1,1
profile_003490,control,1,1
profile_003491,control,1,1
profile_003492,control,0,1
profile_003493,control,1,1
profile_003494,control,1,1
profile_003495,control,0,1
profile_003496,control,1,1
profile_003497,treatment,0,0
profile_003498,control,1,1
profile_003499,treatment,0,0
profile_003500,treatment,1,1
profile_003501,control,1,1
profile_003502,control,1,1
profile_003503,control,1,1
profile_003504,treatment,0,0
profile_003505,treatment,1,1
profile_003506,treatment,1,1
profile_003507,control,0,0
profile_003508,control,0,0
profile_003509,treatment,1,1
profile_003510,control,1,1
profile_003511,control,0,0
profile_003512,control,0,0
profile_003513,control,0,0
profile_003514,treatment,0,1
profile_003515,control,1,1
profile_003516,treatment,0,0
profile_003517,treatment,0,1
profile_003518,control,1,1
profile_003519,control,1,1
profile_003520,treatment,0,1
profile_003521,control,0,1
profile_003522,control,0,1
profile_003523,treatment,1,1
profile_003524,control,0,0
profile_003525,treatment,1,1
profile_003526,control,0,1
profile_003527,control,1,1
profile_003528,treatment,1,1
profile_003529,treatment,1,1
profile_003530,treatment,0,1
profile_003531,treatment,0,0
profile_003532,treatment,1,1
profile_003533,control,1,1
profile_003534,treatment,1,1
profile_003535,treatment,0,0
profile_003536,treatment,0,1
profile_003537,treatment,0,0
profile_003538,treatment,1,1
profile_003539,control,0,0
profile_003540,treatment,1,1
profile_003541,treatment,1,1
profile_003542,control,1,1
profile_003543,control,1,1
profile_003544,treatment,1,1
profile_003545,treatment,1,1
profile_003546,treatment,0,0
profile_003547,treatment,0,0
profile_003548,control,1,1
profile_003549,treatment,1,1
profile_003550,treatment,1,1
profile_003551,control,1,1
profile_003552,control,1,1
profile_003553,control,1,1
profile_003554,control,0,1
profile_003555,treatment,0,1
profile_003556,control,0,0
profile_003557,control,1,1
profile_003558,treatment,0,0
profile_003559,treatment,0,1
profile_003560,treatment,0,1
profile_003561,control,1,1
profile_003562,treatment,0,1
profile_003563,control,0,0
profile_003564,treatment,0,1
profile_003565,control,1,1
profile_003566,treatment,0,1
profile_003567,control,1,1
profile_003568,control,1,1
profile_003569,control,1,1
profile_003570,control,1,1
profile_003571,treatment,1,1
profile_003572,control,0,0
profile_003573,treatment,1,1
profile_003574,control,1,1
profile_003575,control,1,1
profile_003576,control,1,1
profile_003577,treatment,1,1
profile_003578,treatment,1,1
profile_003579,control,0,1
profile_003580,control,1,1
profile_003581,treatment,1,1
profile_003582,treatment,1,1
profile_003583,treatment,0,1
profile_003584,treatment,0,1
profile_003585,treatment,1,1
profile_003586,control,1,1
profile_003587,control,1,1
profile_003588,treatment,1,1
profile_003589,treatment,1,1
profile_003590,treatment,1,1
profile_003591,treatment,1,1
profile_003592,treatment,0,0
profile_003593,treatment,0,0
profile_003594,control,0,0
profile_003595,treatment,1,1
profile_003596,control,1,1
profile_003597,treatment,1,1
profile_003598,treatment,1,1
profile_003599,treatment,0,1
profile_003600,control,0,0
profile_003601,treatment,0,1
profile_003602,control,1,1
profile_003603,control,1,1
profile_003604,control,0,0
profile_003605,treatment,0,1
profile_003606,control,0,1
profile_003607,treatment,1,1
profile_003608,treatment,1,1
profile_003609,treatment,1,1
profile_003610,control,0,1
profile_003611,treatment,1,1
profile_003612,treatment,0,0
profile_003613,control,0,1
profile_003614,treatment,1,1
profile_003615,treatment,0,0
profile_003616,treatment,1,1
profile_003617,treatment,1,1
profile_003618,treatment,0,0
profile_003619,treatment,1,1
profile_003620,treatment,1,1
profile_003621,treatment,1,1
profile_003622,treatment,1,1
profile_003623,control,0,1
profile_003624,control,1,1
profile_003625,treatment,0,0
profile_003626,control,1,1
profile_003627,treatment,1,1
profile_003628,treatment,0,0
profile_003629,control,1,1
profile_003630,control,1,1
profile_003631,control,0,1
profile_003632,control,0,0
profile_003633,control,1,1
profile_003634,control,0,1
profile_003635,treatment,0,0
profile_003636,treatment,1,1
profile_003637,control,0,0
profile_003638,control,0,0
profile_003639,treatment,0,0
profile_003640,treatment,1,1
profile_003641,treatment,0,0
profile_003642,treatment,1,1
profile_003643,control,0,1
profile_003644,treatment,1,1
profile_003645,control,1,1
profile_003646,control,0,0
profile_003647,treatment,1,1
profile_003648,treatment,0,1
profile_003649,treatment,0,1
profile_003650,control,1,1
profile_003651,control,1,1
profile_003652,treatment,1,1
profile_003653,control,1,1
profile_003654,control,1,1
profile_003655,treatment,1,1
profile_003656,control,1,1
profile_003657,control,1,1
profile_003658,treatment,1,1
profile_003659,treatment,0,1
profile_003660,treatment,1,1
profile_003661,treatment,0,0
profile_003662,treatment,1,1
profile_003663,treatment,1,1
profile_003664,treatment,1,1
profile_003665,control,1,1
profile_003666,treatment,0,0
profile_003667,control,1,1
profile_003668,control,0,1
profile_003669,control,1,1
profile_003670,control,1,1
profile_003671,control,0,1
profile_003672,control,1,1
profile_003673,treatment,1,1
profile_003674,treatment,0,1
profile_003675,control,0,1
profile_003676,control,0,1
profile_003677,treatment,1,1
profile_003678,treatment,0,1
profile_003679,treatment,0,1
profile_003680,treatment,1,1
profile_003681,treatment,0,0
profile_003682,control,1,1
profile_003683,treatment,1,1
profile_003684,control,1,1
profile_003685,control,1,1
profile_003686,control,1,1
profile_003687,treatment,0,1
profile_003688,treatment,0,1
profile_003689,control,0,0
profile_003690,treatment,1,1
profile_003691,treatment,0,1
profile_003692,treatment,0,1
profile_003693,treatment,0,0
profile_003694,treatment,0,1
profile_003695,control,1,1
profile_003696,treatment,1,1
profile_003697,control,1,1
profile_003698,control,1,1
profile_003699,treatment,0,1
profile_003700,treatment,0,1
profile_003701,control,1,1
profile_003702,control,0,1
profile_003703,treatment,0,1
profile_003704,control,1,1
profile_003705,treatment,1,1
profile_003706,control,1,1
profile_003707,control,0,0
profile_003708,treatment,1,1
profile_003709,control,1,1
profile_003710,control,1,1
profile_003711,control,0,1
profile_003712,control,1,1
profile_003713,treatment,0,0
profile_003714,control,0,1
profile_003715,control,1,1
profile_003716,control,1,1
profile_003717,control,0,1
profile_003718,treatment,0,0
profile_003719,control,1,1
profile_003720,treatment,1,1
profile_003721,control,1,1
profile_003722,treatment,1,1
profile_003723,control,1,1
profile_003724,treatment,1,1
profile_003725,treatment,0,1
profile_003726,treatment,0,0
profile_003727,control,0,0
profile_003728,control,1,1
profile_003729,treatment,1,1
profile_003730,treatment,1,1
profile_003731,control,1,1
profile_003732,control,1,1
profile_003733,treatment,1,1
profile_003734,control,0,0
profile_003735,control,1,1
profile_003736,control,1,1
profile_003737,treatment,1,1
profile_003738,control,0,1
profile_003739,control,1,1
profile_003740,control,1,1
profile_003741,control,1,1
profile_003742,treatment,0,0
profile_003743,treatment,1,1
profile_003744,control,1,1
profile_003745,control,1,1
profile_003746,control,0,0
profile_003747,control,1,1
profile_003748,control,1,1
profile_003749,control,1,1
profile_003750,control,1,1
profile_003751,control,1,1
profile_003752,control,1,1
profile_003753,control,1,1
profile_003754,treatment,1,1
profile_003755,treatment,0,1
profile_003756,control,1,1
profile_003757,treatment,1,1
profile_003758,treatment,1,1
profile_003759,treatment,0,1
profile_003760,treatment,1,1
profile_003761,control,1,1
profile_003762,control,1,1
profile_003763,treatment,0,1
profile_003764,treatment,0,0
profile_003765,treatment,0,1
profile_003766,treatment,1,1
profile_003767,control,1,1
profile_003768,control,1,1
profile_003769,control,1,1
profile_003770,control,1,1
profile_003771,control,1,1
profile_003772,control,0,1
profile_003773,treatment,1,1
profile_003774,treatment,1,1
profile_003775,control,1,1
profile_003776,control,0,0
profile_003777,control,1,1
profile_003778,treatment,0,1
profile_003779,control,0,0
profile_003780,treatment,1,1
profile_003781,control,1,1
profile_003782,treatment,0,0
profile_003783,treatment,1,1
profile_003784,control,0,0
profile_003785,treatment,0,1
profile_003786,treatment,1,1
profile_003787,treatment,1,1
profile_003788,treatment,1,1
profile_003789,treatment,1,1
profile_003790,treatment,1,1
profile_003791,control,1,1
profile_003792,control,1,1
profile_003793,control,1,1
profile_003794,treatment,1,1
profile_003795,treatment,0,1
profile_003796,treatment,0,0
profile_003797,control,0,1
profile_003798,treatment,1,1
profile_003799,treatment,1,1
profile_003800,treatment,1,1
profile_003801,control,0,0
profile_003802,treatment,1,1
profile_003803,treatment,0,1
profile_003804,treatment,0,0
profile_003805,control,1,1
profile_003806,treatment,1,1
profile_003807,control,1,1
profile_003808,treatment,1,1
profile_003809,treatment,1,1
profile_003810,treatment,0,0
profile_003811,control,0,0
profile_003812,treatment,0,1
profile_003813,treatment,0,1
profile_003814,control,1,1
profile_003815,treatment,0,1
profile_003816,control,1,1
profile_003817,treatment,0,1
profile_003818,treatment,1,1
profile_003819,treatment,0,1
profile_003820,treatment,0,1
profile_003821,treatment,1,1
profile_003822,treatment,0,0
profile_003823,treatment,1,1
profile_003824,treatment,0,1
profile_003825,control,0,0
profile_003826,treatment,0,0
profile_003827,control,1,1
profile_003828,treatment,1,1
profile_003829,treatment,0,0
profile_003830,control,1,1
profile_003831,control,1,1
profile_003832,treatment,0,0
profile_003833,control,1,1
profile_003834,treatment,0,0
profile_003835,control,0,0
profile_003836,treatment,0,1
profile_003837,treatment,1,1
profile_003838,control,1,1
profile_003839,control,0,1
profile_003840,treatment,0,1
profile_003841,control,0,0
profile_003842,treatment,1,1
profile_003843,treatment,0,1
profile_003844,treatment,1,1
profile_003845,treatment,1,1
profile_003846,treatment,0,0
profile_003847,treatment,1,1
profile_003848,treatment,0,0
profile_003849,treatment,1,1
profile_003850,control,1,1
profile_003851,treatment,1,1
profile_003852,control,0,1
profile_003853,treatment,0,1
profile_003854,treatment,0,1
profile_003855,treatment,0,0
profile_003856,control,0,0
profile_003857,control,0,0
profile_003858,control,1,1
profile_003859,control,0,1
profile_003860,control,1,1
profile_003861,control,1,1
profile_003862,treatment,1,1
profile_003863,control,1,1
profile_003864,treatment,0,1
profile_003865,treatment,0,1
profile_003866,treatment,1,1
profile_003867,treatment,1,1
profile_003868,treatment,0,1
profile_003869,treatment,1,1
profile_003870,control,0,1
profile_003871,treatment,0,0
profile_003872,treatment,0,0
profile_003873,treatment,0,1
profile_003874,treatment,1,1
profile_003875,control,0,1
profile_003876,control,0,1
profile_003877,treatment,1,1
profile_003878,control,0,1
profile_003879,control,0,0
profile_003880,control,1,1
profile_003881,control,1,1
profile_003882,control,1,1
profile_003883,treatment,1,1
profile_003884,treatment,1,1
profile_003885,control,1,1
profile_003886,control,1,1
profile_003887,treatment,0,0
profile_003888,control,1,1
profile_003889,control,0,0
profile_003890,control,1,1
profile_003891,control,1,1
profile_003892,treatment,0,1
profile_003893,treatment,0,1
profile_003894,control,0,1
profile_003895,control,0,1
profile_003896,treatment,1,1
profile_003897,treatment,1,1
profile_003898,control,1,1
profile_003899,control,0,1
profile_003900,treatment,0,1
profile_003901,treatment,1,1
profile_003902,control,1,1
profile_003903,treatment,1,1
profile_003904,treatment,0,0
profile_003905,control,1,1
profile_003906,control,1,1
profile_003907,treatment,0,0
profile_003908,control,1,1
profile_003909,control,1,1
profile_003910,control,0,1
profile_003911,treatment,0,1
profile_003912,treatment,1,1
profile_003913,control,0,1
profile_003914,control,0,1
profile_003915,control,1,1
profile_003916,treatment,0,1
profile_003917,treatment,1,1
profile_003918,treatment,1,1
profile_003919,treatment,1,1
profile_003920,control,1,1
profile_003921,control,0,0
profile_003922,treatment,0,1
profile_003923,treatment,0,1
profile_003924,control,1,1
profile_003925,control,1,1
profile_003926,treatment,1,1
profile_003927,treatment,1,1
profile_003928,treatment,1,1
profile_003929,treatment,1,1
profile_003930,treatment,0,0
profile_003931,treatment,1,1
profile_003932,treatment,1,1
profile_003933,treatment,0,0
profile_003934,control,1,1
profile_003935,control,0,1
profile_003936,treatment,0,1
profile_003937,treatment,1,1
profile_003938,control,0,1
profile_003939,treatment,1,1
profile_003940,control,1,1
profile_003941,treatment,0,0
profile_003942,treatment,0,1
profile_003943,control,1,1
profile_003944,control,1,1
profile_003945,control,0,1
profile_003946,control,0,0
profile_003947,control,1,1
profile_003948,treatment,1,1
profile_003949,treatment,1,1
profile_003950,treatment,0,0
profile_003951,control,1,1
profile_003952,control,0,0
profile_003953,control,0,0
profile_003954,control,0,0
profile_003955,control,1,1
profile_003956,treatment,1,1
profile_003957,control,1,1
profile_003958,treatment,0,1
profile_003959,treatment,1,1
profile_003960,treatment,0,0
profile_003961,control,0,1
profile_003962,control,1,1
profile_003963,control,0,0
profile_003964,treatment,1,1
profile_003965,control,1,1
profile_003966,control,1,1
profile_003967,treatment,0,0
profile_003968,treatment,1,1
profile_003969,control,1,1
profile_003970,treatment,0,0
profile_003971,control,1,1
profile_003972,control,0,1
profile_003973,control,0,1
profile_003974,treatment,1,1
profile_003975,treatment,1,1
profile_003976,treatment,1,1
profile_003977,control,1,1
profile_003978,control,0,1
profile_003979,treatment,0,1
profile_003980,treatment,1,1
profile_003981,treatment,1,1
profile_003982,control,1,1
profile_003983,treatment,1,1
profile_003984,control,0,0
profile_003985,treatment,1,1
profile_003986,control,1,1
profile_003987,control,1,1
profile_003988,treatment,1,1
profile_003989,control,1,1
profile_003990,control,1,1
profile_003991,control,0,0
profile_003992,control,1,1
profile_003993,treatment,0,1
profile_003994,control,1,1
profile_003995,control,1,1
profile_003996,control,1,1
profile_003997,control,1,1
profile_003998,control,1,1
profile_003999,control,0,1
profile_004000,treatment,0,0
profile_004001,treatment,0,1
profile_004002,control,1,1
profile_004003,control,1,1
profile_004004,treatment,0,1
profile_004005,control,1,1
profile_004006,treatment,0,0
profile_004007,control,1,1
profile_004008,treatment,0,1
profile_004009,control,1,1
profile_004010,control,1,1
profile_004011,control,0,0
profile_004012,control,0,0
profile_004013,treatment,0,0
profile_004014,control,0,1
profile_004015,treatment,1,1
profile_004016,control,0,0
profile_004017,control,1,1
profile_004018,treatment,1,1
profile_004019,treatment,1,1
profile_004020,treatment,1,1
profile_004021,control,0,1
profile_004022,treatment,1,1
profile_004023,treatment,0,0
profile_004024,treatment,1,1
profile_004025,treatment,0,0
profile_004026,treatment,0,0
profile_004027,treatment,0,1
profile_004028,control,0,0
profile_004029,treatment,1,1
profile_004030,control,0,1
profile_004031,treatment,0,0
profile_004032,treatment,0,1
profile_004033,treatment,1,1
profile_004034,control,1,1
profile_004035,treatment,0,0
profile_004036,control,1,1
profile_004037,control,0,1
profile_004038,treatment,0,0
profile_004039,control,0,0
profile_004040,treatment,0,1
profile_004041,control,0,0
profile_004042,control,0,1
profile_004043,treatment,0,1
profile_004044,treatment,0,0
profile_004045,control,0,0
profile_004046,control,0,1
profile_004047,control,1,1
profile_004048,control,0,1
profile_004049,treatment,0,0
profile_004050,control,0,0
profile_004051,treatment,1,1
profile_004052,treatment,1,1
profile_004053,treatment,0,0
profile_004054,control,1,1
profile_004055,control,0,0
profile_004056,control,1,1
profile_004057,control,1,1
profile_004058,control,1,1
profile_004059,treatment,0,1
profile_004060,control,0,0
profile_004061,control,0,0
profile_004062,treatment,1,1
profile_004063,control,0,1
profile_004064,treatment,0,1
profile_004065,treatment,1,1
profile_004066,control,0,1
profile_004067,control,1,1
profile_004068,treatment,1,1
profile_004069,control,0,1
profile_004070,treatment,0,1
profile_004071,control,0,1
profile_004072,control,1,1
profile_004073,treatment,1,1
profile_004074,control,1,1
profile_004075,control,0,0
profile_004076,control,1,1
profile_004077,control,1,1
profile_004078,control,1,1
profile_004079,treatment,1,1
profile_004080,treatment,1,1
profile_004081,control,0,0
profile_004082,treatment,0,1
profile_004083,treatment,1,1
profile_004084,treatment,0,1
profile_004085,control,0,0
profile_004086,control,1,1
profile_004087,control,0,0
profile_004088,control,0,1
profile_004089,treatment,0,0
profile_004090,control,1,1
profile_004091,control,0,1
profile_004092,treatment,1,1
profile_004093,control,0,0
profile_004094,control,1,1
profile_004095,treatment,1,1
profile_004096,treatment,1,1
profile_004097,treatment,1,1
profile_004098,control,1,1
profile_004099,treatment,0,1
profile_004100,control,0,1
profile_004101,control,1,1
profile_004102,control,0,0
profile_004103,control,1,1
profile_004104,treatment,0,1
profile_004105,control,1,1
profile_004106,control,1,1
profile_004107,treatment,0,0
profile_004108,control,1,1
profile_004109,control,1,1
profile_004110,treatment,0,0
profile_004111,treatment,0,1
profile_004112,control,1,1
profile_004113,control,1,1
profile_004114,control,1,1
profile_004115,treatment,0,0
profile_004116,control,1,1
profile_004117,control,0,1
profile_004118,treatment,0,1
profile_004119,treatment,1,1
profile_004120,treatment,1,1
profile_004121,treatment,1,1
profile_004122,treatment,0,0
profile_004123,control,0,1
profile_004124,treatment,1,1
profile_004125,control,1,1
profile_004126,control,1,1
profile_004127,control,1,1
profile_004128,control,0,1
profile_004129,control,1,1
profile_004130,control,0,1
profile_004131,control,0,1
profile_004132,treatment,1,1
profile_004133,treatment,0,0
profile_004134,treatment,1,1
profile_004135,treatment,0,0
profile_004136,control,0,1
profile_004137,treatment,0,0
profile_004138,treatment,0,1
profile_004139,control,0,1
profile_004140,control,0,0
profile_004141,treatment,1,1
profile_004142,control,0,1
profile_004143,control,1,1
profile_004144,control,0,1
profile_004145,treatment,0,0
profile_004146,treatment,1,1
profile_004147,control,1,1
profile_004148,control,1,1
profile_004149,treatment,1,1
profile_004150,treatment,0,0
profile_004151,treatment,0,0
profile_004152,control,0,1
profile_004153,treatment,1,1
profile_004154,control,0,0
profile_004155,control,1,1
profile_004156,control,1,1
profile_004157,control,1,1
profile_004158,treatment,0,0
profile_004159,control,1,1
profile_004160,control,1,1
profile_004161,control,1,1
profile_004162,control,1,1
profile_004163,control,1,1
profile_004164,control,1,1
profile_004165,treatment,1,1
profile_004166,treatment,1,1
profile_004167,treatment,0,1
profile_004168,control,0,1
profile_004169,control,0,1
profile_004170,treatment,1,1
profile_004171,control,1,1
profile_004172,treatment,0,1
profile_004173,control,1,1
profile_004174,control,1,1
profile_004175,treatment,1,1
profile_004176,treatment,1,1
profile_004177,control,0,1
profile_004178,control,1,1
profile_004179,control,1,1
profile_004180,control,1,1
profile_004181,treatment,1,1
profile_004182,treatment,0,1
profile_004183,control,1,1
profile_004184,treatment,0,0
profile_004185,treatment,1,1
profile_004186,control,1,1
profile_004187,treatment,1,1
profile_004188,treatment,1,1
profile_004189,treatment,1,1
profile_004190,control,1,1
profile_004191,control,0,0
profile_004192,control,1,1
profile_004193,treatment,0,0
profile_004194,control,1,1
profile_004195,treatment,1,1
profile_004196,control,1,1
profile_004197,control,1,1
profile_004198,treatment,0,0
profile_004199,treatment,1,1
profile_004200,treatment,0,1
profile_004201,control,0,1
profile_004202,treatment,1,1
profile_004203,treatment,1,1
profile_004204,treatment,1,1
profile_004205,control,1,1
profile_004206,control,1,1
profile_004207,control,0,0
profile_004208,control,0,1
profile_004209,treatment,1,1
profile_004210,treatment,0,1
profile_004211,treatment,0,0
profile_004212,treatment,0,0
profile_004213,treatment,0,0
profile_004214,control,0,1
profile_004215,treatment,0,1
profile_004216,treatment,0,0
profile_004217,control,0,0
profile_004218,control,0,0
profile_004219,treatment,1,1
profile_004220,treatment,0,1
profile_004221,treatment,0,0
profile_004222,treatment,0,0
profile_004223,treatment,0,1
profile_004224,treatment,1,1
profile_004225,control,1,1
profile_004226,control,0,1
profile_004227,control,1,1
profile_004228,control,1,1
profile_004229,treatment,0,0
profile_004230,control,1,1
profile_004231,control,0,0
profile_004232,treatment,0,1
profile_004233,control,1,1
profile_004234,treatment,1,1
profile_004235,treatment,0,1
profile_004236,treatment,0,0
profile_004237,treatment,1,1
profile_004238,treatment,1,1
profile_004239,treatment,1,1
profile_004240,control,1,1
profile_004241,treatment,0,1
profile_004242,treatment,1,1
profile_004243,treatment,0,0
profile_004244,treatment,1,1
profile_004245,treatment,0,1
profile_004246,control,1,1
profile_004247,treatment,0,0
profile_004248,treatment,0,0
profile_004249,treatment,0,0
profile_004250,treatment,1,1
profile_004251,treatment,0,1
profile_004252,treatment,1,1
profile_004253,control,1,1
profile_004254,control,1,1
profile_004255,treatment,0,1
profile_004256,treatment,1,1
profile_004257,treatment,1,1
profile_004258,treatment,0,1
profile_004259,treatment,1,1
profile_004260,control,0,1
profile_004261,treatment,0,1
profile_004262,treatment,0,0
profile_004263,control,1,1
profile_004264,control,0,1
profile_004265,treatment,0,1
profile_004266,control,1,1
profile_004267,control,1,1
profile_004268,control,1,1
profile_004269,control,1,1
profile_004270,treatment,0,1
profile_004271,control,0,1
profile_004272,treatment,1,1
profile_004273,treatment,0,1
profile_004274,control,1,1
profile_004275,treatment,1,1
profile_004276,control,1,1
profile_004277,treatment,0,1
profile_004278,treatment,1,1
profile_004279,treatment,0,1
profile_004280,control,1,1
profile_004281,control,1,1
profile_004282,control,0,1
profile_004283,treatment,1,1
profile_004284,control,1,1
profile_004285,treatment,0,0
profile_004286,control,0,1
profile_004287,treatment,0,0
profile_004288,treatment,1,1
profile_004289,control,1,1
profile_004290,control,1,1
profile_004291,control,0,1
profile_004292,control,0,0
profile_004293,control,1,1
profile_004294,treatment,1,1
profile_004295,control,0,1
profile_004296,control,1,1
profile_004297,control,1,1
profile_004298,control,0,0
profile_004299,control,1,1
profile_004300,treatment,1,1
profile_004301,control,1,1
profile_004302,treatment,1,1
profile_004303,treatment,0,0
profile_004304,control,1,1
profile_004305,control,0,1
profile_004306,treatment,0,1
profile_004307,control,0,1
profile_004308,control,1,1
profile_004309,control,0,0
profile_004310,treatment,1,1
profile_004311,control,0,1
profile_004312,control,0,1
profile_004313,control,0,1
profile_004314,treatment,1,1
profile_004315,control,1,1
profile_004316,control,0,0
profile_004317,control,1,1
profile_004318,treatment,1,1
profile_004319,treatment,0,1
profile_004320,control,1,1
profile_004321,treatment,1,1
profile_004322,treatment,0,0
profile_004323,treatment,0,1
profile_004324,treatment,1,1
profile_004325,treatment,1,1
profile_004326,control,0,1
profile_004327,control,1,1
profile_004328,treatment,1,1
profile_004329,treatment,1,1
profile_004330,control,1,1
profile_004331,treatment,1,1
profile_004332,control,1,1
profile_004333,control,1,1
profile_004334,control,0,1
profile_004335,treatment,1,1
profile_004336,control,0,0
profile_004337,treatment,1,1
profile_004338,treatment,0,1
profile_004339,treatment,0,1
profile_004340,treatment,0,1
profile_004341,treatment,1,1
profile_004342,control,1,1
profile_004343,control,1,1
profile_004344,control,0,0
profile_004345,control,0,0
profile_004346,control,0,0
profile_004347,treatment,1,1
profile_004348,treatment,0,0
profile_004349,control,0,1
profile_004350,control,1,1
profile_004351,control,1,1
profile_004352,control,1,1
profile_004353,treatment,1,1
profile_004354,control,0,0
profile_004355,control,0,1
profile_004356,treatment,0,1
profile_004357,treatment,1,1
profile_004358,control,0,0
profile_004359,treatment,0,0
profile_004360,treatment,1,1
profile_004361,treatment,1,1
profile_004362,treatment,1,1
profile_004363,control,0,1
profile_004364,treatment,0,1
profile_004365,control,0,0
profile_004366,control,1,1
profile_004367,control,1,1
profile_004368,treatment,0,1
profile_004369,control,0,0
profile_004370,treatment,0,1
profile_004371,treatment,0,1
profile_004372,control,1,1
profile_004373,treatment,1,1
profile_004374,treatment,0,0
profile_004375,control,1,1
profile_004376,control,0,1
profile_004377,control,0,1
profile_004378,control,0,1
profile_004379,treatment,1,1
profile_004380,treatment,1,1
profile_004381,treatment,1,1
profile_004382,treatment,0,0
profile_004383,control,0,1
profile_004384,treatment,0,0
profile_004385,control,0,0
profile_004386,control,1,1
profile_004387,control,0,1
profile_004388,treatment,1,1
profile_004389,control,1,1
profile_004390,control,1,1
profile_004391,control,1,1
profile_004392,treatment,0,0
profile_004393,treatment,0,0
profile_004394,treatment,1,1
profile_004395,treatment,1,1
profile_004396,control,0,1
profile_004397,control,1,1
profile_004398,treatment,0,1
profile_004399,control,0,1
profile_004400,treatment,1,1
profile_004401,treatment,1,1
profile_004402,treatment,1,1
profile_004403,control,0,1
profile_004404,control,0,0
profile_004405,treatment,1,1
profile_004406,control,0,1
profile_004407,treatment,1,1
profile_004408,treatment,1,1
profile_004409,control,0,1
profile_004410,treatment,0,1
profile_004411,treatment,0,0
profile_004412,treatment,0,1
profile_004413,treatment,1,1
profile_004414,treatment,0,0
profile_004415,control,1,1
profile_004416,treatment,0,0
profile_004417,control,1,1
profile_004418,treatment,1,1
profile_004419,treatment,0,1
profile_004420,treatment,0,1
profile_004421,control,1,1
profile_004422,treatment,1,1
profile_004423,control,0,0
profile_004424,control,1,1
profile_004425,control,1,1
profile_004426,treatment,1,1
profile_004427,control,1,1
profile_004428,treatment,0,1
profile_004429,control,1,1
profile_004430,control,1,1
profile_004431,control,1,1
profile_004432,control,1,1
profile_004433,control,0,0
profile_004434,control,0,1
profile_004435,control,1,1
profile_004436,treatment,0,0
profile_004437,treatment,1,1
profile_004438,treatment,1,1
profile_004439,control,0,0
profile_004440,control,1,1
profile_004441,treatment,1,1
profile_004442,treatment,0,1
profile_004443,treatment,0,1
profile_004444,treatment,1,1
profile_004445,control,1,1
profile_004446,treatment,0,0
profile_004447,treatment,1,1
profile_004448,control,0,0
profile_004449,control,1,1
profile_004450,treatment,0,0
profile_004451,treatment,0,1
profile_004452,control,0,1
profile_004453,treatment,0,1
profile_004454,control,1,1
profile_004455,treatment,1,1
profile_004456,control,0,0
profile_004457,control,0,1
profile_004458,control,0,1
profile_004459,treatment,0,1
profile_004460,control,0,0
profile_004461,treatment,0,0
profile_004462,control,0,0
profile_004463,control,1,1
profile_004464,control,1,1
profile_004465,control,0,1
profile_004466,control,1,1
profile_004467,treatment,0,1
profile_004468,control,0,0
profile_004469,control,1,1
profile_004470,control,1,1
profile_004471,treatment,1,1
profile_004472,control,0,0
profile_004473,control,1,1
profile_004474,treatment,1,1
profile_004475,treatment,0,0
profile_004476,treatment,0,0
profile_004477,control,1,1
profile_004478,treatment,1,1
profile_004479,control,0,0
profile_004480,control,0,1
profile_004481,control,0,1
profile_004482,treatment,1,1
profile_004483,control,1,1
profile_004484,control,1,1
profile_004485,treatment,1,1
profile_004486,control,1,1
profile_004487,control,1,1
profile_004488,control,1,1
profile_004489,control,1,1
profile_004490,control,0,1
profile_004491,control,0,0
profile_004492,control,1,1
profile_004493,control,0,1
profile_004494,treatment,1,1
profile_004495,control,1,1
profile_004496,treatment,0,1
profile_004497,control,1,1
profile_004498,treatment,1,1
profile_004499,treatment,1,1
profile_004500,treatment,1,1
profile_004501,treatment,0,0
profile_004502,treatment,1,1
profile_004503,treatment,1,1
profile_004504,control,0,1
profile_004505,treatment,0,1
profile_004506,treatment,0,0
profile_004507,control,0,0
profile_004508,treatment,0,0
profile_004509,control,1,1
profile_004510,treatment,0,1
profile_004511,treatment,0,1
profile_004512,control,0,1
profile_004513,control,1,1
profile_004514,treatment,1,1
profile_004515,control,1,1
profile_004516,control,0,1
profile_004517,treatment,1,1
profile_004518,control,1,1
profile_004519,treatment,0,1
profile_004520,control,1,1
profile_004521,treatment,1,1
profile_004522,treatment,0,0
profile_004523,treatment,1,1
profile_004524,control,0,1
profile_004525,treatment,0,1
profile_004526,control,1,1
profile_004527,treatment,1,1
profile_004528,control,0,1
profile_004529,treatment,0,1
profile_004530,control,0,0
profile_004531,treatment,0,0
profile_004532,treatment,0,1
profile_004533,treatment,1,1
profile_004534,control,1,1
profile_004535,treatment,1,1
profile_004536,treatment,1,1
profile_004537,treatment,1,1
profile_004538,control,1,1
profile_004539,treatment,0,0
profile_004540,control,1,1
profile_004541,control,1,1
profile_004542,treatment,1,1
profile_004543,treatment,1,1
profile_004544,treatment,1,1
profile_004545,treatment,0,0
profile_004546,control,0,1
profile_004547,treatment,0,1
profile_004548,control,1,1
profile_004549,control,1,1
profile_004550,treatment,0,1
profile_004551,control,1,1
profile_004552,control,0,0
profile_004553,control,0,1
profile_004554,treatment,0,1
profile_004555,treatment,0,1
profile_004556,control,1,1
profile_004557,treatment,1,1
profile_004558,control,1,1
profile_004559,control,0,1
profile_004560,treatment,0,1
profile_004561,treatment,1,1
profile_004562,control,0,1
profile_004563,control,1,1
profile_004564,control,1,1
profile_004565,control,1,1
profile_004566,treatment,1,1
profile_004567,treatment,0,0
profile_004568,control,1,1
profile_004569,control,0,1
profile_004570,control,1,1
profile_004571,control,0,1
profile_004572,treatment,0,0
profile_004573,treatment,0,0
profile_004574,control,0,1
profile_004575,control,0,0
profile_004576,control,1,1
profile_004577,control,1,1
profile_004578,treatment,1,1
profile_004579,treatment,1,1
profile_004580,treatment,0,0
profile_004581,treatment,1,1
profile_004582,treatment,1,1
profile_004583,treatment,1,1
profile_004584,control,1,1
profile_004585,control,1,1
profile_004586,control,0,1
profile_004587,treatment,1,1
profile_004588,treatment,1,1
profile_004589,treatment,0,0
profile_004590,control,0,1
profile_004591,treatment,1,1
profile_004592,treatment,1,1
profile_004593,control,1,1
profile_004594,treatment,0,0
profile_004595,treatment,0,1
profile_004596,control,0,0
profile_004597,control,0,1
profile_004598,treatment,0,1
profile_004599,control,0,0
profile_004600,treatment,0,1
profile_004601,treatment,1,1
profile_004602,treatment,0,1
profile_004603,control,0,0
profile_004604,treatment,1,1
profile_004605,treatment,1,1
profile_004606,treatment,0,0
profile_004607,treatment,0,1
profile_004608,treatment,1,1
profile_004609,treatment,1,1
profile_004610,treatment,1,1
profile_004611,control,0,0
profile_004612,control,1,1
profile_004613,control,1,1
profile_004614,control,1,1
profile_004615,control,1,1
profile_004616,control,1,1
profile_004617,treatment,1,1
profile_004618,control,1,1
profile_004619,treatment,1,1
profile_004620,control,0,0
profile_004621,control,1,1
profile_004622,control,1,1
profile_004623,control,0,0
profile_004624,treatment,0,0
profile_004625,control,1,1
profile_004626,treatment,1,1
profile_004627,treatment,1,1
profile_004628,control,0,1
profile_004629,control,1,1
profile_004630,treatment,1,1
profile_004631,treatment,1,1
profile_004632,control,1,1
profile_004633,treatment,0,0
profile_004634,control,0,1
profile_004635,control,1,1
profile_004636,treatment,1,1
profile_004637,treatment,0,1
profile_004638,control,0,1
profile_004639,control,1,1
profile_004640,treatment,0,0
profile_004641,treatment,1,1
profile_004642,treatment,1,1
profile_004643,control,0,1
profile_004644,treatment,0,0
profile_004645,control,1,1
profile_004646,treatment,0,0
profile_004647,treatment,0,0
profile_004648,control,1,1
profile_004649,control,1,1
profile_004650,control,1,1
profile_004651,treatment,1,1
profile_004652,treatment,0,0
profile_004653,treatment,1,1
profile_004654,treatment,0,0
profile_004655,treatment,0,0
profile_004656,control,0,1
profile_004657,treatment,1,1
profile_004658,treatment,1,1
profile_004659,treatment,1,1
profile_004660,treatment,1,1
profile_004661,treatment,0,1
profile_004662,control,1,1
profile_004663,control,1,1
profile_004664,control,0,1
profile_004665,treatment,1,1
profile_004666,control,0,1
profile_004667,control,0,1
profile_004668,treatment,1,1
profile_004669,control,1,1
profile_004670,treatment,1,1
profile_004671,treatment,0,0
profile_004672,control,0,1
profile_004673,treatment,1,1
profile_004674,control,1,1
profile_004675,treatment,0,0
profile_004676,treatment,0,0
profile_004677,control,0,0
profile_004678,control,1,1
profile_004679,treatment,1,1
profile_004680,control,0,0
profile_004681,control,1,1
profile_004682,treatment,1,1
profile_004683,treatment,1,1
profile_004684,control,0,1
profile_004685,treatment,1,1
profile_004686,control,1,1
profile_004687,control,0,1
profile_004688,treatment,0,1
profile_004689,control,0,0
profile_004690,treatment,1,1
profile_004691,treatment,1,1
profile_004692,treatment,1,1
profile_004693,treatment,1,1
profile_004694,treatment,0,0
profile_004695,control,0,1
profile_004696,treatment,0,0
profile_004697,control,1,1
profile_004698,treatment,0,0
profile_004699,treatment,0,1
profile_004700,control,1,1
profile_004701,treatment,0,0
profile_004702,control,1,1
profile_004703,control,0,0
profile_004704,control,1,1
profile_004705,treatment,0,1
profile_004706,control,1,1
profile_004707,control,0,1
profile_004708,treatment,1,1
profile_004709,treatment,0,0
profile_004710,treatment,0,0
profile_004711,control,1,1
profile_004712,control,1,1
profile_004713,control,1,1
profile_004714,treatment,0,0
profile_004715,control,1,1
profile_004716,treatment,1,1
profile_004717,treatment,1,1
profile_004718,control,1,1
profile_004719,treatment,1,1
profile_004720,treatment,0,0
profile_004721,control,1,1
profile_004722,control,0,1
profile_004723,control,1,1
profile_004724,treatment,1,1
profile_004725,control,1,1
profile_004726,treatment,1,1
profile_004727,treatment,0,0
profile_004728,control,0,1
profile_004729,treatment,0,0
profile_004730,treatment,1,1
profile_004731,control,1,1
profile_004732,treatment,0,0
profile_004733,treatment,1,1
profile_004734,control,1,1
profile_004735,treatment,0,0
profile_004736,control,0,0
profile_004737,treatment,0,0
profile_004738,treatment,0,1
profile_004739,treatment,0,1
profile_004740,treatment,1,1
profile_004741,control,1,1
profile_004742,control,0,1
profile_004743,treatment,0,0
profile_004744,treatment,0,1
profile_004745,treatment,0,0
profile_004746,treatment,1,1
profile_004747,control,1,1
profile_004748,treatment,1,1
profile_004749,control,0,1
profile_004750,control,1,1
profile_004751,control,1,1
profile_004752,control,1,1
profile_004753,treatment,1,1
profile_004754,treatment,0,1
profile_004755,treatment,1,1
profile_004756,control,1,1
profile_004757,control,1,1
profile_004758,control,1,1
profile_004759,treatment,1,1
profile_004760,control,1,1
profile_004761,control,1,1
profile_004762,treatment,1,1
profile_004763,control,0,1
profile_004764,treatment,1,1
profile_004765,treatment,0,1
profile_004766,control,0,0
profile_004767,treatment,0,1
profile_004768,control,1,1
profile_004769,treatment,0,1
profile_004770,treatment,1,1
profile_004771,control,0,1
profile_004772,treatment,1,1
profile_004773,control,1,1
profile_004774,treatment,1,1
profile_004775,control,0,0
profile_004776,treatment,1,1
profile_004777,control,0,0
profile_004778,treatment,0,1
profile_004779,treatment,0,1
profile_004780,control,0,1
profile_004781,control,1,1
profile_004782,treatment,1,1
profile_004783,treatment,1,1
profile_004784,control,1,1
profile_004785,control,1,1
profile_004786,treatment,0,1
profile_004787,treatment,0,0
profile_004788,treatment,0,0
profile_004789,control,1,1
profile_004790,treatment,0,1
profile_004791,control,0,0
profile_004792,treatment,1,1
profile_004793,control,1,1
profile_004794,treatment,0,1
profile_004795,treatment,1,1
profile_004796,treatment,1,1
profile_004797,treatment,0,1
profile_004798,control,1,1
profile_004799,treatment,1,1
profile_004800,control,1,1
profile_004801,control,1,1
profile_004802,control,1,1
profile_004803,treatment,1,1
profile_004804,treatment,1,1
profile_004805,treatment,0,0
profile_004806,treatment,0,0
profile_004807,control,1,1
profile_004808,control,1,1
profile_004809,treatment,1,1
profile_004810,control,1,1
profile_004811,control,0,0
profile_004812,control,1,1
profile_004813,control,0,0
profile_004814,treatment,1,1
profile_004815,treatment,1,1
profile_004816,treatment,1,1
profile_004817,control,1,1
profile_004818,treatment,1,1
profile_004819,treatment,0,1
profile_004820,treatment,1,1
profile_004821,treatment,0,1
profile_004822,control,1,1
profile_004823,treatment,1,1
profile_004824,treatment,0,0
profile_004825,treatment,1,1
profile_004826,control,0,0
profile_004827,control,0,0
profile_004828,control,0,1
profile_004829,treatment,0,1
profile_004830,control,1,1
profile_004831,treatment,1,1
profile_004832,control,0,1
profile_004833,treatment,1,1
profile_004834,treatment,0,1
profile_004835,control,0,1
profile_004836,treatment,0,0
profile_004837,treatment,1,1
profile_004838,control,0,0
profile_004839,control,1,1
profile_004840,treatment,1,1
profile_004841,control,1,1
profile_004842,control,0,1
profile_004843,treatment,0,1
profile_004844,control,1,1
profile_004845,treatment,0,0
profile_004846,treatment,0,0
profile_004847,control,0,1
profile_004848,control,0,1
profile_004849,control,1,1
profile_004850,treatment,0,0
profile_004851,control,0,1
profile_004852,treatment,1,1
profile_004853,control,1,1
profile_004854,treatment,0,0
profile_004855,treatment,0,0
profile_004856,treatment,1,1
profile_004857,control,1,1
profile_004858,treatment,0,0
profile_004859,control,0,1
profile_004860,control,1,1
profile_004861,control,1,1
profile_004862,treatment,1,1
profile_004863,treatment,1,1
profile_004864,treatment,1,1
profile_004865,treatment,1,1
profile_004866,treatment,1,1
profile_004867,control,1,1
profile_004868,control,1,1
profile_004869,treatment,1,1
profile_004870,control,1,1
profile_004871,treatment,1,1
profile_004872,treatment,1,1
profile_004873,treatment,1,1
profile_004874,control,1,1
profile_004875,treatment,1,1
profile_004876,treatment,1,1
profile_004877,treatment,1,1
profile_004878,control,1,1
profile_004879,control,0,1
profile_004880,control,0,1
profile_004881,control,0,0
profile_004882,treatment,1,1
profile_004883,treatment,0,1
profile_004884,control,0,0
profile_004885,treatment,0,0
profile_004886,treatment,1,1
profile_004887,control,0,1
profile_004888,treatment,0,1
profile_004889,control,1,1
profile_004890,control,1,1
profile_004891,control,1,1
profile_004892,treatment,1,1
profile_004893,control,1,1
profile_004894,treatment,1,1
profile_004895,control,1,1
profile_004896,treatment,1,1
profile_004897,treatment,1,1
profile_004898,control,0,1
profile_004899,treatment,0,1
profile_004900,treatment,1,1
profile_004901,control,1,1
profile_004902,control,0,0
profile_004903,treatment,1,1
profile_004904,treatment,1,1
profile_004905,control,1,1
profile_004906,control,0,1
profile_004907,control,1,1
profile_004908,treatment,0,1
profile_004909,control,0,1
profile_004910,treatment,1,1
profile_004911,control,1,1
profile_004912,control,1,1
profile_004913,treatment,1,1
profile_004914,treatment,1,1
profile_004915,treatment,1,1
profile_004916,control,0,0
profile_004917,treatment,0,0
profile_004918,treatment,1,1
profile_004919,control,0,0
profile_004920,treatment,0,1
profile_004921,control,1,1
profile_004922,control,0,1
profile_004923,treatment,1,1
profile_004924,control,1,1
profile_004925,treatment,1,1
profile_004926,treatment,0,1
profile_004927,control,1,1
profile_004928,control,1,1
profile_004929,control,1,1
profile_004930,control,1,1
profile_004931,treatment,1,1
profile_004932,control,1,1
profile_004933,treatment,1,1
profile_004934,treatment,0,0
profile_004935,treatment,0,0
profile_004936,control,1,1
profile_004937,treatment,0,0
profile_004938,treatment,0,0
profile_004939,control,0,1
profile_004940,control,1,1
profile_004941,treatment,1,1
profile_004942,treatment,0,0
profile_004943,treatment,1,1
profile_004944,treatment,0,0
profile_004945,control,0,1
profile_004946,treatment,0,1
profile_004947,treatment,1,1
profile_004948,treatment,1,1
profile_004949,control,1,1
profile_004950,control,1,1
profile_004951,control,1,1
profile_004952,treatment,0,0
profile_004953,control,1,1
profile_004954,control,1,1
profile_004955,control,1,1
profile_004956,control,0,0
profile_004957,control,1,1
profile_004958,treatment,1,1
profile_004959,control,1,1
profile_004960,control,1,1
profile_004961,control,1,1
profile_004962,control,0,1
profile_004963,control,1,1
profile_004964,treatment,0,0
profile_004965,treatment,1,1
profile_004966,control,1,1
profile_004967,treatment,0,0
profile_004968,treatment,1,1
profile_004969,control,1,1
profile_004970,control,1,1
profile_004971,control,1,1
profile_004972,treatment,0,0
profile_004973,control,1,1
profile_004974,treatment,1,1
profile_004975,treatment,0,1
profile_004976,control,1,1
profile_004977,control,0,1
profile_004978,treatment,1,1
profile_004979,control,0,0
profile_004980,control,1,1
profile_004981,treatment,0,1
profile_004982,treatment,1,1
profile_004983,treatment,1,1
profile_004984,control,1,1
profile_004985,control,0,1
profile_004986,control,0,0
profile_004987,treatment,0,0
profile_004988,control,0,1
profile_004989,treatment,1,1
profile_004990,treatment,0,1
profile_004991,treatment,0,1
profile_004992,control,1,1
profile_004993,treatment,1,1
profile_004994,treatment,1,1
profile_004995,treatment,0,1
profile_004996,control,0,1
profile_004997,treatment,0,0
profile_004998,control,1,1
profile_004999,treatment,1,1
profile_005000,control,0,1
profile_005001,treatment,0,0
profile_005002,control,1,1
profile_005003,treatment,1,1
profile_005004,treatment,1,1
profile_005005,control,1,1
profile_005006,treatment,1,1
profile_005007,control,1,1
profile_005008,control,0,1
profile_005009,treatment,1,1
profile_005010,treatment,1,1
profile_005011,treatment,0,0
profile_005012,treatment,1,1
profile_005013,control,1,1
profile_005014,control,0,1
profile_005015,control,1,1
profile_005016,control,1,1
profile_005017,treatment,1,1
profile_005018,control,1,1
profile_005019,control,0,0
profile_005020,control,1,1
profile_005021,control,1,1
profile_005022,control,1,1
profile_005023,treatment,1,1
profile_005024,control,1,1
profile_005025,treatment,0,1
profile_005026,treatment,1,1
profile_005027,treatment,0,0
profile_005028,treatment,1,1
profile_005029,treatment,0,1
profile_005030,treatment,0,1
profile_005031,treatment,1,1
profile_005032,treatment,1,1
profile_005033,treatment,0,1
profile_005034,control,1,1
profile_005035,control,1,1
profile_005036,control,0,0
profile_005037,treatment,1,1
profile_005038,treatment,0,0
profile_005039,control,0,1
profile_005040,control,0,1
profile_005041,treatment,1,1
profile_005042,treatment,0,0
profile_005043,treatment,0,0
profile_005044,control,1,1
profile_005045,control,1,1
profile_005046,treatment,1,1
profile_005047,treatment,1,1
profile_005048,control,0,1
profile_005049,treatment,1,1
profile_005050,control,0,0
profile_005051,control,1,1
profile_005052,control,1,1
profile_005053,treatment,0,1
profile_005054,control,1,1
profile_005055,control,1,1
profile_005056,control,1,1
profile_005057,treatment,1,1
profile_005058,control,1,1
profile_005059,control,1,1
profile_005060,control,1,1
profile_005061,treatment,0,0
profile_005062,control,0,1
profile_005063,control,0,0
profile_005064,control,0,0
profile_005065,control,1,1
profile_005066,control,0,0
profile_005067,treatment,0,1
profile_005068,treatment,1,1
profile_005069,treatment,1,1
profile_005070,treatment,0,1
profile_005071,treatment,1,1
profile_005072,control,1,1
profile_005073,treatment,1,1
profile_005074,control,1,1
profile_005075,treatment,1,1
profile_005076,control,1,1
profile_005077,control,1,1
profile_005078,treatment,1,1
profile_005079,treatment,0,1
profile_005080,control,0,1
profile_005081,treatment,1,1
profile_005082,treatment,1,1
profile_005083,control,1,1
profile_005084,treatment,1,1
profile_005085,control,0,1
profile_005086,treatment,1,1
profile_005087,treatment,1,1
profile_005088,control,0,1
profile_005089,treatment,1,1
profile_005090,control,1,1
profile_005091,treatment,1,1
profile_005092,treatment,1,1
profile_005093,control,1,1
profile_005094,treatment,1,1
profile_005095,control,0,1
profile_005096,control,0,1
profile_005097,treatment,1,1
profile_005098,treatment,1,1
profile_005099,control,0,0
profile_005100,control,0,1
profile_005101,control,0,0
profile_005102,control,1,1
profile_005103,treatment,1,1
profile_005104,control,1,1
profile_005105,control,1,1
profile_005106,treatment,0,1
profile_005107,control,0,0
profile_005108,treatment,1,1
profile_005109,treatment,1,1
profile_005110,treatment,1,1
profile_005111,treatment,0,1
profile_005112,control,1,1
profile_005113,control,0,0
profile_005114,treatment,1,1
profile_005115,treatment,1,1
profile_005116,control,1,1
profile_005117,treatment,1,1
profile_005118,control,1,1
profile_005119,treatment,0,0
profile_005120,control,0,0
profile_005121,control,0,1
profile_005122,treatment,1,1
profile_005123,control,0,0
profile_005124,control,1,1
profile_005125,control,1,1
profile_005126,treatment,0,1
profile_005127,treatment,0,0
profile_005128,control,0,1
profile_005129,control,1,1
profile_005130,treatment,1,1
profile_005131,treatment,1,1
profile_005132,control,1,1
profile_005133,treatment,1,1
profile_005134,control,0,0
profile_005135,control,0,1
profile_005136,treatment,1,1
profile_005137,treatment,1,1
profile_005138,control,1,1
profile_005139,control,1,1
profile_005140,treatment,0,1
profile_005141,control,1,1
profile_005142,control,0,0
profile_005143,treatment,0,1
profile_005144,control,1,1
profile_005145,treatment,1,1
profile_005146,treatment,1,1
profile_005147,control,0,1
profile_005148,treatment,0,0
profile_005149,treatment,0,1
profile_005150,control,0,1
profile_005151,treatment,1,1
profile_005152,control,0,0
profile_005153,treatment,1,1
profile_005154,treatment,1,1
profile_005155,treatment,1,1
profile_005156,control,0,0
profile_005157,treatment,1,1
profile_005158,control,0,1
profile_005159,treatment,0,0
profile_005160,control,1,1
profile_005161,treatment,1,1
profile_005162,treatment,1,1
profile_005163,treatment,1,1
profile_005164,control,1,1
profile_005165,treatment,1,1
profile_005166,control,1,1
profile_005167,treatment,1,1
profile_005168,control,0,0
profile_005169,treatment,1,1
profile_005170,control,1,1
profile_005171,control,0,1
profile_005172,control,0,0
profile_005173,treatment,1,1
profile_005174,treatment,0,0
profile_005175,treatment,1,1
profile_005176,control,0,0
profile_005177,treatment,1,1
profile_005178,treatment,0,1
profile_005179,treatment,1,1
profile_005180,control,0,1
profile_005181,control,0,1
profile_005182,control,0,0
profile_005183,control,0,1
profile_005184,control,1,1
profile_005185,control,1,1
profile_005186,control,0,0
profile_005187,treatment,1,1
profile_005188,treatment,1,1
profile_005189,control,1,1
profile_005190,control,1,1
profile_005191,control,1,1
profile_005192,control,1,1
profile_005193,control,0,0
profile_005194,control,1,1
profile_005195,treatment,0,1
profile_005196,treatment,0,1
profile_005197,treatment,0,0
profile_005198,control,0,0
profile_005199,control,1,1
profile_005200,control,0,1
profile_005201,control,1,1
profile_005202,control,1,1
profile_005203,treatment,1,1
profile_005204,control,1,1
profile_005205,treatment,1,1
profile_005206,control,1,1
profile_005207,treatment,1,1
profile_005208,treatment,1,1
profile_005209,control,0,1
profile_005210,treatment,0,1
profile_005211,treatment,0,1
profile_005212,control,1,1
profile_005213,treatment,1,1
profile_005214,treatment,1,1
profile_005215,control,1,1
profile_005216,treatment,1,1
profile_005217,treatment,0,1
profile_005218,treatment,0,0
profile_005219,treatment,1,1
profile_005220,control,1,1
profile_005221,treatment,0,0
profile_005222,treatment,0,1
profile_005223,control,0,0
profile_005224,treatment,1,1
profile_005225,treatment,0,1
profile_005226,control,1,1
profile_005227,control,0,1
profile_005228,control,0,1
profile_005229,treatment,1,1
profile_005230,control,1,1
profile_005231,control,0,1
profile_005232,control,1,1
profile_005233,control,0,0
profile_005234,control,0,0
profile_005235,treatment,1,1
profile_005236,treatment,1,1
profile_005237,control,1,1
profile_005238,control,1,1
profile_005239,treatment,0,1
profile_005240,control,0,0
profile_005241,treatment,0,0
profile_005242,treatment,1,1
profile_005243,control,0,1
profile_005244,treatment,0,1
profile_005245,control,1,1
profile_005246,treatment,1,1
profile_005247,control,1,1
profile_005248,treatment,0,0
profile_005249,treatment,1,1
profile_005250,control,1,1
profile_005251,treatment,0,0
profile_005252,treatment,0,0
profile_005253,treatment,1,1
profile_005254,treatment,1,1
profile_005255,treatment,1,1
profile_005256,treatment,1,1
profile_005257,control,0,1
profile_005258,control,0,0
profile_005259,control,1,1
profile_005260,treatment,0,1
profile_005261,treatment,1,1
profile_005262,control,0,1
profile_005263,control,1,1
profile_005264,control,1,1
profile_005265,control,1,1
profile_005266,treatment,0,0
profile_005267,control,0,1
profile_005268,control,1,1
profile_005269,treatment,1,1
profile_005270,control,1,1
profile_005271,control,1,1
profile_005272,control,1,1
profile_005273,control,0,1
profile_005274,control,1,1
profile_005275,treatment,1,1
profile_005276,treatment,1,1
profile_005277,treatment,0,1
profile_005278,treatment,0,0
profile_005279,control,0,1
profile_005280,control,1,1
profile_005281,treatment,0,0
profile_005282,control,1,1
profile_005283,control,1,1
profile_005284,treatment,1,1
profile_005285,treatment,0,1
profile_005286,control,1,1
profile_005287,control,1,1
profile_005288,control,1,1
profile_005289,control,1,1
profile_005290,treatment,0,0
profile_005291,control,1,1
profile_005292,control,1,1
profile_005293,control,0,0
profile_005294,treatment,0,0
profile_005295,treatment,1,1
profile_005296,control,0,1
profile_005297,control,0,0
profile_005298,treatment,1,1
profile_005299,treatment,1,1
profile_005300,control,0,0
profile_005301,control,0,1
profile_005302,treatment,1,1
profile_005303,control,0,0
profile_005304,control,0,1
profile_005305,control,0,0
profile_005306,control,0,1
profile_005307,control,1,1
profile_005308,treatment,1,1
profile_005309,treatment,1,1
profile_005310,treatment,1,1
profile_005311,control,1,1
profile_005312,control,1,1
profile_005313,treatment,0,1
profile_005314,control,1,1
profile_005315,treatment,1,1
profile_005316,treatment,0,0
profile_005317,treatment,0,1
profile_005318,treatment,1,1
profile_005319,control,1,1
profile_005320,control,1,1
profile_005321,control,1,1
profile_005322,control,0,0
profile_005323,treatment,1,1
profile_005324,control,1,1
profile_005325,treatment,0,0
profile_005326,control,1,1
profile_005327,treatment,0,0
profile_005328,control,0,0
profile_005329,treatment,1,1
profile_005330,control,0,1
profile_005331,control,0,1
profile_005332,treatment,1,1
profile_005333,treatment,0,1
profile_005334,treatment,1,1
profile_005335,treatment,1,1
profile_005336,treatment,1,1
profile_005337,control,1,1
profile_005338,treatment,0,1
profile_005339,control,0,1
profile_005340,control,0,0
profile_005341,treatment,0,0
profile_005342,control,1,1
profile_005343,control,1,1
profile_005344,treatment,0,0
profile_005345,treatment,0,1
profile_005346,control,1,1
profile_005347,control,1,1
profile_005348,treatment,0,0
profile_005349,treatment,1,1
profile_005350,treatment,1,1
profile_005351,control,1,1
profile_005352,treatment,0,0
profile_005353,control,0,0
profile_005354,treatment,1,1
profile_005355,control,1,1
profile_005356,treatment,0,0
profile_005357,treatment,1,1
profile_005358,treatment,0,0
profile_005359,treatment,1,1
profile_005360,control,1,1
profile_005361,treatment,1,1
profile_005362,treatment,1,1
profile_005363,control,1,1
profile_005364,control,0,1
profile_005365,control,1,1
profile_005366,treatment,0,0
profile_005367,treatment,0,0
profile_005368,treatment,0,1
profile_005369,control,0,0
profile_005370,control,1,1
profile_005371,treatment,1,1
profile_005372,control,1,1
profile_005373,treatment,0,1
profile_005374,treatment,1,1
profile_005375,control,0,0
profile_005376,treatment,1,1
profile_005377,control,1,1
profile_005378,control,1,1
profile_005379,control,1,1
profile_005380,control,1,1
profile_005381,control,0,1
profile_005382,treatment,1,1
profile_005383,treatment,1,1
profile_005384,control,1,1
profile_005385,treatment,1,1
profile_005386,control,1,1
profile_005387,control,1,1
profile_005388,control,1,1
profile_005389,treatment,1,1
profile_005390,control,0,0
profile_005391,treatment,1,1
profile_005392,control,0,1
profile_005393,treatment,1,1
profile_005394,control,1,1
profile_005395,control,1,1
profile_005396,treatment,1,1
profile_005397,control,0,0
profile_005398,control,0,1
profile_005399,control,0,1
profile_005400,treatment,0,0
profile_005401,control,0,1
profile_005402,treatment,0,1
profile_005403,treatment,0,1
profile_005404,control,1,1
profile_005405,treatment,1,1
profile_005406,treatment,0,1
profile_005407,control,1,1
profile_005408,treatment,1,1
profile_005409,control,1,1
profile_005410,treatment,0,0
profile_005411,treatment,0,0
profile_005412,control,1,1
profile_005413,control,0,0
profile_005414,treatment,1,1
profile_005415,treatment,0,0
profile_005416,control,1,1
profile_005417,treatment,1,1
profile_005418,treatment,1,1
profile_005419,control,1,1
profile_005420,control,0,0
profile_005421,treatment,1,1
profile_005422,control,0,0
profile_005423,control,1,1
profile_005424,control,0,1
profile_005425,treatment,1,1
profile_005426,control,1,1
profile_005427,control,1,1
profile_005428,control,0,0
profile_005429,control,1,1
profile_005430,treatment,1,1
profile_005431,treatment,0,1
profile_005432,control,0,1
profile_005433,treatment,1,1
profile_005434,treatment,0,0
profile_005435,control,1,1
profile_005436,control,1,1
profile_005437,control,0,0
profile_005438,treatment,1,1
profile_005439,control,0,0
profile_005440,control,1,1
profile_005441,treatment,1,1
profile_005442,treatment,0,0
profile_005443,treatment,1,1
profile_005444,treatment,1,1
profile_005445,control,0,0
profile_005446,control,0,0
profile_005447,control,0,0
profile_005448,treatment,1,1
profile_005449,treatment,1,1
profile_005450,control,0,0
profile_005451,treatment,0,1
profile_005452,control,0,0
profile_005453,treatment,1,1
profile_005454,treatment,0,1
profile_005455,treatment,1,1
profile_005456,treatment,1,1
profile_005457,control,0,0
profile_005458,treatment,0,1
profile_005459,treatment,1,1
profile_005460,control,1,1
profile_005461,treatment,1,1
profile_005462,control,1,1
profile_005463,treatment,0,0
profile_005464,control,0,0
profile_005465,treatment,1,1
profile_005466,control,1,1
profile_005467,control,1,1
profile_005468,treatment,1,1
profile_005469,treatment,1,1
profile_005470,control,0,1
profile_005471,treatment,1,1
profile_005472,treatment,1,1
profile_005473,control,0,0
profile_005474,control,1,1
profile_005475,treatment,0,0
profile_005476,control,1,1
profile_005477,control,0,0
profile_005478,control,1,1
profile_005479,control,0,0
profile_005480,control,0,1
profile_005481,treatment,0,1
profile_005482,control,1,1
profile_005483,control,1,1
profile_005484,treatment,1,1
profile_005485,treatment,1,1
profile_005486,control,1,1
profile_005487,control,0,0
profile_005488,treatment,1,1
profile_005489,control,0,0
profile_005490,control,1,1
profile_005491,treatment,1,1
profile_005492,control,1,1
profile_005493,treatment,0,0
profile_005494,treatment,1,1
profile_005495,treatment,1,1
profile_005496,treatment,0,1
profile_005497,control,1,1
profile_005498,treatment,0,1
profile_005499,control,0,0
profile_005500,control,1,1
profile_005501,treatment,0,1
profile_005502,treatment,1,1
profile_005503,control,1,1
profile_005504,control,1,1
profile_005505,control,0,0
profile_005506,treatment,0,1
profile_005507,control,1,1
profile_005508,control,1,1
profile_005509,treatment,0,0
profile_005510,control,1,1
profile_005511,control,1,1
profile_005512,control,1,1
profile_005513,treatment,1,1
profile_005514,treatment,0,1
profile_005515,treatment,0,0
profile_005516,treatment,0,1
profile_005517,treatment,1,1
profile_005518,control,1,1
profile_005519,control,1,1
profile_005520,control,0,0
profile_005521,treatment,0,0
profile_005522,control,1,1
profile_005523,treatment,1,1
profile_005524,control,1,1
profile_005525,treatment,1,1
profile_005526,control,1,1
profile_005527,control,1,1
profile_005528,control,0,1
profile_005529,treatment,1,1
profile_005530,treatment,1,1
profile_005531,treatment,1,1
profile_005532,treatment,1,1
profile_005533,treatment,1,1
profile_005534,control,1,1
profile_005535,control,1,1
profile_005536,control,0,0
profile_005537,control,0,1
profile_005538,treatment,0,0
profile_005539,control,1,1
profile_005540,treatment,1,1
profile_005541,treatment,1,1
profile_005542,treatment,1,1
profile_005543,control,0,1
profile_005544,treatment,1,1
profile_005545,treatment,1,1
profile_005546,control,0,1
profile_005547,treatment,0,1
profile_005548,control,1,1
profile_005549,control,0,0
profile_005550,treatment,1,1
profile_005551,control,1,1
profile_005552,control,1,1
profile_005553,treatment,1,1
profile_005554,treatment,0,1
profile_005555,treatment,1,1
profile_005556,control,1,1
profile_005557,treatment,1,1
profile_005558,treatment,1,1
profile_005559,control,1,1
profile_005560,treatment,0,1
profile_005561,control,1,1
profile_005562,control,1,1
profile_005563,control,0,1
profile_005564,treatment,1,1
profile_005565,control,0,0
profile_005566,treatment,1,1
profile_005567,treatment,1,1
profile_005568,treatment,1,1
profile_005569,control,1,1
profile_005570,treatment,0,1
profile_005571,control,0,0
profile_005572,control,1,1
profile_005573,control,0,0
profile_005574,control,1,1
profile_005575,treatment,0,0
profile_005576,treatment,0,0
profile_005577,treatment,0,1
profile_005578,control,1,1
profile_005579,control,0,1
profile_005580,treatment,0,1
profile_005581,treatment,1,1
profile_005582,treatment,1,1
profile_005583,control,1,1
profile_005584,treatment,0,0
profile_005585,treatment,0,1
profile_005586,control,0,0
profile_005587,treatment,0,0
profile_005588,treatment,1,1
profile_005589,treatment,1,1
profile_005590,control,1,1
profile_005591,treatment,1,1
profile_005592,control,1,1
profile_005593,control,1,1
profile_005594,control,0,0
profile_005595,treatment,1,1
profile_005596,treatment,1,1
profile_005597,treatment,1,1
profile_005598,control,1,1
profile_005599,treatment,0,0
profile_005600,treatment,1,1
profile_005601,treatment,0,1
profile_005602,control,1,1
profile_005603,treatment,1,1
profile_005604,control,1,1
profile_005605,control,0,1
profile_005606,control,1,1
profile_005607,treatment,0,0
profile_005608,treatment,0,0
profile_005609,treatment,1,1
profile_005610,treatment,1,1
profile_005611,control,1,1
profile_005612,control,1,1
profile_005613,treatment,0,1
profile_005614,control,1,1
profile_005615,treatment,1,1
profile_005616,control,0,1
profile_005617,control,1,1
profile_005618,treatment,0,0
profile_005619,treatment,0,1
profile_005620,control,0,1
profile_005621,treatment,0,1
profile_005622,treatment,0,0
profile_005623,control,1,1
profile_005624,control,1,1
profile_005625,treatment,0,0
profile_005626,treatment,0,1
profile_005627,treatment,1,1
profile_005628,treatment,1,1
profile_005629,treatment,1,1
profile_005630,control,0,0
profile_005631,treatment,0,0
profile_005632,treatment,1,1
profile_005633,treatment,1,1
profile_005634,control,0,0
profile_005635,control,1,1
profile_005636,treatment,0,1
profile_005637,treatment,1,1
profile_005638,control,0,1
profile_005639,treatment,0,0
profile_005640,control,1,1
profile_005641,control,0,0
profile_005642,treatment,0,0
profile_005643,treatment,0,1
profile_005644,control,0,0
profile_005645,treatment,1,1
profile_005646,treatment,1,1
profile_005647,control,1,1
profile_005648,treatment,0,0
profile_005649,control,1,1
profile_005650,treatment,0,1
profile_005651,control,0,1
profile_005652,treatment,0,0
profile_005653,treatment,0,0
profile_005654,treatment,1,1
profile_005655,control,1,1
profile_005656,treatment,1,1
profile_005657,control,1,1
profile_005658,control,1,1
profile_005659,control,1,1
profile_005660,treatment,1,1
profile_005661,control,1,1
profile_005662,treatment,1,1
profile_005663,treatment,0,1
profile_005664,treatment,1,1
profile_005665,control,0,1
profile_005666,control,1,1
profile_005667,treatment,0,0
profile_005668,control,1,1
profile_005669,control,1,1
profile_005670,control,0,0
profile_005671,control,1,1
profile_005672,treatment,0,0
profile_005673,control,1,1
profile_005674,control,1,1
profile_005675,treatment,0,1
profile_005676,control,1,1
profile_005677,treatment,0,0
profile_005678,control,0,1
profile_005679,treatment,0,1
profile_005680,control,1,1
profile_005681,treatment,1,1
profile_005682,treatment,1,1
profile_005683,treatment,0,1
profile_005684,treatment,0,1
profile_005685,treatment,1,1
profile_005686,treatment,1,1
profile_005687,control,0,1
profile_005688,control,0,1
profile_005689,treatment,1,1
profile_005690,treatment,0,0
profile_005691,treatment,1,1
profile_005692,treatment,0,1
profile_005693,treatment,0,0
profile_005694,treatment,1,1
profile_005695,treatment,1,1
profile_005696,treatment,0,0
profile_005697,treatment,0,1
profile_005698,control,1,1
profile_005699,treatment,0,0
profile_005700,control,1,1
profile_005701,control,0,0
profile_005702,treatment,0,1
profile_005703,treatment,1,1
profile_005704,control,1,1
profile_005705,treatment,1,1
profile_005706,treatment,0,0
profile_005707,treatment,1,1
profile_005708,treatment,0,1
profile_005709,control,1,1
profile_005710,control,1,1
profile_005711,treatment,0,0
profile_005712,treatment,0,0
profile_005713,control,1,1
profile_005714,control,1,1
profile_005715,control,0,0
profile_005716,control,1,1
profile_005717,treatment,1,1
profile_005718,treatment,1,1
profile_005719,treatment,1,1
profile_005720,treatment,1,1
profile_005721,control,0,1
profile_005722,treatment,0,0
profile_005723,treatment,1,1
profile_005724,control,1,1
profile_005725,treatment,1,1
profile_005726,control,1,1
profile_005727,treatment,1,1
profile_005728,treatment,1,1
profile_005729,control,0,0
profile_005730,treatment,1,1
profile_005731,treatment,1,1
profile_005732,control,1,1
profile_005733,control,1,1
profile_005734,treatment,0,1
profile_005735,treatment,0,1
profile_005736,control,1,1
profile_005737,treatment,0,1
profile_005738,treatment,0,0
profile_005739,control,1,1
profile_005740,control,1,1
profile_005741,control,0,0
profile_005742,control,0,1
profile_005743,treatment,1,1
profile_005744,treatment,1,1
profile_005745,control,0,1
profile_005746,treatment,0,1
profile_005747,treatment,0,1
profile_005748,control,0,0
profile_005749,control,0,1
profile_005750,treatment,1,1
profile_005751,treatment,1,1
profile_005752,control,1,1
profile_005753,control,0,0
profile_005754,control,1,1
profile_005755,control,1,1
profile_005756,treatment,1,1
profile_005757,control,1,1
profile_005758,control,1,1
profile_005759,treatment,0,1
profile_005760,control,1,1
profile_005761,treatment,1,1
profile_005762,treatment,1,1
profile_005763,treatment,1,1
profile_005764,control,1,1
profile_005765,treatment,0,0
profile_005766,treatment,0,1
profile_005767,control,0,1
profile_005768,treatment,0,1
profile_005769,control,1,1
profile_005770,treatment,1,1
profile_005771,treatment,1,1
profile_005772,treatment,0,0
profile_005773,control,1,1
profile_005774,treatment,1,1
profile_005775,control,1,1
profile_005776,control,0,1
profile_005777,control,0,1
profile_005778,treatment,0,0
profile_005779,control,1,1
profile_005780,treatment,1,1
profile_005781,control,0,1
profile_005782,treatment,0,0
profile_005783,control,0,1
profile_005784,treatment,1,1
profile_005785,control,1,1
profile_005786,control,1,1
profile_005787,control,1,1
profile_005788,treatment,1,1
profile_005789,control,0,1
profile_005790,treatment,1,1
profile_005791,treatment,1,1
profile_005792,control,1,1
profile_005793,control,0,0
profile_005794,control,1,1
profile_005795,treatment,1,1
profile_005796,control,0,1
profile_005797,treatment,1,1
profile_005798,treatment,1,1
profile_005799,control,0,1
profile_005800,control,0,0
profile_005801,control,1,1
profile_005802,control,1,1
profile_005803,control,1,1
profile_005804,treatment,0,0
profile_005805,treatment,1,1
profile_005806,treatment,1,1
profile_005807,control,1,1
profile_005808,treatment,0,1
profile_005809,control,1,1
profile_005810,treatment,1,1
profile_005811,treatment,1,1
profile_005812,treatment,1,1
profile_005813,treatment,1,1
profile_005814,control,1,1
profile_005815,control,1,1
profile_005816,control,0,1
profile_005817,treatment,1,1
profile_005818,treatment,0,0
profile_005819,treatment,1,1
profile_005820,treatment,0,1
profile_005821,control,0,0
profile_005822,treatment,0,0
profile_005823,control,0,1
profile_005824,treatment,1,1
profile_005825,treatment,0,0
profile_005826,treatment,0,1
profile_005827,treatment,0,1
profile_005828,treatment,1,1
profile_005829,treatment,0,1
profile_005830,treatment,1,1
profile_005831,treatment,1,1
profile_005832,control,1,1
profile_005833,control,1,1
profile_005834,control,0,1
profile_005835,treatment,1,1
profile_005836,control,1,1
profile_005837,control,1,1
profile_005838,control,1,1
profile_005839,control,0,1
profile_005840,control,0,0
profile_005841,control,1,1
profile_005842,treatment,0,1
profile_005843,treatment,0,1
profile_005844,treatment,1,1
profile_005845,treatment,1,1
profile_005846,treatment,1,1
profile_005847,control,1,1
profile_005848,treatment,1,1
profile_005849,control,1,1
profile_005850,control,0,1
profile_005851,control,0,1
profile_005852,treatment,1,1
profile_005853,treatment,1,1
profile_005854,treatment,1,1
profile_005855,control,0,0
profile_005856,treatment,0,1
profile_005857,control,1,1
profile_005858,treatment,0,0
profile_005859,treatment,1,1
profile_005860,control,1,1
profile_005861,control,0,0
profile_005862,control,0,1
profile_005863,control,1,1
profile_005864,treatment,1,1
profile_005865,treatment,1,1
profile_005866,control,1,1
profile_005867,treatment,1,1
profile_005868,control,1,1
profile_005869,control,0,0
profile_005870,treatment,0,0
profile_005871,control,0,0
profile_005872,treatment,1,1
profile_005873,treatment,0,1
profile_005874,control,0,0
profile_005875,control,1,1
profile_005876,treatment,1,1
profile_005877,control,0,1
profile_005878,treatment,1,1
profile_005879,treatment,0,0
profile_005880,treatment,0,0
profile_005881,treatment,0,0
profile_005882,treatment,1,1
profile_005883,treatment,1,1
profile_005884,treatment,0,1
profile_005885,treatment,0,0
profile_005886,control,0,1
profile_005887,control,0,0
profile_005888,control,1,1
profile_005889,control,0,0
profile_005890,control,1,1
profile_005891,control,1,1
profile_005892,control,1,1
profile_005893,treatment,1,1
profile_005894,control,1,1
profile_005895,treatment,0,0
profile_005896,treatment,1,1
profile_005897,control,1,1
profile_005898,treatment,1,1
profile_005899,control,1,1
profile_005900,control,1,1
profile_005901,control,1,1
profile_005902,treatment,1,1
profile_005903,control,0,0
profile_005904,control,0,0
profile_005905,treatment,1,1
profile_005906,control,0,1
profile_005907,treatment,1,1
profile_005908,treatment,0,1
profile_005909,control,0,0
profile_005910,treatment,1,1
profile_005911,control,1,1
profile_005912,treatment,0,0
profile_005913,treatment,1,1
profile_005914,control,1,1
profile_005915,control,1,1
profile_005916,treatment,0,1
profile_005917,treatment,0,0
profile_005918,control,1,1
profile_005919,treatment,1,1
profile_005920,treatment,1,1
profile_005921,control,1,1
profile_005922,control,0,1
profile_005923,treatment,1,1
profile_005924,treatment,1,1
profile_005925,control,0,0
profile_005926,control,1,1
profile_005927,control,0,0
profile_005928,control,1,1
profile_005929,treatment,1,1
profile_005930,treatment,0,1
profile_005931,treatment,0,0
profile_005932,control,0,1
profile_005933,treatment,1,1
profile_005934,control,0,1
profile_005935,control,0,0
profile_005936,treatment,1,1
profile_005937,treatment,1,1
profile_005938,treatment,0,1
profile_005939,control,1,1
profile_005940,treatment,1,1
profile_005941,treatment,1,1
profile_005942,control,0,1
profile_005943,control,1,1
profile_005944,control,1,1
profile_005945,treatment,1,1
profile_005946,control,1,1
profile_005947,control,1,1
profile_005948,treatment,0,1
profile_005949,control,1,1
profile_005950,treatment,1,1
profile_005951,treatment,1,1
profile_005952,treatment,0,0
profile_005953,control,0,1
profile_005954,control,0,1
profile_005955,control,1,1
profile_005956,control,1,1
profile_005957,treatment,0,1
profile_005958,control,1,1
profile_005959,control,0,0
profile_005960,control,0,0
profile_005961,control,0,1
profile_005962,treatment,0,1
profile_005963,control,0,1
profile_005964,treatment,1,1
profile_005965,control,1,1
profile_005966,treatment,1,1
profile_005967,control,0,1
profile_005968,control,1,1
profile_005969,control,1,1
profile_005970,control,1,1
profile_005971,control,1,1
profile_005972,control,1,1
profile_005973,treatment,1,1
profile_005974,control,0,0
profile_005975,treatment,1,1
profile_005976,treatment,0,0
profile_005977,control,1,1
profile_005978,treatment,0,0
profile_005979,treatment,0,1
profile_005980,treatment,0,1
profile_005981,treatment,1,1
profile_005982,treatment,0,0
profile_005983,control,0,0
profile_005984,control,1,1
profile_005985,treatment,1,1
profile_005986,control,1,1
profile_005987,control,1,1
profile_005988,control,1,1
profile_005989,control,1,1
profile_005990,treatment,1,1
profile_005991,treatment,1,1
profile_005992,control,0,0
profile_005993,control,1,1
profile_005994,treatment,1,1
profile_005995,control,1,1
profile_005996,treatment,1,1
profile_005997,control,1,1
profile_005998,control,1,1
profile_005999,control,0,0
profile_006000,control,1,1
profile_006001,treatment,0,0
profile_006002,control,1,1
profile_006003,control,1,1
profile_006004,treatment,1,1
profile_006005,treatment,1,1
profile_006006,control,1,1
profile_006007,treatment,0,1
profile_006008,treatment,1,1
profile_006009,treatment,0,0
profile_006010,treatment,1,1
profile_006011,control,0,0
profile_006012,treatment,1,1
profile_006013,control,1,1
profile_006014,control,1,1
profile_006015,control,1,1
profile_006016,treatment,1,1
profile_006017,treatment,0,1
profile_006018,control,0,1
profile_006019,control,0,1
profile_006020,treatment,1,1
profile_006021,control,0,0
profile_006022,treatment,1,1
profile_006023,control,0,0
profile_006024,treatment,1,1
profile_006025,control,1,1
profile_006026,treatment,1,1
profile_006027,treatment,1,1
profile_006028,control,1,1
profile_006029,control,0,0
profile_006030,control,0,0
profile_006031,control,1,1
profile_006032,treatment,0,0
profile_006033,treatment,1,1
profile_006034,treatment,0,0
profile_006035,treatment,0,1
profile_006036,treatment,1,1
profile_006037,control,1,1
profile_006038,treatment,0,0
profile_006039,treatment,1,1
profile_006040,control,1,1
profile_006041,control,1,1
profile_006042,control,0,0
profile_006043,treatment,0,0
profile_006044,treatment,0,0
profile_006045,treatment,1,1
profile_006046,treatment,1,1
profile_006047,control,1,1
profile_006048,control,1,1
profile_006049,control,0,1
profile_006050,control,1,1
profile_006051,treatment,1,1
profile_006052,control,1,1
profile_006053,treatment,1,1
profile_006054,treatment,1,1
profile_006055,treatment,1,1
profile_006056,control,1,1
profile_006057,control,0,0
profile_006058,control,1,1
profile_006059,treatment,1,1
profile_006060,treatment,1,1
profile_006061,control,1,1
profile_006062,control,1,1
profile_006063,treatment,0,1
profile_006064,control,1,1
profile_006065,treatment,1,1
profile_006066,treatment,1,1
profile_006067,control,0,1
profile_006068,treatment,1,1
profile_006069,control,0,0
profile_006070,treatment,0,0
profile_006071,treatment,1,1
profile_006072,control,0,1
profile_006073,control,0,0
profile_006074,treatment,1,1
profile_006075,treatment,1,1
profile_006076,treatment,0,1
profile_006077,control,0,0
profile_006078,treatment,0,0
profile_006079,treatment,0,1
profile_006080,control,0,1
profile_006081,treatment,1,1
profile_006082,treatment,1,1
profile_006083,treatment,1,1
profile_006084,control,0,0
profile_006085,control,0,0
profile_006086,treatment,0,1
profile_006087,treatment,1,1
profile_006088,treatment,0,1
profile_006089,treatment,1,1
profile_006090,control,1,1
profile_006091,control,1,1
profile_006092,control,1,1
profile_006093,control,1,1
profile_006094,control,0,0
profile_006095,treatment,1,1
profile_006096,control,0,0
profile_006097,treatment,0,0
profile_006098,control,0,1
profile_006099,control,1,1
profile_006100,treatment,0,1
profile_006101,control,0,1
profile_006102,control,1,1
profile_006103,control,0,1
profile_006104,treatment,1,1
profile_006105,control,0,0
profile_006106,treatment,0,1
profile_006107,control,1,1
profile_006108,treatment,0,0
profile_006109,treatment,1,1
profile_006110,control,0,1
profile_006111,control,1,1
profile_006112,control,1,1
profile_006113,control,0,0
profile_006114,control,0,0
profile_006115,treatment,1,1
profile_006116,control,0,0
profile_006117,treatment,0,1
profile_006118,control,1,1
profile_006119,control,0,0
profile_006120,treatment,1,1
profile_006121,treatment,0,1
profile_006122,treatment,0,1
profile_006123,control,0,0
profile_006124,control,0,1
profile_006125,treatment,1,1
profile_006126,control,0,1
profile_006127,treatment,0,1
profile_006128,treatment,0,0
profile_006129,control,0,0
profile_006130,treatment,1,1
profile_006131,treatment,0,0
profile_006132,treatment,0,0
profile_006133,control,0,0
profile_006134,treatment,1,1
profile_006135,control,1,1
profile_006136,treatment,0,0
profile_006137,control,1,1
profile_006138,control,0,0
profile_006139,treatment,0,0
profile_006140,treatment,0,1
profile_006141,control,1,1
profile_006142,control,0,1
profile_006143,control,1,1
profile_006144,treatment,0,0
profile_006145,control,1,1
profile_006146,control,0,0
profile_006147,treatment,0,1
profile_006148,treatment,1,1
profile_006149,control,1,1
profile_006150,treatment,0,1
profile_006151,control,0,1
profile_006152,control,0,0
profile_006153,control,1,1
profile_006154,control,0,0
profile_006155,treatment,1,1
profile_006156,treatment,0,0
profile_006157,treatment,1,1
profile_006158,treatment,0,0
profile_006159,control,1,1
profile_006160,control,1,1
profile_006161,treatment,1,1
profile_006162,treatment,1,1
profile_006163,control,1,1
profile_006164,control,0,0
profile_006165,treatment,0,1
profile_006166,treatment,0,0
profile_006167,control,1,1
profile_006168,treatment,1,1
profile_006169,treatment,0,1
profile_006170,treatment,1,1
profile_006171,treatment,1,1
profile_006172,treatment,1,1
profile_006173,treatment,1,1
profile_006174,control,1,1
profile_006175,treatment,1,1
profile_006176,control,1,1
profile_006177,control,0,1
profile_006178,treatment,0,1
profile_006179,treatment,0,0
profile_006180,control,1,1
profile_006181,control,1,1
profile_006182,control,0,1
profile_006183,control,0,1
profile_006184,control,1,1
profile_006185,control,0,1
profile_006186,control,1,1
profile_006187,control,0,1
profile_006188,treatment,1,1
profile_006189,control,1,1
profile_006190,treatment,0,0
profile_006191,control,0,1
profile_006192,treatment,0,1
profile_006193,control,1,1
profile_006194,treatment,0,1
profile_006195,control,0,0
profile_006196,treatment,1,1
profile_006197,treatment,1,1
profile_006198,treatment,0,1
profile_006199,treatment,1,1
profile_006200,control,0,0
profile_006201,control,1,1
profile_006202,treatment,0,1
profile_006203,control,0,1
profile_006204,treatment,1,1
profile_006205,treatment,0,0
profile_006206,control,1,1
profile_006207,treatment,1,1
profile_006208,control,0,0
profile_006209,control,1,1
profile_006210,treatment,1,1
profile_006211,control,1,1
profile_006212,control,0,0
profile_006213,treatment,1,1
profile_006214,treatment,0,0
profile_006215,treatment,1,1
profile_006216,treatment,1,1
profile_006217,control,0,0
profile_006218,control,1,1
profile_006219,control,1,1
profile_006220,treatment,1,1
profile_006221,control,1,1
profile_006222,treatment,1,1
profile_006223,treatment,0,1
profile_006224,treatment,0,0
profile_006225,treatment,0,0
profile_006226,control,1,1
profile_006227,treatment,1,1
profile_006228,treatment,0,0
profile_006229,treatment,0,0
profile_006230,treatment,1,1
profile_006231,control,0,1
profile_006232,treatment,1,1
profile_006233,treatment,1,1
profile_006234,treatment,0,1
profile_006235,treatment,0,0
profile_006236,treatment,0,0
profile_006237,treatment,1,1
profile_006238,control,0,0
profile_006239,treatment,1,1
profile_006240,treatment,1,1
profile_006241,control,1,1
profile_006242,control,1,1
profile_006243,treatment,1,1
profile_006244,treatment,1,1
profile_006245,control,0,1
profile_006246,control,1,1
profile_006247,control,0,0
profile_006248,treatment,0,1
profile_006249,control,0,1
profile_006250,treatment,0,0
profile_006251,treatment,0,0
profile_006252,control,1,1
profile_006253,treatment,1,1
profile_006254,treatment,0,1
profile_006255,control,1,1
profile_006256,control,1,1
profile_006257,treatment,1,1
profile_006258,treatment,0,1
profile_006259,treatment,0,0
profile_006260,treatment,1,1
profile_006261,control,0,0
profile_006262,control,1,1
profile_006263,control,1,1
profile_006264,treatment,1,1
profile_006265,treatment,1,1
profile_006266,control,0,1
profile_006267,treatment,1,1
profile_006268,control,0,0
profile_006269,treatment,1,1
profile_006270,control,1,1
profile_006271,treatment,0,1
profile_006272,control,1,1
profile_006273,treatment,1,1
profile_006274,control,1,1
profile_006275,treatment,1,1
profile_006276,treatment,0,1
profile_006277,control,1,1
profile_006278,control,1,1
profile_006279,control,1,1
profile_006280,treatment,0,0
profile_006281,treatment,0,0
profile_006282,treatment,1,1
profile_006283,control,1,1
profile_006284,control,1,1
profile_006285,control,0,0
profile_006286,treatment,0,0
profile_006287,treatment,1,1
profile_006288,treatment,0,1
profile_006289,treatment,0,1
profile_006290,treatment,1,1
profile_006291,control,0,0
profile_006292,control,1,1
profile_006293,control,0,0
profile_006294,control,1,1
profile_006295,control,0,0
profile_006296,control,1,1
profile_006297,control,0,1
profile_006298,control,0,0
profile_006299,control,1,1
profile_006300,control,0,1
profile_006301,treatment,1,1
profile_006302,control,1,1
profile_006303,control,0,1
profile_006304,control,1,1
profile_006305,control,1,1
profile_006306,control,1,1
profile_006307,control,1,1
profile_006308,control,1,1
profile_006309,treatment,1,1
profile_006310,control,1,1
profile_006311,control,0,0
profile_006312,control,1,1
profile_006313,control,1,1
profile_006314,control,1,1
profile_006315,treatment,1,1
profile_006316,treatment,0,0
profile_006317,control,0,0
profile_006318,control,0,1
profile_006319,treatment,0,1
profile_006320,control,0,0
profile_006321,control,0,0
profile_006322,control,1,1
profile_006323,treatment,0,1
profile_006324,control,0,0
profile_006325,control,0,0
profile_006326,treatment,0,0
profile_006327,treatment,1,1
profile_006328,treatment,1,1
profile_006329,treatment,0,1
profile_006330,treatment,1,1
profile_006331,treatment,1,1
profile_006332,control,0,0
profile_006333,treatment,0,0
profile_006334,treatment,0,0
profile_006335,control,1,1
profile_006336,control,0,1
profile_006337,control,1,1
profile_006338,treatment,1,1
profile_006339,treatment,0,0
profile_006340,control,0,1
profile_006341,control,0,1
profile_006342,treatment,1,1
profile_006343,treatment,0,1
profile_006344,control,0,0
profile_006345,control,1,1
profile_006346,control,0,0
profile_006347,control,0,1
profile_006348,treatment,1,1
profile_006349,control,1,1
profile_006350,control,0,0
profile_006351,control,0,0
profile_006352,treatment,1,1
profile_006353,control,1,1
profile_006354,treatment,1,1
profile_006355,control,0,0
profile_006356,control,0,1
profile_006357,treatment,0,1
profile_006358,treatment,1,1
profile_006359,control,0,1
profile_006360,control,1,1
profile_006361,treatment,1,1
profile_006362,control,1,1
profile_006363,treatment,1,1
profile_006364,treatment,1,1
profile_006365,control,1,1
profile_006366,treatment,0,0
profile_006367,treatment,1,1
profile_006368,control,1,1
profile_006369,control,0,0
profile_006370,control,1,1
profile_006371,treatment,1,1
profile_006372,treatment,0,0
profile_006373,control,1,1
profile_006374,treatment,0,0
profile_006375,control,1,1
profile_006376,control,0,1
profile_006377,control,0,1
profile_006378,treatment,1,1
profile_006379,control,1,1
profile_006380,treatment,1,1
profile_006381,treatment,1,1
profile_006382,control,0,1
profile_006383,treatment,1,1
profile_006384,treatment,0,1
profile_006385,treatment,0,1
profile_006386,treatment,1,1
profile_006387,control,0,0
profile_006388,treatment,0,1
profile_006389,treatment,1,1
profile_006390,treatment,1,1
profile_006391,treatment,0,1
profile_006392,treatment,1,1
profile_006393,treatment,0,0
profile_006394,treatment,1,1
profile_006395,treatment,0,1
profile_006396,control,0,1
profile_006397,treatment,0,1
profile_006398,treatment,0,1
profile_006399,treatment,1,1
profile_006400,treatment,0,0
profile_006401,treatment,1,1
profile_006402,control,1,1
profile_006403,treatment,1,1
profile_006404,control,1,1
profile_006405,treatment,0,0
profile_006406,control,1,1
profile_006407,treatment,1,1
profile_006408,control,1,1
profile_006409,treatment,1,1
profile_006410,treatment,0,1
profile_006411,control,1,1
profile_006412,control,1,1
profile_006413,treatment,1,1
profile_006414,treatment,1,1
profile_006415,treatment,1,1
profile_006416,control,0,0
profile_006417,control,1,1
profile_006418,control,1,1
profile_006419,control,0,0
profile_006420,control,0,1
profile_006421,treatment,0,1
profile_006422,control,1,1
profile_006423,treatment,1,1
profile_006424,control,0,0
profile_006425,treatment,1,1
profile_006426,treatment,0,1
profile_006427,control,0,1
profile_006428,treatment,1,1
profile_006429,treatment,1,1
profile_006430,control,0,0
profile_006431,treatment,1,1
profile_006432,control,0,0
profile_006433,treatment,1,1
profile_006434,treatment,1,1
profile_006435,control,1,1
profile_006436,control,0,1
profile_006437,control,1,1
profile_006438,control,0,0
profile_006439,treatment,1,1
profile_006440,control,1,1
profile_006441,control,1,1
profile_006442,treatment,1,1
profile_006443,treatment,0,1
profile_006444,treatment,0,1
profile_006445,control,1,1
profile_006446,control,1,1
profile_006447,treatment,1,1
profile_006448,control,1,1
profile_006449,control,1,1
profile_006450,control,0,0
profile_006451,treatment,1,1
profile_006452,treatment,0,0
profile_006453,treatment,1,1
profile_006454,control,0,1
profile_006455,control,0,0
profile_006456,control,0,1
profile_006457,control,1,1
profile_006458,control,1,1
profile_006459,control,1,1
profile_006460,treatment,1,1
profile_006461,treatment,1,1
profile_006462,treatment,0,1
profile_006463,control,1,1
profile_006464,control,1,1
profile_006465,treatment,1,1
profile_006466,treatment,1,1
profile_006467,control,0,1
profile_006468,control,0,0
profile_006469,treatment,0,1
profile_006470,control,0,0
profile_006471,control,0,0
profile_006472,control,0,1
profile_006473,control,0,0
profile_006474,treatment,0,0
profile_006475,treatment,0,0
profile_006476,treatment,1,1
profile_006477,control,0,1
profile_006478,treatment,1,1
profile_006479,treatment,1,1
profile_006480,treatment,0,1
profile_006481,treatment,0,1
profile_006482,treatment,1,1
profile_006483,treatment,0,1
profile_006484,control,1,1
profile_006485,treatment,0,0
profile_006486,treatment,1,1
profile_006487,treatment,1,1
profile_006488,control,1,1
profile_006489,control,1,1
profile_006490,treatment,1,1
profile_006491,control,0,0
profile_006492,control,1,1
profile_006493,treatment,0,1
profile_006494,treatment,1,1
profile_006495,control,1,1
profile_006496,control,0,0
profile_006497,control,0,0
profile_006498,control,1,1
profile_006499,control,1,1
profile_006500,control,1,1
profile_006501,control,1,1
profile_006502,control,1,1
profile_006503,control,1,1
profile_006504,control,0,1
profile_006505,treatment,1,1
profile_006506,control,0,0
profile_006507,treatment,0,0
profile_006508,control,0,0
profile_006509,control,1,1
profile_006510,control,0,0
profile_006511,treatment,1,1
profile_006512,control,0,1
profile_006513,treatment,1,1
profile_006514,control,0,0
profile_006515,treatment,1,1
profile_006516,control,1,1
profile_006517,control,1,1
profile_006518,treatment,1,1
profile_006519,control,1,1
profile_006520,control,0,0
profile_006521,treatment,1,1
profile_006522,control,1,1
profile_006523,treatment,0,1
profile_006524,treatment,1,1
profile_006525,treatment,0,0
profile_006526,treatment,1,1
profile_006527,control,0,0
profile_006528,treatment,0,1
profile_006529,control,0,1
profile_006530,treatment,1,1
profile_006531,control,1,1
profile_006532,treatment,1,1
profile_006533,treatment,0,1
profile_006534,control,0,1
profile_006535,control,1,1
profile_006536,control,0,1
profile_006537,treatment,1,1
profile_006538,control,1,1
profile_006539,treatment,0,0
profile_006540,treatment,0,0
profile_006541,control,0,1
profile_006542,treatment,0,1
profile_006543,control,1,1
profile_006544,control,1,1
profile_006545,treatment,0,0
profile_006546,treatment,0,0
profile_006547,treatment,1,1
profile_006548,control,1,1
profile_006549,treatment,1,1
profile_006550,control,1,1
profile_006551,control,1,1
profile_006552,control,1,1
profile_006553,treatment,0,1
profile_006554,treatment,1,1
profile_006555,control,1,1
profile_006556,control,1,1
profile_006557,control,1,1
profile_006558,control,1,1
profile_006559,control,1,1
profile_006560,treatment,1,1
profile_006561,treatment,0,1
profile_006562,treatment,1,1
profile_006563,control,1,1
profile_006564,control,1,1
profile_006565,control,0,1
profile_006566,treatment,1,1
profile_006567,control,1,1
profile_006568,control,0,1
profile_006569,treatment,0,0
profile_006570,control,1,1
profile_006571,control,0,0
profile_006572,treatment,1,1
profile_006573,control,0,0
profile_006574,treatment,0,1
profile_006575,treatment,1,1
profile_006576,control,1,1
profile_006577,treatment,0,1
profile_006578,treatment,1,1
profile_006579,control,1,1
profile_006580,control,0,0
profile_006581,treatment,1,1
profile_006582,control,0,0
profile_006583,treatment,1,1
profile_006584,treatment,1,1
profile_006585,treatment,1,1
profile_006586,treatment,1,1
profile_006587,treatment,1,1
profile_006588,control,1,1
profile_006589,control,0,0
profile_006590,treatment,1,1
profile_006591,control,1,1
profile_006592,control,1,1
profile_006593,treatment,0,1
profile_006594,treatment,0,0
profile_006595,control,1,1
profile_006596,treatment,1,1
profile_006597,control,1,1
profile_006598,treatment,1,1
profile_006599,treatment,1,1
profile_006600,treatment,0,0
profile_006601,treatment,1,1
profile_006602,treatment,1,1
profile_006603,treatment,1,1
profile_006604,control,0,0
profile_006605,control,0,1
profile_006606,control,1,1
profile_006607,treatment,0,0
profile_006608,control,1,1
profile_006609,treatment,1,1
profile_006610,control,0,0
profile_006611,treatment,1,1
profile_006612,treatment,0,0
profile_006613,control,0,1
profile_006614,treatment,1,1
profile_006615,treatment,1,1
profile_006616,treatment,0,0
profile_006617,treatment,1,1
profile_006618,treatment,0,0
profile_006619,control,1,1
profile_006620,treatment,1,1
profile_006621,treatment,1,1
profile_006622,treatment,1,1
profile_006623,control,0,1
profile_006624,control,1,1
profile_006625,control,0,0
profile_006626,control,0,0
profile_006627,treatment,1,1
profile_006628,treatment,0,0
profile_006629,control,0,1
profile_006630,treatment,0,0
profile_006631,control,1,1
profile_006632,treatment,1,1
profile_006633,control,0,1
profile_006634,treatment,1,1
profile_006635,treatment,1,1
profile_006636,control,1,1
profile_006637,control,1,1
profile_006638,treatment,0,0
profile_006639,control,1,1
profile_006640,control,1,1
profile_006641,treatment,1,1
profile_006642,treatment,1,1
profile_006643,control,0,1
profile_006644,control,1,1
profile_006645,treatment,1,1
profile_006646,control,1,1
profile_006647,control,1,1
profile_006648,control,0,0
profile_006649,control,0,0
profile_006650,control,0,1
profile_006651,treatment,0,1
profile_006652,treatment,1,1
profile_006653,treatment,1,1
profile_006654,control,0,1
profile_006655,control,1,1
profile_006656,treatment,0,1
profile_006657,treatment,0,1
profile_006658,control,0,0
profile_006659,control,1,1
profile_006660,control,0,0
profile_006661,control,0,1
profile_006662,treatment,1,1
profile_006663,control,1,1
profile_006664,control,0,1
profile_006665,treatment,1,1
profile_006666,control,0,0
profile_006667,control,1,1
profile_006668,control,0,1
profile_006669,treatment,1,1
profile_006670,control,1,1
profile_006671,treatment,0,0
profile_006672,control,1,1
profile_006673,treatment,1,1
profile_006674,control,0,1
profile_006675,treatment,1,1
profile_006676,control,1,1
profile_006677,control,1,1
profile_006678,control,0,0
profile_006679,treatment,0,0
profile_006680,treatment,1,1
profile_006681,treatment,1,1
profile_006682,treatment,1,1
profile_006683,control,0,1
profile_006684,treatment,1,1
profile_006685,treatment,1,1
profile_006686,control,1,1
profile_006687,control,1,1
profile_006688,control,0,1
profile_006689,control,0,0
profile_006690,treatment,1,1
profile_006691,treatment,1,1
profile_006692,treatment,0,0
profile_006693,treatment,1,1
profile_006694,treatment,1,1
profile_006695,control,0,1
profile_006696,treatment,0,1
profile_006697,treatment,0,0
profile_006698,treatment,0,0
profile_006699,treatment,1,1
profile_006700,control,1,1
profile_006701,treatment,1,1
profile_006702,control,1,1
profile_006703,treatment,1,1
profile_006704,treatment,0,0
profile_006705,control,1,1
profile_006706,control,0,1
profile_006707,control,1,1
profile_006708,treatment,1,1
profile_006709,control,0,0
profile_006710,treatment,0,1
profile_006711,control,1,1
profile_006712,treatment,1,1
profile_006713,control,0,0
profile_006714,control,1,1
profile_006715,control,0,1
profile_006716,control,0,0
profile_006717,treatment,0,1
profile_006718,treatment,1,1
profile_006719,control,0,0
profile_006720,control,0,0
profile_006721,treatment,0,0
profile_006722,treatment,0,1
profile_006723,treatment,1,1
profile_006724,control,0,1
profile_006725,control,0,1
profile_006726,treatment,0,0
profile_006727,treatment,1,1
profile_006728,treatment,1,1
profile_006729,treatment,0,1
profile_006730,treatment,0,1
profile_006731,treatment,1,1
profile_006732,control,0,1
profile_006733,treatment,0,1
profile_006734,treatment,0,0
profile_006735,treatment,1,1
profile_006736,treatment,0,1
profile_006737,control,0,1
profile_006738,treatment,1,1
profile_006739,control,1,1
profile_006740,control,1,1
profile_006741,control,1,1
profile_006742,treatment,0,1
profile_006743,treatment,0,1
profile_006744,treatment,0,1
profile_006745,control,1,1
profile_006746,control,1,1
profile_006747,control,1,1
profile_006748,control,1,1
profile_006749,treatment,1,1
profile_006750,treatment,1,1
profile_006751,treatment,0,0
profile_006752,treatment,1,1
profile_006753,treatment,0,1
profile_006754,control,0,1
profile_006755,treatment,1,1
profile_006756,control,0,0
profile_006757,treatment,1,1
profile_006758,treatment,0,1
profile_006759,control,1,1
profile_006760,control,0,0
profile_006761,treatment,1,1
profile_006762,control,1,1
profile_006763,control,0,1
profile_006764,control,0,0
profile_006765,treatment,0,0
profile_006766,control,0,1
profile_006767,control,0,0
profile_006768,control,1,1
profile_006769,treatment,0,1
profile_006770,control,0,0
profile_006771,treatment,0,0
profile_006772,treatment,1,1
profile_006773,control,0,0
profile_006774,control,0,1
profile_006775,control,1,1
profile_006776,treatment,1,1
profile_006777,treatment,1,1
profile_006778,treatment,1,1
profile_006779,treatment,1,1
profile_006780,control,1,1
profile_006781,control,1,1
profile_006782,treatment,1,1
profile_006783,treatment,1,1
profile_006784,treatment,1,1
profile_006785,control,1,1
profile_006786,treatment,0,0
profile_006787,treatment,0,1
profile_006788,treatment,1,1
profile_006789,control,1,1
profile_006790,control,1,1
profile_006791,control,1,1
profile_006792,control,1,1
profile_006793,control,1,1
profile_006794,treatment,1,1
profile_006795,treatment,0,1
profile_006796,control,1,1
profile_006797,treatment,1,1
profile_006798,treatment,0,1
profile_006799,treatment,0,1
profile_006800,treatment,1,1
profile_006801,control,1,1
profile_006802,treatment,1,1
profile_006803,control,1,1
profile_006804,treatment,1,1
profile_006805,control,1,1
profile_006806,treatment,0,1
profile_006807,treatment,0,1
profile_006808,control,1,1
profile_006809,treatment,0,0
profile_006810,control,1,1
profile_006811,control,0,1
profile_006812,control,1,1
profile_006813,treatment,0,1
profile_006814,control,0,1
profile_006815,control,1,1
profile_006816,treatment,1,1
profile_006817,control,1,1
profile_006818,treatment,1,1
profile_006819,control,1,1
profile_006820,control,1,1
profile_006821,treatment,1,1
profile_006822,treatment,1,1
profile_006823,control,1,1
profile_006824,control,0,1
profile_006825,control,1,1
profile_006826,control,1,1
profile_006827,treatment,0,0
profile_006828,control,0,0
profile_006829,control,1,1
profile_006830,treatment,0,1
profile_006831,treatment,1,1
profile_006832,control,1,1
profile_006833,treatment,0,0
profile_006834,treatment,0,0
profile_006835,treatment,1,1
profile_006836,treatment,1,1
profile_006837,control,1,1
profile_006838,control,1,1
profile_006839,treatment,0,1
profile_006840,treatment,0,1
profile_006841,control,1,1
profile_006842,treatment,1,1
profile_006843,control,1,1
profile_006844,treatment,1,1
profile_006845,control,1,1
profile_006846,treatment,0,1
profile_006847,control,1,1
profile_006848,treatment,0,1
profile_006849,treatment,1,1
profile_006850,treatment,1,1
profile_006851,treatment,1,1
profile_006852,control,1,1
profile_006853,treatment,1,1
profile_006854,treatment,0,0
profile_006855,treatment,1,1
profile_006856,control,0,1
profile_006857,treatment,1,1
profile_006858,control,0,0
profile_006859,treatment,1,1
profile_006860,treatment,1,1
profile_006861,treatment,1,1
profile_006862,treatment,0,0
profile_006863,control,1,1
profile_006864,control,0,0
profile_006865,treatment,1,1
profile_006866,control,1,1
profile_006867,control,0,1
profile_006868,control,0,0
profile_006869,treatment,1,1
profile_006870,treatment,0,1
profile_006871,treatment,1,1
profile_006872,control,1,1
profile_006873,treatment,1,1
profile_006874,control,0,1
profile_006875,control,1,1
profile_006876,control,1,1
profile_006877,control,0,0
profile_006878,treatment,1,1
profile_006879,treatment,1,1
profile_006880,control,0,1
profile_006881,treatment,1,1
profile_006882,treatment,1,1
profile_006883,control,1,1
profile_006884,control,1,1
profile_006885,control,1,1
profile_006886,control,1,1
profile_006887,control,1,1
profile_006888,treatment,0,1
profile_006889,treatment,1,1
profile_006890,control,0,0
profile_006891,control,0,0
profile_006892,treatment,1,1
profile_006893,treatment,0,0
profile_006894,control,1,1
profile_006895,control,1,1
profile_006896,control,0,0
profile_006897,treatment,1,1
profile_006898,control,1,1
profile_006899,treatment,0,1
profile_006900,control,1,1
profile_006901,treatment,1,1
profile_006902,treatment,1,1
profile_006903,treatment,1,1
profile_006904,control,0,0
profile_006905,control,1,1
profile_006906,treatment,1,1
profile_006907,treatment,1,1
profile_006908,control,0,1
profile_006909,control,1,1
profile_006910,treatment,0,1
profile_006911,control,1,1
profile_006912,treatment,0,1
profile_006913,control,1,1
profile_006914,control,1,1
profile_006915,treatment,1,1
profile_006916,control,1,1
profile_006917,control,1,1
profile_006918,treatment,1,1
profile_006919,treatment,0,1
profile_006920,treatment,0,1
profile_006921,control,1,1
profile_006922,treatment,1,1
profile_006923,treatment,1,1
profile_006924,treatment,1,1
profile_006925,treatment,1,1
profile_006926,control,1,1
profile_006927,control,1,1
profile_006928,control,1,1
profile_006929,control,1,1
profile_006930,control,0,0
profile_006931,control,1,1
profile_006932,treatment,0,0
profile_006933,treatment,1,1
profile_006934,treatment,0,1
profile_006935,treatment,1,1
profile_006936,treatment,1,1
profile_006937,treatment,1,1
profile_006938,control,1,1
profile_006939,control,1,1
profile_006940,treatment,1,1
profile_006941,control,0,0
profile_006942,control,1,1
profile_006943,control,1,1
profile_006944,control,0,0
profile_006945,control,0,0
profile_006946,control,1,1
profile_006947,treatment,0,0
profile_006948,control,1,1
profile_006949,treatment,1,1
profile_006950,control,1,1
profile_006951,control,1,1
profile_006952,treatment,0,1
profile_006953,treatment,1,1
profile_006954,control,1,1
profile_006955,control,0,0
profile_006956,treatment,1,1
profile_006957,control,1,1
profile_006958,control,1,1
profile_006959,treatment,1,1
profile_006960,control,0,0
profile_006961,treatment,1,1
profile_006962,control,1,1
profile_006963,treatment,1,1
profile_006964,treatment,1,1
profile_006965,control,1,1
profile_006966,control,1,1
profile_006967,treatment,1,1
profile_006968,control,1,1
profile_006969,control,0,1
profile_006970,treatment,1,1
profile_006971,treatment,1,1
profile_006972,treatment,1,1
profile_006973,control,1,1
profile_006974,treatment,0,1
profile_006975,treatment,1,1
profile_006976,control,1,1
profile_006977,control,1,1
profile_006978,control,1,1
profile_006979,treatment,1,1
profile_006980,treatment,1,1
profile_006981,control,0,1
profile_006982,treatment,0,0
profile_006983,treatment,0,1
profile_006984,treatment,0,0
profile_006985,control,1,1
profile_006986,control,1,1
profile_006987,treatment,1,1
profile_006988,control,0,1
profile_006989,control,0,0
profile_006990,control,1,1
profile_006991,control,1,1
profile_006992,control,1,1
profile_006993,treatment,1,1
profile_006994,control,0,1
profile_006995,control,0,0
profile_006996,treatment,0,0
profile_006997,treatment,1,1
profile_006998,control,1,1
profile_006999,control,0,1
profile_007000,treatment,0,1
profile_007001,treatment,0,0
profile_007002,treatment,0,0
profile_007003,control,0,0
profile_007004,control,1,1
profile_007005,control,1,1
profile_007006,control,1,1
profile_007007,treatment,0,0
profile_007008,control,0,0
profile_007009,treatment,1,1
profile_007010,treatment,0,0
profile_007011,treatment,0,1
profile_007012,treatment,0,0
profile_007013,treatment,0,0
profile_007014,control,1,1
profile_007015,control,1,1
profile_007016,treatment,0,0
profile_007017,treatment,0,1
profile_007018,treatment,1,1
profile_007019,treatment,0,1
profile_007020,treatment,0,1
profile_007021,treatment,1,1
profile_007022,treatment,0,0
profile_007023,treatment,0,1
profile_007024,treatment,0,1
profile_007025,treatment,0,0
profile_007026,control,1,1
profile_007027,control,0,1
profile_007028,control,1,1
profile_007029,treatment,0,1
profile_007030,treatment,1,1
profile_007031,treatment,1,1
profile_007032,treatment,1,1
profile_007033,treatment,0,1
profile_007034,treatment,0,1
profile_007035,control,0,0
profile_007036,treatment,1,1
profile_007037,control,1,1
profile_007038,control,1,1
profile_007039,treatment,0,1
profile_007040,control,0,1
profile_007041,treatment,0,1
profile_007042,treatment,0,1
profile_007043,treatment,1,1
profile_007044,treatment,0,1
profile_007045,control,0,1
profile_007046,treatment,0,0
profile_007047,treatment,1,1
profile_007048,control,1,1
profile_007049,treatment,0,1
profile_007050,treatment,0,1
profile_007051,treatment,1,1
profile_007052,treatment,0,1
profile_007053,treatment,0,0
profile_007054,treatment,1,1
profile_007055,control,1,1
profile_007056,control,1,1
profile_007057,control,0,1
profile_007058,treatment,1,1
profile_007059,treatment,0,1
profile_007060,treatment,0,1
profile_007061,control,0,1
profile_007062,treatment,0,0
profile_007063,treatment,0,0
profile_007064,treatment,1,1
profile_007065,control,0,1
profile_007066,treatment,1,1
profile_007067,control,0,1
profile_007068,treatment,0,1
profile_007069,control,1,1
profile_007070,treatment,0,0
profile_007071,treatment,1,1
profile_007072,treatment,1,1
profile_007073,treatment,0,0
profile_007074,control,1,1
profile_007075,treatment,0,1
profile_007076,treatment,0,0
profile_007077,control,0,1
profile_007078,treatment,1,1
profile_007079,treatment,1,1
profile_007080,treatment,1,1
profile_007081,treatment,1,1
profile_007082,control,1,1
profile_007083,treatment,0,1
profile_007084,control,1,1
profile_007085,treatment,1,1
profile_007086,treatment,0,1
profile_007087,treatment,0,0
profile_007088,treatment,1,1
profile_007089,treatment,1,1
profile_007090,control,0,0
profile_007091,control,1,1
profile_007092,control,1,1
profile_007093,control,1,1
profile_007094,treatment,0,0
profile_007095,control,1,1
profile_007096,control,0,1
profile_007097,control,0,0
profile_007098,treatment,1,1
profile_007099,treatment,0,1
profile_007100,treatment,0,0
profile_007101,control,0,0
profile_007102,control,1,1
profile_007103,treatment,1,1
profile_007104,control,0,1
profile_007105,control,1,1
profile_007106,control,1,1
profile_007107,treatment,1,1
profile_007108,treatment,1,1
profile_007109,control,1,1
profile_007110,control,0,0
profile_007111,control,0,0
profile_007112,treatment,1,1
profile_007113,treatment,1,1
profile_007114,treatment,1,1
profile_007115,treatment,0,0
profile_007116,treatment,0,1
profile_007117,control,0,1
profile_007118,treatment,1,1
profile_007119,control,0,0
profile_007120,control,1,1
profile_007121,treatment,1,1
profile_007122,control,1,1
profile_007123,control,1,1
profile_007124,control,1,1
profile_007125,treatment,1,1
profile_007126,control,0,1
profile_007127,control,1,1
profile_007128,treatment,0,1
profile_007129,treatment,1,1
profile_007130,control,0,0
profile_007131,control,1,1
profile_007132,control,0,0
profile_007133,control,0,1
profile_007134,control,1,1
profile_007135,control,1,1
profile_007136,control,1,1
profile_007137,treatment,1,1
profile_007138,treatment,1,1
profile_007139,control,1,1
profile_007140,treatment,1,1
profile_007141,treatment,0,0
profile_007142,treatment,1,1
profile_007143,control,1,1
profile_007144,control,0,0
profile_007145,treatment,1,1
profile_007146,treatment,1,1
profile_007147,treatment,1,1
profile_007148,treatment,0,1
profile_007149,treatment,0,1
profile_007150,treatment,1,1
profile_007151,treatment,0,1
profile_007152,control,1,1
profile_007153,treatment,1,1
profile_007154,control,0,0
profile_007155,treatment,1,1
profile_007156,control,0,1
profile_007157,control,0,0
profile_007158,treatment,0,0
profile_007159,control,0,0
profile_007160,control,1,1
profile_007161,control,1,1
profile_007162,treatment,0,0
profile_007163,treatment,1,1
profile_007164,control,1,1
profile_007165,treatment,0,1
profile_007166,treatment,0,1
profile_007167,control,1,1
profile_007168,control,0,1
profile_007169,treatment,0,0
profile_007170,control,1,1
profile_007171,treatment,0,0
profile_007172,control,1,1
profile_007173,control,1,1
profile_007174,treatment,1,1
profile_007175,control,1,1
profile_007176,treatment,1,1
profile_007177,treatment,1,1
profile_007178,treatment,1,1
profile_007179,treatment,1,1
profile_007180,control,0,1
profile_007181,treatment,0,0
profile_007182,control,1,1
profile_007183,control,1,1
profile_007184,control,0,1
profile_007185,control,1,1
profile_007186,control,1,1
profile_007187,control,1,1
profile_007188,control,0,0
profile_007189,treatment,0,1
profile_007190,treatment,1,1
profile_007191,treatment,1,1
profile_007192,treatment,1,1
profile_007193,treatment,1,1
profile_007194,control,1,1
profile_007195,treatment,0,0
profile_007196,control,1,1
profile_007197,treatment,0,1
profile_007198,control,1,1
profile_007199,control,1,1
profile_007200,control,0,0
profile_007201,treatment,0,0
profile_007202,treatment,1,1
profile_007203,treatment,0,0
profile_007204,treatment,0,1
profile_007205,control,1,1
profile_007206,treatment,0,1
profile_007207,control,1,1
profile_007208,treatment,0,0
profile_007209,control,1,1
profile_007210,control,1,1
profile_007211,control,0,0
profile_007212,treatment,0,1
profile_007213,control,1,1
profile_007214,control,1,1
profile_007215,control,0,1
profile_007216,treatment,0,1
profile_007217,treatment,1,1
profile_007218,treatment,0,0
profile_007219,control,0,1
profile_007220,control,0,0
profile_007221,control,1,1
profile_007222,treatment,1,1
profile_007223,treatment,0,0
profile_007224,control,0,1
profile_007225,control,0,0
profile_007226,treatment,1,1
profile_007227,treatment,1,1
profile_007228,treatment,0,0
profile_007229,treatment,0,1
profile_007230,control,0,0
profile_007231,treatment,0,1
profile_007232,treatment,1,1
profile_007233,treatment,1,1
profile_007234,control,0,0
profile_007235,treatment,1,1
profile_007236,control,1,1
profile_007237,treatment,1,1
profile_007238,treatment,1,1
profile_007239,control,0,1
profile_007240,treatment,1,1
profile_007241,control,0,0
profile_007242,control,1,1
profile_007243,treatment,1,1
profile_007244,control,0,0
profile_007245,control,0,1
profile_007246,control,0,0
profile_007247,treatment,0,1
profile_007248,treatment,0,1
profile_007249,control,0,1
profile_007250,control,1,1
profile_007251,control,1,1
profile_007252,control,0,1
profile_007253,control,1,1
profile_007254,control,0,1
profile_007255,treatment,0,1
profile_007256,treatment,1,1
profile_007257,control,1,1
profile_007258,control,0,1
profile_007259,control,1,1
profile_007260,control,0,1
profile_007261,treatment,0,0
profile_007262,control,0,0
profile_007263,treatment,0,0
profile_007264,control,1,1
profile_007265,treatment,1,1
profile_007266,control,0,0
profile_007267,control,0,1
profile_007268,treatment,0,1
profile_007269,treatment,0,1
profile_007270,treatment,1,1
profile_007271,treatment,1,1
profile_007272,treatment,1,1
profile_007273,control,1,1
profile_007274,treatment,1,1
profile_007275,control,1,1
profile_007276,treatment,1,1
profile_007277,treatment,0,1
profile_007278,treatment,0,1
profile_007279,treatment,1,1
profile_007280,control,1,1
profile_007281,treatment,1,1
profile_007282,control,1,1
profile_007283,control,0,0
profile_007284,treatment,0,0
profile_007285,treatment,0,1
profile_007286,control,0,1
profile_007287,control,1,1
profile_007288,treatment,0,1
profile_007289,control,1,1
profile_007290,control,0,1
profile_007291,treatment,0,0
profile_007292,control,0,0
profile_007293,control,1,1
profile_007294,treatment,1,1
profile_007295,control,0,1
profile_007296,treatment,1,1
profile_007297,control,0,1
profile_007298,treatment,1,1
profile_007299,control,0,1
profile_007300,treatment,1,1
profile_007301,control,1,1
profile_007302,treatment,1,1
profile_007303,treatment,1,1
profile_007304,control,1,1
profile_007305,control,1,1
profile_007306,control,1,1
profile_007307,control,1,1
profile_007308,treatment,0,1
profile_007309,control,1,1
profile_007310,control,1,1
profile_007311,treatment,1,1
profile_007312,treatment,1,1
profile_007313,treatment,1,1
profile_007314,treatment,1,1
profile_007315,treatment,0,1
profile_007316,control,1,1
profile_007317,treatment,1,1
profile_007318,treatment,0,1
profile_007319,treatment,1,1
profile_007320,control,0,1
profile_007321,control,1,1
profile_007322,control,1,1
profile_007323,treatment,0,0
profile_007324,control,1,1
profile_007325,control,1,1
profile_007326,control,0,0
profile_007327,treatment,1,1
profile_007328,control,0,1
profile_007329,control,1,1
profile_007330,control,1,1
profile_007331,control,1,1
profile_007332,control,0,1
profile_007333,control,1,1
profile_007334,control,1,1
profile_007335,treatment,1,1
profile_007336,treatment,1,1
profile_007337,control,0,1
profile_007338,treatment,0,1
profile_007339,control,0,1
profile_007340,control,0,0
profile_007341,control,1,1
profile_007342,control,0,0
profile_007343,treatment,0,1
profile_007344,control,0,1
profile_007345,treatment,0,0
profile_007346,control,1,1
profile_007347,treatment,1,1
profile_007348,control,1,1
profile_007349,treatment,0,0
profile_007350,treatment,1,1
profile_007351,treatment,1,1
profile_007352,control,1,1
profile_007353,treatment,1,1
profile_007354,treatment,0,0
profile_007355,control,0,0
profile_007356,control,1,1
profile_007357,control,1,1
profile_007358,control,0,1
profile_007359,control,0,1
profile_007360,treatment,1,1
profile_007361,treatment,0,0
profile_007362,control,0,0
profile_007363,treatment,1,1
profile_007364,control,1,1
profile_007365,control,1,1
profile_007366,treatment,0,0
profile_007367,treatment,0,1
profile_007368,treatment,0,0
profile_007369,control,0,1
profile_007370,treatment,1,1
profile_007371,control,0,1
profile_007372,treatment,0,1
profile_007373,control,1,1
profile_007374,control,1,1
profile_007375,treatment,1,1
profile_007376,control,1,1
profile_007377,control,0,1
profile_007378,control,1,1
profile_007379,treatment,1,1
profile_007380,treatment,1,1
profile_007381,treatment,0,0
profile_007382,treatment,1,1
profile_007383,treatment,1,1
profile_007384,control,1,1
profile_007385,treatment,1,1
profile_007386,control,1,1
profile_007387,control,1,1
profile_007388,treatment,0,1
profile_007389,control,1,1
profile_007390,control,1,1
profile_007391,treatment,1,1
profile_007392,control,1,1
profile_007393,treatment,1,1
profile_007394,control,0,0
profile_007395,treatment,1,1
profile_007396,control,0,0
profile_007397,treatment,0,0
profile_007398,treatment,0,0
profile_007399,treatment,0,0
profile_007400,treatment,1,1
profile_007401,control,1,1
profile_007402,control,0,1
profile_007403,control,1,1
profile_007404,treatment,1,1
profile_007405,control,1,1
profile_007406,control,0,1
profile_007407,control,0,1
profile_007408,control,0,1
profile_007409,control,1,1
profile_007410,treatment,1,1
profile_007411,treatment,1,1
profile_007412,control,1,1
profile_007413,control,1,1
profile_007414,treatment,0,1
profile_007415,treatment,1,1
profile_007416,treatment,1,1
profile_007417,control,0,0
profile_007418,control,0,1
profile_007419,treatment,0,1
profile_007420,treatment,1,1
profile_007421,treatment,1,1
profile_007422,control,1,1
profile_007423,control,0,1
profile_007424,control,1,1
profile_007425,treatment,1,1
profile_007426,control,1,1
profile_007427,treatment,1,1
profile_007428,control,1,1
profile_007429,control,0,0
profile_007430,treatment,1,1
profile_007431,control,0,0
profile_007432,control,1,1
profile_007433,control,1,1
profile_007434,control,1,1
profile_007435,control,0,1
profile_007436,treatment,1,1
profile_007437,treatment,1,1
profile_007438,control,1,1
profile_007439,control,1,1
profile_007440,treatment,0,1
profile_007441,treatment,1,1
profile_007442,treatment,1,1
profile_007443,control,1,1
profile_007444,control,1,1
profile_007445,control,0,1
profile_007446,control,1,1
profile_007447,treatment,0,0
profile_007448,treatment,1,1
profile_007449,control,0,1
profile_007450,treatment,1,1
profile_007451,treatment,0,1
profile_007452,treatment,1,1
profile_007453,control,1,1
profile_007454,treatment,1,1
profile_007455,control,1,1
profile_007456,treatment,1,1
profile_007457,treatment,1,1
profile_007458,control,0,0
profile_007459,control,0,0
profile_007460,control,0,0
profile_007461,control,1,1
profile_007462,control,1,1
profile_007463,treatment,0,1
profile_007464,treatment,1,1
profile_007465,control,0,1
profile_007466,treatment,1,1
profile_007467,treatment,0,1
profile_007468,control,1,1
profile_007469,treatment,1,1
profile_007470,treatment,1,1
profile_007471,control,1,1
profile_007472,treatment,1,1
profile_007473,control,1,1
profile_007474,treatment,1,1
profile_007475,treatment,0,1
profile_007476,treatment,1,1
profile_007477,control,0,0
profile_007478,treatment,1,1
profile_007479,control,0,1
profile_007480,control,1,1
profile_007481,control,0,1
profile_007482,treatment,0,0
profile_007483,treatment,1,1
profile_007484,treatment,0,0
profile_007485,control,1,1
profile_007486,control,0,1
profile_007487,control,1,1
profile_007488,control,1,1
profile_007489,control,1,1
profile_007490,control,0,0
profile_007491,control,0,1
profile_007492,treatment,0,1
profile_007493,treatment,0,1
profile_007494,control,0,0
profile_007495,treatment,0,0
profile_007496,treatment,0,0
profile_007497,treatment,1,1
profile_007498,treatment,1,1
profile_007499,control,0,0
profile_007500,treatment,1,1
profile_007501,treatment,1,1
profile_007502,control,0,1
profile_007503,treatment,0,1
profile_007504,treatment,1,1
profile_007505,control,0,1
profile_007506,treatment,0,1
profile_007507,treatment,1,1
profile_007508,control,1,1
profile_007509,treatment,1,1
profile_007510,treatment,1,1
profile_007511,control,0,0
profile_007512,treatment,1,1
profile_007513,treatment,1,1
profile_007514,treatment,0,1
profile_007515,treatment,0,0
profile_007516,treatment,1,1
profile_007517,control,1,1
profile_007518,control,0,1
profile_007519,control,0,0
profile_007520,treatment,0,1
profile_007521,treatment,1,1
profile_007522,treatment,1,1
profile_007523,treatment,0,1
profile_007524,treatment,1,1
profile_007525,treatment,0,1
profile_007526,control,0,0
profile_007527,control,1,1
profile_007528,control,0,0
profile_007529,treatment,0,1
profile_007530,treatment,1,1
profile_007531,treatment,0,1
profile_007532,treatment,1,1
profile_007533,control,1,1
profile_007534,treatment,1,1
profile_007535,treatment,1,1
profile_007536,control,1,1
profile_007537,treatment,1,1
profile_007538,treatment,0,1
profile_007539,treatment,0,1
profile_007540,control,1,1
profile_007541,control,1,1
profile_007542,control,0,1
profile_007543,control,0,1
profile_007544,control,1,1
profile_007545,treatment,1,1
profile_007546,treatment,0,1
profile_007547,control,0,1
profile_007548,treatment,1,1
profile_007549,control,1,1
profile_007550,treatment,0,1
profile_007551,control,0,0
profile_007552,control,0,0
profile_007553,treatment,1,1
profile_007554,treatment,0,0
profile_007555,treatment,1,1
profile_007556,treatment,1,1
profile_007557,control,1,1
profile_007558,treatment,1,1
profile_007559,control,0,0
profile_007560,treatment,1,1
profile_007561,treatment,1,1
profile_007562,control,0,1
profile_007563,treatment,1,1
profile_007564,treatment,1,1
profile_007565,treatment,0,0
profile_007566,treatment,1,1
profile_007567,control,0,1
profile_007568,control,0,1
profile_007569,treatment,0,1
profile_007570,treatment,0,1
profile_007571,treatment,0,0
profile_007572,control,0,1
profile_007573,control,0,0
profile_007574,treatment,1,1
profile_007575,treatment,1,1
profile_007576,control,1,1
profile_007577,control,0,1
profile_007578,treatment,1,1
profile_007579,control,0,0
profile_007580,control,1,1
profile_007581,treatment,0,1
profile_007582,treatment,1,1
profile_007583,treatment,1,1
profile_007584,control,0,1
profile_007585,control,0,1
profile_007586,control,1,1
profile_007587,treatment,1,1
profile_007588,treatment,0,1
profile_007589,control,1,1
profile_007590,treatment,0,1
profile_007591,control,1,1
profile_007592,treatment,1,1
profile_007593,control,1,1
profile_007594,treatment,1,1
profile_007595,control,1,1
profile_007596,treatment,1,1
profile_007597,treatment,1,1
profile_007598,treatment,1,1
profile_007599,treatment,1,1
profile_007600,control,0,1
profile_007601,treatment,0,0
profile_007602,treatment,0,1
profile_007603,treatment,1,1
profile_007604,control,0,1
profile_007605,treatment,1,1
profile_007606,control,0,0
profile_007607,treatment,1,1
profile_007608,control,1,1
profile_007609,treatment,0,1
profile_007610,treatment,1,1
profile_007611,control,0,1
profile_007612,control,1,1
profile_007613,treatment,0,1
profile_007614,control,1,1
profile_007615,control,1,1
profile_007616,treatment,1,1
profile_007617,treatment,0,1
profile_007618,treatment,0,0
profile_007619,treatment,1,1
profile_007620,treatment,0,1
profile_007621,control,0,0
profile_007622,treatment,1,1
profile_007623,control,1,1
profile_007624,treatment,0,1
profile_007625,control,1,1
profile_007626,treatment,0,1
profile_007627,treatment,1,1
profile_007628,treatment,0,1
profile_007629,control,0,1
profile_007630,treatment,0,0
profile_007631,control,0,0
profile_007632,treatment,1,1
profile_007633,control,1,1
profile_007634,treatment,1,1
profile_007635,treatment,1,1
profile_007636,treatment,1,1
profile_007637,control,0,0
profile_007638,treatment,0,0
profile_007639,control,1,1
profile_007640,control,0,1
profile_007641,treatment,0,1
profile_007642,treatment,1,1
profile_007643,control,1,1
profile_007644,treatment,1,1
profile_007645,treatment,1,1
profile_007646,treatment,1,1
profile_007647,control,1,1
profile_007648,control,1,1
profile_007649,control,1,1
profile_007650,control,1,1
profile_007651,control,1,1
profile_007652,treatment,1,1
profile_007653,control,1,1
profile_007654,treatment,0,0
profile_007655,control,0,1
profile_007656,treatment,0,1
profile_007657,treatment,1,1
profile_007658,treatment,1,1
profile_007659,control,0,0
profile_007660,control,0,0
profile_007661,control,1,1
profile_007662,treatment,1,1
profile_007663,control,1,1
profile_007664,treatment,1,1
profile_007665,control,1,1
profile_007666,treatment,1,1
profile_007667,control,1,1
profile_007668,treatment,0,1
profile_007669,treatment,0,0
profile_007670,treatment,1,1
profile_007671,treatment,0,0
profile_007672,treatment,0,1
profile_007673,treatment,1,1
profile_007674,control,1,1
profile_007675,control,0,1
profile_007676,control,0,0
profile_007677,treatment,0,0
profile_007678,treatment,1,1
profile_007679,treatment,1,1
profile_007680,control,0,0
profile_007681,treatment,0,0
profile_007682,treatment,0,1
profile_007683,treatment,1,1
profile_007684,control,1,1
profile_007685,control,1,1
profile_007686,control,0,1
profile_007687,control,1,1
profile_007688,control,1,1
profile_007689,treatment,1,1
profile_007690,treatment,0,1
profile_007691,control,1,1
profile_007692,treatment,1,1
profile_007693,treatment,0,0
profile_007694,treatment,1,1
profile_007695,control,0,1
profile_007696,treatment,0,0
profile_007697,control,1,1
profile_007698,control,1,1
profile_007699,treatment,0,1
profile_007700,treatment,1,1
profile_007701,treatment,0,0
profile_007702,treatment,1,1
profile_007703,treatment,0,0
profile_007704,treatment,1,1
profile_007705,treatment,1,1
profile_007706,treatment,1,1
profile_007707,control,1,1
profile_007708,treatment,0,0
profile_007709,control,1,1
profile_007710,treatment,0,0
profile_007711,treatment,0,0
profile_007712,treatment,1,1
profile_007713,control,0,0
profile_007714,control,1,1
profile_007715,treatment,0,1
profile_007716,control,0,0
profile_007717,control,0,1
profile_007718,control,0,0
profile_007719,treatment,1,1
profile_007720,control,1,1
profile_007721,control,1,1
profile_007722,treatment,0,1
profile_007723,treatment,0,1
profile_007724,treatment,0,1
profile_007725,treatment,1,1
profile_007726,control,1,1
profile_007727,control,1,1
profile_007728,control,0,0
profile_007729,treatment,1,1
profile_007730,treatment,1,1
profile_007731,treatment,0,0
profile_007732,treatment,0,1
profile_007733,treatment,1,1
profile_007734,control,1,1
profile_007735,control,0,0
profile_007736,control,0,1
profile_007737,control,0,1
profile_007738,treatment,0,1
profile_007739,treatment,1,1
profile_007740,treatment,0,1
profile_007741,treatment,1,1
profile_007742,treatment,0,0
profile_007743,control,1,1
profile_007744,control,1,1
profile_007745,control,0,0
profile_007746,control,1,1
profile_007747,treatment,0,0
profile_007748,control,0,0
profile_007749,control,1,1
profile_007750,treatment,1,1
profile_007751,treatment,0,0
profile_007752,treatment,0,1
profile_007753,control,1,1
profile_007754,treatment,1,1
profile_007755,treatment,0,1
profile_007756,treatment,1,1
profile_007757,control,1,1
profile_007758,control,0,0
profile_007759,control,0,1
profile_007760,control,1,1
profile_007761,control,1,1
profile_007762,treatment,0,0
profile_007763,control,1,1
profile_007764,treatment,0,0
profile_007765,treatment,0,0
profile_007766,treatment,0,1
profile_007767,treatment,1,1
profile_007768,treatment,1,1
profile_007769,treatment,1,1
profile_007770,treatment,1,1
profile_007771,treatment,0,1
profile_007772,control,1,1
profile_007773,control,0,1
profile_007774,control,1,1
profile_007775,control,1,1
profile_007776,treatment,1,1
profile_007777,treatment,1,1
profile_007778,treatment,1,1
profile_007779,control,0,0
profile_007780,control,1,1
profile_007781,control,0,0
profile_007782,control,1,1
profile_007783,treatment,1,1
profile_007784,control,1,1
profile_007785,control,1,1
profile_007786,control,1,1
profile_007787,treatment,1,1
profile_007788,treatment,1,1
profile_007789,treatment,1,1
profile_007790,treatment,0,1
profile_007791,treatment,1,1
profile_007792,treatment,0,1
profile_007793,control,0,1
profile_007794,treatment,1,1
profile_007795,treatment,1,1
profile_007796,treatment,1,1
profile_007797,treatment,1,1
profile_007798,control,0,0
profile_007799,control,0,0
profile_007800,control,1,1
profile_007801,treatment,0,0
profile_007802,treatment,1,1
profile_007803,treatment,1,1
profile_007804,treatment,1,1
profile_007805,control,0,1
profile_007806,treatment,1,1
profile_007807,treatment,0,0
profile_007808,treatment,0,1
profile_007809,control,0,1
profile_007810,treatment,0,1
profile_007811,control,1,1
profile_007812,control,1,1
profile_007813,treatment,0,1
profile_007814,control,1,1
profile_007815,treatment,1,1
profile_007816,control,1,1
profile_007817,treatment,1,1
profile_007818,control,0,0
profile_007819,control,0,0
profile_007820,control,0,0
profile_007821,treatment,1,1
profile_007822,treatment,1,1
profile_007823,treatment,0,0
profile_007824,treatment,1,1
profile_007825,treatment,0,0
profile_007826,control,1,1
profile_007827,control,1,1
profile_007828,treatment,1,1
profile_007829,treatment,1,1
profile_007830,treatment,0,1
profile_007831,control,1,1
profile_007832,treatment,0,0
profile_007833,treatment,1,1
profile_007834,treatment,0,1
profile_007835,control,0,0
profile_007836,control,1,1
profile_007837,control,1,1
profile_007838,control,0,0
profile_007839,treatment,1,1
profile_007840,treatment,0,0
profile_007841,treatment,0,0
profile_007842,control,0,0
profile_007843,treatment,0,0
profile_007844,treatment,1,1
profile_007845,treatment,0,1
profile_007846,treatment,1,1
profile_007847,control,1,1
profile_007848,treatment,0,1
profile_007849,treatment,0,1
profile_007850,treatment,0,1
profile_007851,control,0,1
profile_007852,control,1,1
profile_007853,control,1,1
profile_007854,treatment,0,0
profile_007855,control,0,0
profile_007856,treatment,1,1
profile_007857,control,1,1
profile_007858,treatment,1,1
profile_007859,treatment,1,1
profile_007860,treatment,1,1
profile_007861,treatment,1,1
profile_007862,control,1,1
profile_007863,control,1,1
profile_007864,treatment,0,1
profile_007865,control,1,1
profile_007866,treatment,0,1
profile_007867,treatment,1,1
profile_007868,control,1,1
profile_007869,treatment,1,1
profile_007870,control,0,1
profile_007871,treatment,1,1
profile_007872,control,1,1
profile_007873,control,1,1
profile_007874,treatment,0,1
profile_007875,control,0,0
profile_007876,treatment,0,0
profile_007877,treatment,1,1
profile_007878,treatment,0,0
profile_007879,treatment,0,0
profile_007880,control,1,1
profile_007881,treatment,1,1
profile_007882,treatment,1,1
profile_007883,control,1,1
profile_007884,treatment,1,1
profile_007885,control,1,1
profile_007886,treatment,1,1
profile_007887,treatment,0,0
profile_007888,control,1,1
profile_007889,treatment,1,1
profile_007890,treatment,1,1
profile_007891,control,0,1
profile_007892,treatment,0,0
profile_007893,control,1,1
profile_007894,treatment,1,1
profile_007895,control,1,1
profile_007896,treatment,0,1
profile_007897,control,0,1
profile_007898,control,1,1
profile_007899,treatment,1,1
profile_007900,control,0,0
profile_007901,treatment,0,0
profile_007902,control,1,1
profile_007903,treatment,1,1
profile_007904,treatment,1,1
profile_007905,control,0,0
profile_007906,treatment,1,1
profile_007907,treatment,1,1
profile_007908,control,1,1
profile_007909,control,0,1
profile_007910,control,0,1
profile_007911,treatment,1,1
profile_007912,control,0,1
profile_007913,treatment,0,0
profile_007914,treatment,0,1
profile_007915,control,1,1
profile_007916,treatment,0,1
profile_007917,control,0,1
profile_007918,control,1,1
profile_007919,treatment,1,1
profile_007920,treatment,1,1
profile_007921,treatment,1,1
profile_007922,treatment,1,1
profile_007923,control,1,1
profile_007924,treatment,0,1
profile_007925,control,0,1
profile_007926,treatment,0,1
profile_007927,control,1,1
profile_007928,control,1,1
profile_007929,control,1,1
profile_007930,treatment,1,1
profile_007931,treatment,0,0
profile_007932,treatment,0,0
profile_007933,treatment,1,1
profile_007934,control,1,1
profile_007935,treatment,0,0
profile_007936,control,1,1
profile_007937,control,1,1
profile_007938,treatment,0,1
profile_007939,control,1,1
profile_007940,treatment,1,1
profile_007941,treatment,1,1
profile_007942,control,1,1
profile_007943,control,1,1
profile_007944,control,1,1
profile_007945,control,0,1
profile_007946,treatment,0,1
profile_007947,control,1,1
profile_007948,control,0,1
profile_007949,control,1,1
profile_007950,treatment,1,1
profile_007951,treatment,1,1
profile_007952,control,0,0
profile_007953,control,1,1
profile_007954,treatment,1,1
profile_007955,treatment,0,0
profile_007956,treatment,0,0
profile_007957,treatment,0,1
profile_007958,treatment,1,1
profile_007959,control,1,1
profile_007960,treatment,0,0
profile_007961,treatment,1,1
profile_007962,treatment,1,1
profile_007963,treatment,0,1
profile_007964,control,0,0
profile_007965,control,1,1
profile_007966,control,0,1
profile_007967,treatment,0,1
profile_007968,treatment,0,1
profile_007969,control,1,1
profile_007970,control,1,1
profile_007971,treatment,0,1
profile_007972,treatment,0,0
profile_007973,treatment,1,1
profile_007974,treatment,0,0
profile_007975,treatment,1,1
profile_007976,control,1,1
profile_007977,treatment,1,1
profile_007978,control,1,1
profile_007979,treatment,0,0
profile_007980,treatment,1,1
profile_007981,treatment,0,1
profile_007982,treatment,0,1
profile_007983,control,1,1
profile_007984,treatment,1,1
profile_007985,treatment,0,0
profile_007986,treatment,0,1
profile_007987,treatment,1,1
profile_007988,control,0,0
profile_007989,control,0,1
profile_007990,control,0,1
profile_007991,treatment,0,0
profile_007992,treatment,0,1
profile_007993,control,1,1
profile_007994,treatment,1,1
profile_007995,treatment,1,1
profile_007996,treatment,1,1
profile_007997,control,1,1
profile_007998,treatment,0,0
profile_007999,control,1,1
profile_008000,control,1,1
profile_008001,control,0,0
profile_008002,treatment,0,1
profile_008003,control,0,0
profile_008004,treatment,0,1
profile_008005,treatment,1,1
profile_008006,treatment,0,0
profile_008007,treatment,1,1
profile_008008,control,1,1
profile_008009,treatment,1,1
profile_008010,treatment,1,1
profile_008011,treatment,0,0
profile_008012,control,0,0
profile_008013,treatment,1,1
profile_008014,treatment,0,1
profile_008015,control,1,1
profile_008016,treatment,1,1
profile_008017,control,1,1
profile_008018,control,1,1
profile_008019,treatment,1,1
profile_008020,treatment,0,0
profile_008021,treatment,0,1
profile_008022,treatment,1,1
profile_008023,control,1,1
profile_008024,control,1,1
profile_008025,control,1,1
profile_008026,control,1,1
profile_008027,control,1,1
profile_008028,control,1,1
profile_008029,treatment,0,1
profile_008030,control,1,1
profile_008031,treatment,1,1
profile_008032,treatment,0,1
profile_008033,control,1,1
profile_008034,control,0,1
profile_008035,treatment,1,1
profile_008036,control,1,1
profile_008037,control,0,1
profile_008038,treatment,0,0
profile_008039,control,1,1
profile_008040,treatment,1,1
profile_008041,control,0,1
profile_008042,treatment,1,1
profile_008043,control,1,1
profile_008044,control,1,1
profile_008045,control,0,1
profile_008046,treatment,0,1
profile_008047,control,0,0
profile_008048,control,1,1
profile_008049,treatment,1,1
profile_008050,treatment,0,1
profile_008051,control,1,1
profile_008052,control,1,1
profile_008053,control,1,1
profile_008054,treatment,0,0
profile_008055,control,0,0
profile_008056,treatment,0,1
profile_008057,treatment,0,0
profile_008058,treatment,1,1
profile_008059,treatment,1,1
profile_008060,treatment,0,0
profile_008061,control,0,0
profile_008062,control,1,1
profile_008063,treatment,0,1
profile_008064,control,1,1
profile_008065,treatment,1,1
profile_008066,treatment,1,1
profile_008067,control,1,1
profile_008068,control,0,0
profile_008069,treatment,1,1
profile_008070,treatment,0,1
profile_008071,treatment,0,0
profile_008072,treatment,0,1
profile_008073,treatment,1,1
profile_008074,treatment,0,0
profile_008075,control,1,1
profile_008076,control,0,0
profile_008077,control,1,1
profile_008078,control,1,1
profile_008079,control,1,1
profile_008080,control,1,1
profile_008081,treatment,1,1
profile_008082,treatment,0,1
profile_008083,treatment,0,1
profile_008084,treatment,1,1
profile_008085,control,0,0
profile_008086,control,0,0
profile_008087,treatment,1,1
profile_008088,treatment,1,1
profile_008089,control,1,1
profile_008090,control,1,1
profile_008091,control,1,1
profile_008092,control,0,0
profile_008093,treatment,1,1
profile_008094,treatment,0,0
profile_008095,control,0,0
profile_008096,control,1,1
profile_008097,treatment,1,1
profile_008098,control,1,1
profile_008099,treatment,0,0
profile_008100,treatment,1,1
profile_008101,control,0,1
profile_008102,control,1,1
profile_008103,control,1,1
profile_008104,treatment,0,1
profile_008105,control,1,1
profile_008106,control,0,0
profile_008107,control,1,1
profile_008108,control,1,1
profile_008109,control,0,1
profile_008110,control,1,1
profile_008111,treatment,1,1
profile_008112,control,0,0
profile_008113,control,1,1
profile_008114,treatment,0,0
profile_008115,control,1,1
profile_008116,treatment,0,0
profile_008117,treatment,1,1
profile_008118,treatment,1,1
profile_008119,treatment,1,1
profile_008120,control,0,0
profile_008121,control,1,1
profile_008122,control,0,0
profile_008123,treatment,1,1
profile_008124,treatment,1,1
profile_008125,treatment,0,1
profile_008126,treatment,1,1
profile_008127,control,0,1
profile_008128,control,1,1
profile_008129,control,1,1
profile_008130,treatment,1,1
profile_008131,control,0,0
profile_008132,control,1,1
profile_008133,treatment,1,1
profile_008134,treatment,1,1
profile_008135,treatment,1,1
profile_008136,treatment,1,1
profile_008137,control,0,0
profile_008138,treatment,0,0
profile_008139,control,0,1
profile_008140,treatment,1,1
profile_008141,control,1,1
profile_008142,control,0,1
profile_008143,treatment,1,1
profile_008144,control,0,0
profile_008145,treatment,1,1
profile_008146,treatment,1,1
profile_008147,control,1,1
profile_008148,control,1,1
profile_008149,treatment,0,1
profile_008150,control,1,1
profile_008151,treatment,1,1
profile_008152,treatment,0,0
profile_008153,control,1,1
profile_008154,treatment,1,1
profile_008155,control,1,1
profile_008156,control,1,1
profile_008157,control,1,1
profile_008158,control,1,1
profile_008159,control,0,1
profile_008160,treatment,1,1
profile_008161,control,1,1
profile_008162,control,0,1
profile_008163,control,0,1
profile_008164,treatment,1,1
profile_008165,control,1,1
profile_008166,control,0,0
profile_008167,control,1,1
profile_008168,treatment,1,1
profile_008169,treatment,1,1
profile_008170,treatment,1,1
profile_008171,treatment,1,1
profile_008172,control,0,0
profile_008173,control,1,1
profile_008174,control,0,1
profile_008175,control,1,1
profile_008176,treatment,0,0
profile_008177,treatment,0,1
profile_008178,treatment,0,1
profile_008179,treatment,0,1
profile_008180,control,0,0
profile_008181,treatment,1,1
profile_008182,treatment,0,0
profile_008183,treatment,0,0
profile_008184,control,0,1
profile_008185,control,0,1
profile_008186,control,1,1
profile_008187,treatment,1,1
profile_008188,control,0,0
profile_008189,control,1,1
profile_008190,treatment,0,1
profile_008191,control,1,1
profile_008192,treatment,0,0
profile_008193,control,1,1
profile_008194,treatment,1,1
profile_008195,control,1,1
profile_008196,control,0,0
profile_008197,treatment,0,1
profile_008198,treatment,0,1
profile_008199,control,1,1
profile_008200,treatment,1,1
profile_008201,treatment,0,0
profile_008202,control,1,1
profile_008203,treatment,0,1
profile_008204,control,0,0
profile_008205,treatment,1,1
profile_008206,treatment,1,1
profile_008207,control,1,1
profile_008208,treatment,1,1
profile_008209,treatment,0,0
profile_008210,control,1,1
profile_008211,treatment,0,0
profile_008212,control,0,1
profile_008213,treatment,1,1
profile_008214,control,1,1
profile_008215,control,0,1
profile_008216,control,0,0
profile_008217,control,1,1
profile_008218,control,1,1
profile_008219,control,1,1
profile_008220,control,1,1
profile_008221,control,1,1
profile_008222,control,1,1
profile_008223,treatment,0,1
profile_008224,control,1,1
profile_008225,treatment,1,1
profile_008226,control,0,1
profile_008227,control,1,1
profile_008228,treatment,1,1
profile_008229,control,1,1
profile_008230,control,1,1
profile_008231,treatment,0,1
profile_008232,control,1,1
profile_008233,treatment,0,0
profile_008234,control,1,1
profile_008235,treatment,0,0
profile_008236,treatment,1,1
profile_008237,control,1,1
profile_008238,treatment,1,1
profile_008239,treatment,1,1
profile_008240,control,0,0
profile_008241,control,1,1
profile_008242,treatment,0,1
profile_008243,control,0,1
profile_008244,control,1,1
profile_008245,treatment,1,1
profile_008246,control,1,1
profile_008247,control,0,1
profile_008248,treatment,1,1
profile_008249,control,1,1
profile_008250,control,1,1
profile_008251,control,1,1
profile_008252,control,1,1
profile_008253,treatment,1,1
profile_008254,treatment,1,1
profile_008255,control,1,1
profile_008256,treatment,0,0
profile_008257,control,1,1
profile_008258,control,0,0
profile_008259,control,0,0
profile_008260,control,0,1
profile_008261,treatment,1,1
profile_008262,treatment,1,1
profile_008263,treatment,1,1
profile_008264,control,0,0
profile_008265,treatment,1,1
profile_008266,control,0,0
profile_008267,treatment,0,0
profile_008268,treatment,0,1
profile_008269,control,0,0
profile_008270,treatment,0,0
profile_008271,control,1,1
profile_008272,control,1,1
profile_008273,treatment,1,1
profile_008274,control,0,1
profile_008275,treatment,0,1
profile_008276,treatment,1,1
profile_008277,control,0,0
profile_008278,treatment,0,0
profile_008279,treatment,1,1
profile_008280,control,1,1
profile_008281,treatment,1,1
profile_008282,treatment,0,0
profile_008283,control,1,1
profile_008284,treatment,1,1
profile_008285,control,1,1
profile_008286,control,1,1
profile_008287,control,1,1
profile_008288,control,1,1
profile_008289,control,0,0
profile_008290,control,1,1
profile_008291,treatment,0,0
profile_008292,control,1,1
profile_008293,control,1,1
profile_008294,treatment,0,1
profile_008295,treatment,1,1
profile_008296,control,1,1
profile_008297,control,1,1
profile_008298,control,0,0
profile_008299,treatment,1,1
profile_008300,treatment,1,1
profile_008301,control,1,1
profile_008302,control,1,1
profile_008303,control,0,0
profile_008304,control,1,1
profile_008305,treatment,0,1
profile_008306,treatment,0,1
profile_008307,treatment,0,1
profile_008308,control,1,1
profile_008309,control,1,1
profile_008310,control,1,1
profile_008311,control,0,1
profile_008312,treatment,1,1
profile_008313,control,0,1
profile_008314,control,1,1
profile_008315,control,0,1
profile_008316,treatment,1,1
profile_008317,control,0,0
profile_008318,control,1,1
profile_008319,control,1,1
profile_008320,treatment,0,0
profile_008321,treatment,0,0
profile_008322,treatment,1,1
profile_008323,treatment,1,1
profile_008324,treatment,0,1
profile_008325,control,1,1
profile_008326,treatment,1,1
profile_008327,control,0,0
profile_008328,treatment,0,0
profile_008329,control,0,0
profile_008330,control,1,1
profile_008331,treatment,0,0
profile_008332,treatment,0,0
profile_008333,control,1,1
profile_008334,treatment,1,1
profile_008335,control,1,1
profile_008336,control,1,1
profile_008337,control,1,1
profile_008338,control,1,1
profile_008339,treatment,1,1
profile_008340,treatment,0,1
profile_008341,treatment,0,0
profile_008342,control,1,1
profile_008343,control,0,1
profile_008344,control,1,1
profile_008345,control,1,1
profile_008346,control,0,0
profile_008347,control,1,1
profile_008348,treatment,1,1
profile_008349,control,1,1
profile_008350,control,0,0
profile_008351,treatment,0,1
profile_008352,treatment,0,1
profile_008353,control,1,1
profile_008354,control,0,1
profile_008355,treatment,1,1
profile_008356,control,1,1
profile_008357,treatment,1,1
profile_008358,control,1,1
profile_008359,treatment,0,1
profile_008360,control,1,1
profile_008361,control,1,1
profile_008362,control,0,0
profile_008363,control,1,1
profile_008364,treatment,0,1
profile_008365,control,0,1
profile_008366,control,0,0
profile_008367,control,1,1
profile_008368,control,1,1
profile_008369,control,1,1
profile_008370,treatment,0,0
profile_008371,control,0,1
profile_008372,control,0,0
profile_008373,treatment,0,1
profile_008374,control,1,1
profile_008375,control,0,0
profile_008376,treatment,1,1
profile_008377,treatment,1,1
profile_008378,control,0,0
profile_008379,control,1,1
profile_008380,control,1,1
profile_008381,treatment,0,1
profile_008382,treatment,0,1
profile_008383,control,1,1
profile_008384,control,1,1
profile_008385,control,1,1
profile_008386,treatment,0,0
profile_008387,treatment,0,0
profile_008388,control,0,0
profile_008389,control,0,1
profile_008390,treatment,1,1
profile_008391,treatment,1,1
profile_008392,control,1,1
profile_008393,control,0,1
profile_008394,treatment,0,0
profile_008395,control,0,0
profile_008396,treatment,0,1
profile_008397,treatment,1,1
profile_008398,treatment,0,1
profile_008399,treatment,1,1
profile_008400,treatment,1,1
profile_008401,control,0,1
profile_008402,control,0,0
profile_008403,control,1,1
profile_008404,control,0,1
profile_008405,control,0,1
profile_008406,treatment,1,1
profile_008407,control,0,1
profile_008408,control,1,1
profile_008409,control,1,1
profile_008410,treatment,1,1
profile_008411,treatment,1,1
profile_008412,control,1,1
profile_008413,treatment,1,1
profile_008414,control,1,1
profile_008415,control,1,1
profile_008416,treatment,0,1
profile_008417,control,0,0
profile_008418,control,1,1
profile_008419,control,0,1
profile_008420,control,1,1
profile_008421,control,1,1
profile_008422,control,0,0
profile_008423,treatment,0,1
profile_008424,treatment,0,1
profile_008425,treatment,0,1
profile_008426,control,1,1
profile_008427,treatment,1,1
profile_008428,control,1,1
profile_008429,treatment,1,1
profile_008430,treatment,1,1
profile_008431,control,1,1
profile_008432,treatment,0,1
profile_008433,control,0,0
profile_008434,treatment,1,1
profile_008435,control,1,1
profile_008436,treatment,0,0
profile_008437,treatment,0,0
profile_008438,control,1,1
profile_008439,treatment,1,1
profile_008440,control,0,1
profile_008441,control,1,1
profile_008442,treatment,0,0
profile_008443,control,0,1
profile_008444,control,0,0
profile_008445,treatment,0,0
profile_008446,control,0,1
profile_008447,treatment,0,0
profile_008448,treatment,0,0
profile_008449,control,0,0
profile_008450,control,0,0
profile_008451,control,0,1
profile_008452,control,1,1
profile_008453,treatment,1,1
profile_008454,treatment,0,1
profile_008455,control,0,1
profile_008456,treatment,1,1
profile_008457,treatment,0,0
profile_008458,control,0,1
profile_008459,treatment,1,1
profile_008460,control,1,1
profile_008461,control,0,0
profile_008462,treatment,0,1
profile_008463,treatment,0,1
profile_008464,treatment,0,0
profile_008465,control,0,1
profile_008466,treatment,0,1
profile_008467,treatment,1,1
profile_008468,treatment,1,1
profile_008469,treatment,0,1
profile_008470,control,1,1
profile_008471,treatment,0,1
profile_008472,treatment,0,1
profile_008473,control,1,1
profile_008474,treatment,0,0
profile_008475,control,1,1
profile_008476,treatment,1,1
profile_008477,control,1,1
profile_008478,control,1,1
profile_008479,treatment,0,0
profile_008480,treatment,1,1
profile_008481,treatment,0,0
profile_008482,treatment,1,1
profile_008483,control,0,1
profile_008484,treatment,1,1
profile_008485,control,1,1
profile_008486,treatment,1,1
profile_008487,control,1,1
profile_008488,control,0,1
profile_008489,treatment,1,1
profile_008490,control,1,1
profile_008491,treatment,0,0
profile_008492,treatment,1,1
profile_008493,treatment,1,1
profile_008494,treatment,1,1
profile_008495,control,0,1
profile_008496,treatment,1,1
profile_008497,control,0,0
profile_008498,treatment,0,1
profile_008499,treatment,0,0
profile_008500,control,0,1
profile_008501,treatment,0,0
profile_008502,control,0,0
profile_008503,treatment,1,1
profile_008504,control,0,0
profile_008505,treatment,1,1
profile_008506,control,0,1
profile_008507,treatment,1,1
profile_008508,control,1,1
profile_008509,control,0,0
profile_008510,treatment,0,0
profile_008511,treatment,1,1
profile_008512,treatment,0,1
profile_008513,control,1,1
profile_008514,treatment,1,1
profile_008515,control,1,1
profile_008516,control,1,1
profile_008517,control,0,1
profile_008518,control,1,1
profile_008519,control,0,0
profile_008520,treatment,1,1
profile_008521,control,0,0
profile_008522,treatment,1,1
profile_008523,control,1,1
profile_008524,control,1,1
profile_008525,control,0,0
profile_008526,treatment,1,1
profile_008527,control,0,0
profile_008528,treatment,1,1
profile_008529,control,1,1
profile_008530,treatment,0,0
profile_008531,control,0,1
profile_008532,treatment,1,1
profile_008533,control,0,0
profile_008534,control,1,1
profile_008535,control,1,1
profile_008536,control,0,0
profile_008537,control,1,1
profile_008538,control,0,0
profile_008539,control,1,1
profile_008540,treatment,1,1
profile_008541,control,0,1
profile_008542,control,1,1
profile_008543,treatment,0,1
profile_008544,control,0,0
profile_008545,control,0,0
profile_008546,control,1,1
profile_008547,treatment,0,0
profile_008548,control,1,1
profile_008549,control,0,0
profile_008550,control,1,1
profile_008551,control,1,1
profile_008552,treatment,1,1
profile_008553,treatment,1,1
profile_008554,treatment,1,1
profile_008555,treatment,1,1
profile_008556,control,1,1
profile_008557,control,0,0
profile_008558,control,0,0
profile_008559,treatment,0,0
profile_008560,control,1,1
profile_008561,control,0,1
profile_008562,control,1,1
profile_008563,control,1,1
profile_008564,control,1,1
profile_008565,treatment,1,1
profile_008566,control,1,1
profile_008567,control,1,1
profile_008568,control,1,1
profile_008569,treatment,1,1
profile_008570,treatment,0,0
profile_008571,control,1,1
profile_008572,treatment,0,0
profile_008573,treatment,0,0
profile_008574,treatment,1,1
profile_008575,control,1,1
profile_008576,treatment,0,0
profile_008577,treatment,0,0
profile_008578,control,0,0
profile_008579,control,0,0
profile_008580,treatment,1,1
profile_008581,treatment,0,1
profile_008582,treatment,1,1
profile_008583,control,0,1
profile_008584,control,1,1
profile_008585,control,0,0
profile_008586,control,1,1
profile_008587,control,1,1
profile_008588,control,0,0
profile_008589,control,1,1
profile_008590,treatment,0,1
profile_008591,treatment,0,0
profile_008592,treatment,0,1
profile_008593,control,1,1
profile_008594,treatment,1,1
profile_008595,control,1,1
profile_008596,treatment,1,1
profile_008597,treatment,0,1
profile_008598,control,0,0
profile_008599,treatment,0,0
profile_008600,treatment,1,1
profile_008601,treatment,1,1
profile_008602,control,0,0
profile_008603,control,1,1
profile_008604,treatment,1,1
profile_008605,treatment,0,1
profile_008606,control,1,1
profile_008607,control,1,1
profile_008608,control,1,1
profile_008609,control,1,1
profile_008610,control,1,1
profile_008611,control,0,1
profile_008612,treatment,0,1
profile_008613,treatment,1,1
profile_008614,treatment,0,0
profile_008615,control,1,1
profile_008616,control,1,1
profile_008617,control,1,1
profile_008618,control,0,1
profile_008619,control,1,1
profile_008620,treatment,0,1
profile_008621,control,1,1
profile_008622,control,1,1
profile_008623,control,0,0
profile_008624,control,1,1
profile_008625,treatment,1,1
profile_008626,control,0,0
profile_008627,control,0,0
profile_008628,treatment,1,1
profile_008629,treatment,1,1
profile_008630,control,0,1
profile_008631,treatment,1,1
profile_008632,treatment,0,1
profile_008633,treatment,1,1
profile_008634,control,0,1
profile_008635,treatment,0,1
profile_008636,control,0,1
profile_008637,control,1,1
profile_008638,treatment,1,1
profile_008639,control,1,1
profile_008640,control,1,1
profile_008641,treatment,1,1
profile_008642,control,1,1
profile_008643,treatment,0,1
profile_008644,treatment,1,1
profile_008645,control,1,1
profile_008646,treatment,0,0
profile_008647,treatment,0,1
profile_008648,control,1,1
profile_008649,treatment,1,1
profile_008650,treatment,1,1
profile_008651,treatment,0,0
profile_008652,treatment,0,0
profile_008653,treatment,0,0
profile_008654,control,0,0
profile_008655,control,0,1
profile_008656,treatment,0,1
profile_008657,treatment,0,0
profile_008658,treatment,1,1
profile_008659,control,1,1
profile_008660,control,1,1
profile_008661,treatment,1,1
profile_008662,treatment,0,0
profile_008663,treatment,0,0
profile_008664,treatment,0,1
profile_008665,treatment,1,1
profile_008666,treatment,0,1
profile_008667,control,1,1
profile_008668,control,0,1
profile_008669,control,1,1
profile_008670,treatment,0,1
profile_008671,treatment,0,1
profile_008672,treatment,0,1
profile_008673,treatment,0,1
profile_008674,control,1,1
profile_008675,control,1,1
profile_008676,treatment,0,1
profile_008677,control,0,1
profile_008678,control,1,1
profile_008679,control,0,1
profile_008680,control,0,0
profile_008681,treatment,1,1
profile_008682,control,0,0
profile_008683,control,0,0
profile_008684,control,1,1
profile_008685,treatment,1,1
profile_008686,control,0,0
profile_008687,treatment,1,1
profile_008688,treatment,1,1
profile_008689,treatment,0,0
profile_008690,treatment,1,1
profile_008691,treatment,0,1
profile_008692,control,1,1
profile_008693,control,1,1
profile_008694,treatment,1,1
profile_008695,treatment,1,1
profile_008696,control,0,0
profile_008697,control,0,1
profile_008698,control,0,0
profile_008699,treatment,0,0
profile_008700,control,0,0
profile_008701,control,0,0
profile_008702,treatment,0,0
profile_008703,treatment,1,1
profile_008704,treatment,0,0
profile_008705,treatment,1,1
profile_008706,treatment,0,1
profile_008707,control,1,1
profile_008708,control,1,1
profile_008709,control,1,1
profile_008710,control,0,0
profile_008711,treatment,1,1
profile_008712,control,1,1
profile_008713,treatment,1,1
profile_008714,treatment,1,1
profile_008715,treatment,0,1
profile_008716,control,1,1
profile_008717,treatment,0,0
profile_008718,treatment,1,1
profile_008719,treatment,0,1
profile_008720,control,0,1
profile_008721,treatment,1,1
profile_008722,treatment,1,1
profile_008723,control,1,1
profile_008724,control,0,1
profile_008725,treatment,1,1
profile_008726,control,1,1
profile_008727,control,1,1
profile_008728,control,0,1
profile_008729,control,0,1
profile_008730,treatment,1,1
profile_008731,control,0,1
profile_008732,treatment,1,1
profile_008733,control,1,1
profile_008734,control,1,1
profile_008735,treatment,0,1
profile_008736,treatment,1,1
profile_008737,control,0,0
profile_008738,control,1,1
profile_008739,control,0,0
profile_008740,control,1,1
profile_008741,control,0,1
profile_008742,control,1,1
profile_008743,control,0,1
profile_008744,treatment,1,1
profile_008745,control,0,1
profile_008746,control,1,1
profile_008747,control,0,0
profile_008748,treatment,1,1
profile_008749,treatment,1,1
profile_008750,control,0,1
profile_008751,control,0,1
profile_008752,treatment,1,1
profile_008753,control,0,0
profile_008754,control,1,1
profile_008755,treatment,0,1
profile_008756,treatment,1,1
profile_008757,control,1,1
profile_008758,treatment,1,1
profile_008759,treatment,0,0
profile_008760,control,0,0
profile_008761,treatment,0,1
profile_008762,control,1,1
profile_008763,treatment,1,1
profile_008764,control,1,1
profile_008765,control,0,0
profile_008766,control,1,1
profile_008767,control,1,1
profile_008768,treatment,0,0
profile_008769,control,1,1
profile_008770,control,1,1
profile_008771,control,0,0
profile_008772,control,1,1
profile_008773,treatment,1,1
profile_008774,control,0,0
profile_008775,treatment,0,1
profile_008776,treatment,1,1
profile_008777,treatment,0,1
profile_008778,control,1,1
profile_008779,control,0,1
profile_008780,treatment,1,1
profile_008781,control,0,0
profile_008782,treatment,1,1
profile_008783,treatment,1,1
profile_008784,control,0,1
profile_008785,control,1,1
profile_008786,treatment,1,1
profile_008787,treatment,0,0
profile_008788,treatment,1,1
profile_008789,treatment,1,1
profile_008790,treatment,0,1
profile_008791,control,0,1
profile_008792,treatment,1,1
profile_008793,treatment,0,0
profile_008794,treatment,0,1
profile_008795,treatment,0,1
profile_008796,control,0,0
profile_008797,treatment,1,1
profile_008798,control,0,0
profile_008799,control,0,1
profile_008800,control,1,1
profile_008801,control,1,1
profile_008802,treatment,1,1
profile_008803,treatment,0,1
profile_008804,treatment,1,1
profile_008805,control,1,1
profile_008806,treatment,0,1
profile_008807,control,1,1
profile_008808,control,0,0
profile_008809,treatment,1,1
profile_008810,control,1,1
profile_008811,treatment,0,1
profile_008812,control,1,1
profile_008813,control,1,1
profile_008814,control,1,1
profile_008815,treatment,1,1
profile_008816,control,1,1
profile_008817,treatment,0,0
profile_008818,treatment,1,1
profile_008819,control,1,1
profile_008820,control,1,1
profile_008821,control,1,1
profile_008822,control,1,1
profile_008823,control,1,1
profile_008824,treatment,1,1
profile_008825,control,0,1
profile_008826,treatment,0,1
profile_008827,control,1,1
profile_008828,control,1,1
profile_008829,treatment,0,0
profile_008830,treatment,1,1
profile_008831,control,1,1
profile_008832,treatment,0,1
profile_008833,control,0,1
profile_008834,control,1,1
profile_008835,treatment,1,1
profile_008836,control,1,1
profile_008837,control,1,1
profile_008838,treatment,0,0
profile_008839,treatment,1,1
profile_008840,control,1,1
profile_008841,treatment,1,1
profile_008842,control,1,1
profile_008843,treatment,1,1
profile_008844,treatment,0,1
profile_008845,treatment,1,1
profile_008846,control,0,1
profile_008847,control,0,0
profile_008848,control,1,1
profile_008849,control,1,1
profile_008850,treatment,0,0
profile_008851,control,0,1
profile_008852,control,1,1
profile_008853,control,0,1
profile_008854,control,0,1
profile_008855,treatment,0,1
profile_008856,treatment,0,0
profile_008857,treatment,0,1
profile_008858,treatment,0,0
profile_008859,control,0,1
profile_008860,control,0,0
profile_008861,treatment,0,1
profile_008862,control,1,1
profile_008863,control,0,1
profile_008864,treatment,1,1
profile_008865,treatment,1,1
profile_008866,control,1,1
profile_008867,control,1,1
profile_008868,control,0,1
profile_008869,treatment,0,0
profile_008870,treatment,0,0
profile_008871,control,1,1
profile_008872,control,0,1
profile_008873,control,0,0
profile_008874,control,0,0
profile_008875,treatment,1,1
profile_008876,control,1,1
profile_008877,control,1,1
profile_008878,control,0,1
profile_008879,treatment,0,1
profile_008880,treatment,1,1
profile_008881,treatment,1,1
profile_008882,treatment,1,1
profile_008883,treatment,1,1
profile_008884,treatment,0,0
profile_008885,control,1,1
profile_008886,control,0,1
profile_008887,control,0,1
profile_008888,control,0,1
profile_008889,control,1,1
profile_008890,treatment,1,1
profile_008891,control,0,1
profile_008892,control,0,1
profile_008893,control,1,1
profile_008894,control,0,0
profile_008895,control,1,1
profile_008896,treatment,0,0
profile_008897,treatment,1,1
profile_008898,control,0,0
profile_008899,treatment,0,1
profile_008900,treatment,0,1
profile_008901,control,0,1
profile_008902,control,1,1
profile_008903,treatment,1,1
profile_008904,treatment,0,0
profile_008905,control,0,0
profile_008906,control,0,1
profile_008907,control,0,0
profile_008908,control,1,1
profile_008909,treatment,0,1
profile_008910,control,0,0
profile_008911,treatment,0,1
profile_008912,control,1,1
profile_008913,treatment,1,1
profile_008914,control,0,1
profile_008915,control,0,0
profile_008916,treatment,0,0
profile_008917,control,0,1
profile_008918,treatment,1,1
profile_008919,control,1,1
profile_008920,control,1,1
profile_008921,control,1,1
profile_008922,treatment,1,1
profile_008923,treatment,1,1
profile_008924,treatment,1,1
profile_008925,treatment,0,1
profile_008926,treatment,1,1
profile_008927,control,0,1
profile_008928,control,0,1
profile_008929,control,0,1
profile_008930,treatment,1,1
profile_008931,treatment,1,1
profile_008932,treatment,0,1
profile_008933,control,1,1
profile_008934,control,0,0
profile_008935,control,1,1
profile_008936,control,1,1
profile_008937,control,0,0
profile_008938,treatment,0,1
profile_008939,treatment,1,1
profile_008940,treatment,0,0
profile_008941,control,0,0
profile_008942,treatment,1,1
profile_008943,control,0,1
profile_008944,control,1,1
profile_008945,control,1,1
profile_008946,control,1,1
profile_008947,control,1,1
profile_008948,control,0,0
profile_008949,treatment,1,1
profile_008950,control,1,1
profile_008951,control,1,1
profile_008952,treatment,1,1
profile_008953,treatment,1,1
profile_008954,treatment,0,0
profile_008955,treatment,1,1
profile_008956,control,0,0
profile_008957,treatment,1,1
profile_008958,control,1,1
profile_008959,treatment,1,1
profile_008960,treatment,0,1
profile_008961,control,1,1
profile_008962,control,0,0
profile_008963,treatment,0,1
profile_008964,treatment,1,1
profile_008965,control,1,1
profile_008966,treatment,0,0
profile_008967,control,1,1
profile_008968,treatment,0,0
profile_008969,treatment,1,1
profile_008970,control,1,1
profile_008971,control,1,1
profile_008972,control,0,1
profile_008973,treatment,0,0
profile_008974,treatment,1,1
profile_008975,control,1,1
profile_008976,control,1,1
profile_008977,control,0,1
profile_008978,treatment,0,1
profile_008979,control,1,1
profile_008980,control,0,1
profile_008981,control,1,1
profile_008982,treatment,1,1
profile_008983,control,0,1
profile_008984,control,1,1
profile_008985,treatment,1,1
profile_008986,treatment,1,1
profile_008987,treatment,0,1
profile_008988,control,1,1
profile_008989,treatment,1,1
profile_008990,control,1,1
profile_008991,control,0,1
profile_008992,control,1,1
profile_008993,treatment,1,1
profile_008994,treatment,1,1
profile_008995,control,1,1
profile_008996,treatment,0,0
profile_008997,treatment,0,0
profile_008998,control,0,1
profile_008999,treatment,0,0
profile_009000,control,1,1
profile_009001,treatment,0,1
profile_009002,treatment,0,1
profile_009003,control,0,0
profile_009004,control,0,0
profile_009005,control,1,1
profile_009006,control,0,0
profile_009007,treatment,0,0
profile_009008,control,0,1
profile_009009,control,1,1
profile_009010,control,0,1
profile_009011,treatment,1,1
profile_009012,control,0,0
profile_009013,control,0,0
profile_009014,control,1,1
profile_009015,control,1,1
profile_009016,treatment,0,0
profile_009017,treatment,1,1
profile_009018,control,1,1
profile_009019,treatment,1,1
profile_009020,treatment,1,1
profile_009021,control,0,0
profile_009022,treatment,0,1
profile_009023,treatment,0,0
profile_009024,control,0,1
profile_009025,treatment,1,1
profile_009026,treatment,1,1
profile_009027,control,1,1
profile_009028,treatment,0,0
profile_009029,control,1,1
profile_009030,treatment,1,1
profile_009031,control,0,0
profile_009032,treatment,1,1
profile_009033,control,0,1
profile_009034,treatment,1,1
profile_009035,control,1,1
profile_009036,control,1,1
profile_009037,treatment,1,1
profile_009038,control,1,1
profile_009039,control,0,1
profile_009040,treatment,1,1
profile_009041,control,0,1
profile_009042,control,0,0
profile_009043,control,1,1
profile_009044,treatment,0,1
profile_009045,treatment,1,1
profile_009046,control,1,1
profile_009047,control,0,0
profile_009048,control,1,1
profile_009049,treatment,1,1
profile_009050,control,1,1
profile_009051,treatment,0,1
profile_009052,control,1,1
profile_009053,control,0,0
profile_009054,treatment,0,0
profile_009055,treatment,1,1
profile_009056,control,1,1
profile_009057,control,1,1
profile_009058,treatment,1,1
profile_009059,control,1,1
profile_009060,treatment,0,1
profile_009061,control,0,0
profile_009062,treatment,0,1
profile_009063,control,1,1
profile_009064,control,1,1
profile_009065,control,1,1
profile_009066,treatment,0,1
profile_009067,control,0,1
profile_009068,treatment,0,0
profile_009069,control,0,0
profile_009070,treatment,1,1
profile_009071,treatment,1,1
profile_009072,treatment,1,1
profile_009073,control,0,0
profile_009074,control,1,1
profile_009075,control,0,1
profile_009076,control,0,1
profile_009077,treatment,0,1
profile_009078,control,0,1
profile_009079,control,0,0
profile_009080,treatment,0,1
profile_009081,control,1,1
profile_009082,control,0,1
profile_009083,control,1,1
profile_009084,control,0,1
profile_009085,control,1,1
profile_009086,treatment,0,1
profile_009087,control,0,0
profile_009088,treatment,0,1
profile_009089,control,0,1
profile_009090,treatment,1,1
profile_009091,treatment,0,0
profile_009092,treatment,0,1
profile_009093,treatment,1,1
profile_009094,control,1,1
profile_009095,treatment,1,1
profile_009096,treatment,1,1
profile_009097,control,1,1
profile_009098,control,1,1
profile_009099,treatment,1,1
profile_009100,control,1,1
profile_009101,control,1,1
profile_009102,control,1,1
profile_009103,treatment,0,1
profile_009104,control,1,1
profile_009105,treatment,1,1
profile_009106,treatment,1,1
profile_009107,control,0,1
profile_009108,treatment,1,1
profile_009109,treatment,1,1
profile_009110,control,0,0
profile_009111,treatment,0,1
profile_009112,treatment,1,1
profile_009113,control,0,1
profile_009114,control,0,1
profile_009115,treatment,1,1
profile_009116,control,0,0
profile_009117,control,0,1
profile_009118,control,0,1
profile_009119,control,0,0
profile_009120,treatment,1,1
profile_009121,treatment,1,1
profile_009122,control,0,1
profile_009123,control,1,1
profile_009124,control,0,1
profile_009125,treatment,0,0
profile_009126,control,0,0
profile_009127,treatment,0,1
profile_009128,treatment,0,0
profile_009129,control,0,1
profile_009130,treatment,0,0
profile_009131,treatment,1,1
profile_009132,control,1,1
profile_009133,treatment,1,1
profile_009134,treatment,0,0
profile_009135,treatment,0,0
profile_009136,control,1,1
profile_009137,treatment,0,0
profile_009138,control,1,1
profile_009139,control,1,1
profile_009140,treatment,1,1
profile_009141,treatment,0,1
profile_009142,control,1,1
profile_009143,treatment,0,0
profile_009144,control,0,1
profile_009145,treatment,0,0
profile_009146,treatment,1,1
profile_009147,control,0,0
profile_009148,treatment,0,1
profile_009149,control,1,1
profile_009150,control,1,1
profile_009151,treatment,0,0
profile_009152,control,1,1
profile_009153,control,1,1
profile_009154,treatment,1,1
profile_009155,control,0,1
profile_009156,treatment,1,1
profile_009157,control,1,1
profile_009158,control,1,1
profile_009159,treatment,0,0
profile_009160,treatment,1,1
profile_009161,treatment,1,1
profile_009162,control,1,1
profile_009163,control,1,1
profile_009164,control,0,0
profile_009165,treatment,0,1
profile_009166,treatment,0,0
profile_009167,treatment,1,1
profile_009168,treatment,0,1
profile_009169,treatment,1,1
profile_009170,control,1,1
profile_009171,control,0,1
profile_009172,control,0,0
profile_009173,control,1,1
profile_009174,control,0,1
profile_009175,treatment,1,1
profile_009176,control,0,1
profile_009177,treatment,0,1
profile_009178,control,0,1
profile_009179,control,1,1
profile_009180,control,1,1
profile_009181,control,1,1
profile_009182,treatment,0,1
profile_009183,control,0,0
profile_009184,control,1,1
profile_009185,control,1,1
profile_009186,control,1,1
profile_009187,control,1,1
profile_009188,treatment,1,1
profile_009189,control,0,1
profile_009190,treatment,0,0
profile_009191,treatment,1,1
profile_009192,treatment,1,1
profile_009193,control,0,0
profile_009194,treatment,1,1
profile_009195,treatment,1,1
profile_009196,control,1,1
profile_009197,treatment,0,1
profile_009198,control,0,1
profile_009199,control,1,1
profile_009200,control,0,0
profile_009201,treatment,0,1
profile_009202,control,0,0
profile_009203,treatment,1,1
profile_009204,control,0,0
profile_009205,treatment,1,1
profile_009206,control,1,1
profile_009207,treatment,0,0
profile_009208,control,1,1
profile_009209,treatment,0,1
profile_009210,control,0,0
profile_009211,treatment,0,0
profile_009212,control,0,1
profile_009213,treatment,0,0
profile_009214,treatment,1,1
profile_009215,treatment,1,1
profile_009216,treatment,0,1
profile_009217,treatment,1,1
profile_009218,treatment,0,1
profile_009219,control,1,1
profile_009220,control,1,1
profile_009221,control,1,1
profile_009222,control,0,1
profile_009223,treatment,0,0
profile_009224,control,0,1
profile_009225,control,0,1
profile_009226,treatment,0,0
profile_009227,treatment,1,1
profile_009228,control,1,1
profile_009229,treatment,1,1
profile_009230,treatment,1,1
profile_009231,treatment,0,1
profile_009232,treatment,1,1
profile_009233,control,0,0
profile_009234,treatment,0,1
profile_009235,control,1,1
profile_009236,control,1,1
profile_009237,treatment,1,1
profile_009238,treatment,0,1
profile_009239,treatment,1,1
profile_009240,treatment,0,1
profile_009241,treatment,0,1
profile_009242,treatment,1,1
profile_009243,control,1,1
profile_009244,control,0,0
profile_009245,control,1,1
profile_009246,control,0,1
profile_009247,treatment,1,1
profile_009248,control,1,1
profile_009249,control,0,0
profile_009250,control,0,1
profile_009251,control,1,1
profile_009252,control,1,1
profile_009253,control,1,1
profile_009254,control,1,1
profile_009255,treatment,0,0
profile_009256,treatment,1,1
profile_009257,control,0,0
profile_009258,treatment,0,1
profile_009259,treatment,1,1
profile_009260,treatment,1,1
profile_009261,control,0,1
profile_009262,control,1,1
profile_009263,treatment,1,1
profile_009264,control,0,1
profile_009265,treatment,1,1
profile_009266,treatment,1,1
profile_009267,control,0,1
profile_009268,treatment,1,1
profile_009269,control,1,1
profile_009270,control,0,1
profile_009271,treatment,0,1
profile_009272,treatment,1,1
profile_009273,control,0,1
profile_009274,treatment,1,1
profile_009275,control,1,1
profile_009276,control,1,1
profile_009277,treatment,0,0
profile_009278,control,1,1
profile_009279,treatment,0,0
profile_009280,control,0,0
profile_009281,control,1,1
profile_009282,treatment,1,1
profile_009283,control,1,1
profile_009284,treatment,1,1
profile_009285,treatment,0,0
profile_009286,control,1,1
profile_009287,treatment,1,1
profile_009288,control,1,1
profile_009289,treatment,1,1
profile_009290,control,0,0
profile_009291,control,1,1
profile_009292,treatment,1,1
profile_009293,treatment,0,0
profile_009294,control,1,1
profile_009295,control,1,1
profile_009296,treatment,1,1
profile_009297,treatment,1,1
profile_009298,control,1,1
profile_009299,control,1,1
profile_009300,control,0,0
profile_009301,control,1,1
profile_009302,treatment,0,1
profile_009303,control,1,1
profile_009304,control,1,1
profile_009305,treatment,0,0
profile_009306,treatment,0,1
profile_009307,control,0,1
profile_009308,treatment,1,1
profile_009309,treatment,0,1
profile_009310,treatment,1,1
profile_009311,treatment,1,1
profile_009312,control,0,0
profile_009313,control,1,1
profile_009314,treatment,1,1
profile_009315,treatment,0,0
profile_009316,treatment,1,1
profile_009317,control,1,1
profile_009318,treatment,0,0
profile_009319,treatment,1,1
profile_009320,treatment,0,0
profile_009321,control,1,1
profile_009322,treatment,1,1
profile_009323,control,0,1
profile_009324,control,1,1
profile_009325,control,0,0
profile_009326,control,1,1
profile_009327,control,1,1
profile_009328,treatment,0,1
profile_009329,treatment,0,1
profile_009330,treatment,0,1
profile_009331,treatment,1,1
profile_009332,treatment,1,1
profile_009333,treatment,1,1
profile_009334,treatment,1,1
profile_009335,control,0,0
profile_009336,control,0,0
profile_009337,treatment,1,1
profile_009338,control,1,1
profile_009339,control,1,1
profile_009340,control,0,1
profile_009341,treatment,1,1
profile_009342,treatment,0,0
profile_009343,treatment,0,0
profile_009344,control,0,1
profile_009345,treatment,0,1
profile_009346,control,0,1
profile_009347,treatment,1,1
profile_009348,treatment,0,0
profile_009349,control,1,1
profile_009350,control,1,1
profile_009351,treatment,0,0
profile_009352,treatment,1,1
profile_009353,control,1,1
profile_009354,treatment,0,1
profile_009355,treatment,1,1
profile_009356,control,0,1
profile_009357,control,1,1
profile_009358,control,0,1
profile_009359,control,1,1
profile_009360,control,0,1
profile_009361,treatment,1,1
profile_009362,control,0,0
profile_009363,treatment,1,1
profile_009364,treatment,1,1
profile_009365,treatment,0,1
profile_009366,control,1,1
profile_009367,control,1,1
profile_009368,treatment,1,1
profile_009369,control,1,1
profile_009370,treatment,0,0
profile_009371,control,1,1
profile_009372,treatment,1,1
profile_009373,treatment,1,1
profile_009374,control,0,0
profile_009375,control,1,1
profile_009376,control,0,0
profile_009377,control,1,1
profile_009378,control,0,0
profile_009379,treatment,1,1
profile_009380,treatment,1,1
profile_009381,treatment,1,1
profile_009382,control,1,1
profile_009383,treatment,0,0
profile_009384,treatment,1,1
profile_009385,treatment,0,0
profile_009386,control,1,1
profile_009387,control,1,1
profile_009388,treatment,0,0
profile_009389,treatment,1,1
profile_009390,treatment,1,1
profile_009391,control,0,0
profile_009392,control,0,0
profile_009393,treatment,1,1
profile_009394,control,1,1
profile_009395,control,0,1
profile_009396,treatment,1,1
profile_009397,control,0,0
profile_009398,treatment,0,1
profile_009399,control,1,1
profile_009400,treatment,0,0
profile_009401,treatment,0,1
profile_009402,treatment,0,1
profile_009403,control,1,1
profile_009404,treatment,0,0
profile_009405,treatment,1,1
profile_009406,treatment,1,1
profile_009407,control,1,1
profile_009408,treatment,0,0
profile_009409,control,0,1
profile_009410,control,1,1
profile_009411,treatment,1,1
profile_009412,control,1,1
profile_009413,treatment,0,1
profile_009414,control,0,1
profile_009415,control,0,0
profile_009416,control,0,0
profile_009417,control,1,1
profile_009418,treatment,1,1
profile_009419,treatment,1,1
profile_009420,control,1,1
profile_009421,control,1,1
profile_009422,control,0,1
profile_009423,treatment,1,1
profile_009424,treatment,1,1
profile_009425,control,0,0
profile_009426,treatment,0,0
profile_009427,treatment,1,1
profile_009428,treatment,0,1
profile_009429,treatment,1,1
profile_009430,treatment,1,1
profile_009431,control,1,1
profile_009432,control,0,1
profile_009433,control,1,1
profile_009434,control,1,1
profile_009435,control,0,0
profile_009436,control,0,0
profile_009437,treatment,0,1
profile_009438,treatment,1,1
profile_009439,treatment,0,0
profile_009440,control,0,0
profile_009441,treatment,1,1
profile_009442,treatment,1,1
profile_009443,treatment,1,1
profile_009444,control,1,1
profile_009445,control,1,1
profile_009446,control,0,1
profile_009447,control,1,1
profile_009448,control,0,0
profile_009449,treatment,1,1
profile_009450,treatment,0,1
profile_009451,control,1,1
profile_009452,treatment,0,1
profile_009453,control,1,1
profile_009454,control,1,1
profile_009455,treatment,0,1
profile_009456,control,1,1
profile_009457,control,1,1
profile_009458,treatment,0,0
profile_009459,treatment,1,1
profile_009460,treatment,1,1
profile_009461,control,1,1
profile_009462,control,1,1
profile_009463,treatment,0,1
profile_009464,control,1,1
profile_009465,control,0,1
profile_009466,treatment,1,1
profile_009467,treatment,1,1
profile_009468,treatment,1,1
profile_009469,control,1,1
profile_009470,treatment,1,1
profile_009471,control,1,1
profile_009472,control,1,1
profile_009473,control,1,1
profile_009474,control,1,1
profile_009475,treatment,1,1
profile_009476,control,0,1
profile_009477,control,0,0
profile_009478,treatment,0,1
profile_009479,control,1,1
profile_009480,treatment,1,1
profile_009481,control,1,1
profile_009482,control,0,0
profile_009483,treatment,0,1
profile_009484,treatment,1,1
profile_009485,treatment,1,1
profile_009486,control,1,1
profile_009487,control,1,1
profile_009488,treatment,1,1
profile_009489,treatment,1,1
profile_009490,control,0,1
profile_009491,control,1,1
profile_009492,control,1,1
profile_009493,treatment,0,1
profile_009494,treatment,0,1
profile_009495,treatment,1,1
profile_009496,treatment,0,0
profile_009497,treatment,1,1
profile_009498,treatment,1,1
profile_009499,control,1,1
profile_009500,control,1,1
profile_009501,treatment,0,1
profile_009502,treatment,1,1
profile_009503,control,1,1
profile_009504,control,0,1
profile_009505,control,0,0
profile_009506,treatment,0,1
profile_009507,treatment,1,1
profile_009508,control,0,1
profile_009509,treatment,0,0
profile_009510,control,1,1
profile_009511,control,1,1
profile_009512,control,0,0
profile_009513,treatment,0,0
profile_009514,control,1,1
profile_009515,control,1,1
profile_009516,control,0,0
profile_009517,treatment,1,1
profile_009518,control,1,1
profile_009519,control,1,1
profile_009520,treatment,1,1
profile_009521,control,0,1
profile_009522,control,1,1
profile_009523,treatment,1,1
profile_009524,treatment,0,1
profile_009525,control,1,1
profile_009526,treatment,1,1
profile_009527,treatment,1,1
profile_009528,control,1,1
profile_009529,control,1,1
profile_009530,treatment,1,1
profile_009531,control,1,1
profile_009532,control,0,0
profile_009533,control,1,1
profile_009534,treatment,1,1
profile_009535,control,0,0
profile_009536,treatment,1,1
profile_009537,treatment,0,1
profile_009538,control,1,1
profile_009539,treatment,1,1
profile_009540,treatment,1,1
profile_009541,control,1,1
profile_009542,treatment,1,1
profile_009543,control,0,0
profile_009544,treatment,0,1
profile_009545,control,1,1
profile_009546,control,1,1
profile_009547,treatment,0,1
profile_009548,treatment,1,1
profile_009549,control,1,1
profile_009550,treatment,0,1
profile_009551,treatment,0,1
profile_009552,control,0,0
profile_009553,treatment,1,1
profile_009554,control,1,1
profile_009555,control,1,1
profile_009556,treatment,1,1
profile_009557,treatment,0,0
profile_009558,treatment,1,1
profile_009559,control,1,1
profile_009560,treatment,1,1
profile_009561,treatment,1,1
profile_009562,treatment,1,1
profile_009563,control,1,1
profile_009564,treatment,1,1
profile_009565,control,1,1
profile_009566,treatment,0,0
profile_009567,control,1,1
profile_009568,control,1,1
profile_009569,control,0,0
profile_009570,treatment,1,1
profile_009571,control,1,1
profile_009572,control,0,0
profile_009573,treatment,1,1
profile_009574,treatment,0,1
profile_009575,treatment,1,1
profile_009576,control,0,1
profile_009577,treatment,1,1
profile_009578,control,1,1
profile_009579,control,1,1
profile_009580,treatment,1,1
profile_009581,control,1,1
profile_009582,control,0,0
profile_009583,control,1,1
profile_009584,treatment,0,1
profile_009585,control,1,1
profile_009586,treatment,0,1
profile_009587,treatment,1,1
profile_009588,control,0,1
profile_009589,treatment,0,1
profile_009590,treatment,0,1
profile_009591,control,1,1
profile_009592,control,1,1
profile_009593,control,1,1
profile_009594,treatment,0,1
profile_009595,treatment,1,1
profile_009596,treatment,1,1
profile_009597,control,1,1
profile_009598,control,1,1
profile_009599,treatment,1,1
profile_009600,treatment,1,1
profile_009601,control,0,0
profile_009602,control,0,1
profile_009603,treatment,1,1
profile_009604,treatment,0,1
profile_009605,control,0,1
profile_009606,treatment,1,1
profile_009607,treatment,1,1
profile_009608,control,1,1
profile_009609,control,0,0
profile_009610,control,0,1
profile_009611,control,1,1
profile_009612,control,1,1
profile_009613,control,0,1
profile_009614,control,0,0
profile_009615,treatment,1,1
profile_009616,control,1,1
profile_009617,treatment,1,1
profile_009618,treatment,0,0
profile_009619,control,1,1
profile_009620,control,1,1
profile_009621,treatment,1,1
profile_009622,control,1,1
profile_009623,treatment,1,1
profile_009624,treatment,0,0
profile_009625,control,1,1
profile_009626,control,0,1
profile_009627,control,0,0
profile_009628,treatment,1,1
profile_009629,treatment,0,1
profile_009630,control,1,1
profile_009631,treatment,1,1
profile_009632,control,1,1
profile_009633,control,1,1
profile_009634,control,1,1
profile_009635,treatment,1,1
profile_009636,control,1,1
profile_009637,treatment,1,1
profile_009638,control,0,0
profile_009639,control,1,1
profile_009640,control,0,1
profile_009641,treatment,1,1
profile_009642,control,1,1
profile_009643,treatment,1,1
profile_009644,treatment,1,1
profile_009645,treatment,1,1
profile_009646,treatment,1,1
profile_009647,treatment,1,1
profile_009648,control,1,1
profile_009649,control,0,0
profile_009650,treatment,0,1
profile_009651,treatment,1,1
profile_009652,control,1,1
profile_009653,treatment,0,1
profile_009654,control,1,1
profile_009655,treatment,0,0
profile_009656,control,1,1
profile_009657,treatment,1,1
profile_009658,control,0,0
profile_009659,treatment,1,1
profile_009660,control,0,0
profile_009661,treatment,0,0
profile_009662,control,0,1
profile_009663,control,1,1
profile_009664,control,1,1
profile_009665,treatment,0,0
profile_009666,treatment,0,0
profile_009667,treatment,0,1
profile_009668,treatment,1,1
profile_009669,treatment,1,1
profile_009670,control,1,1
profile_009671,treatment,0,0
profile_009672,treatment,0,1
profile_009673,treatment,1,1
profile_009674,treatment,1,1
profile_009675,treatment,1,1
profile_009676,control,1,1
profile_009677,treatment,1,1
profile_009678,treatment,1,1
profile_009679,control,0,1
profile_009680,treatment,0,1
profile_009681,treatment,1,1
profile_009682,treatment,0,0
profile_009683,treatment,0,1
profile_009684,treatment,0,1
profile_009685,treatment,1,1
profile_009686,treatment,0,0
profile_009687,control,1,1
profile_009688,control,0,0
profile_009689,treatment,0,1
profile_009690,treatment,0,1
profile_009691,treatment,0,0
profile_009692,treatment,1,1
profile_009693,treatment,1,1
profile_009694,control,0,0
profile_009695,treatment,1,1
profile_009696,control,0,0
profile_009697,treatment,1,1
profile_009698,control,0,1
profile_009699,control,0,1
profile_009700,treatment,0,1
profile_009701,treatment,0,0
profile_009702,control,1,1
profile_009703,treatment,0,1
profile_009704,control,1,1
profile_009705,treatment,1,1
profile_009706,treatment,0,1
profile_009707,control,0,0
profile_009708,treatment,0,1
profile_009709,control,1,1
profile_009710,treatment,0,1
profile_009711,treatment,1,1
profile_009712,treatment,0,0
profile_009713,treatment,0,1
profile_009714,treatment,0,0
profile_009715,control,1,1
profile_009716,control,1,1
profile_009717,treatment,1,1
profile_009718,treatment,0,1
profile_009719,treatment,1,1
profile_009720,control,0,0
profile_009721,treatment,0,1
profile_009722,control,0,1
profile_009723,treatment,1,1
profile_009724,control,1,1
profile_009725,treatment,1,1
profile_009726,control,1,1
profile_009727,control,0,1
profile_009728,treatment,0,1
profile_009729,treatment,0,1
profile_009730,control,0,0
profile_009731,treatment,1,1
profile_009732,control,1,1
profile_009733,control,0,1
profile_009734,treatment,0,1
profile_009735,treatment,0,0
profile_009736,control,1,1
profile_009737,control,1,1
profile_009738,control,1,1
profile_009739,treatment,1,1
profile_009740,control,0,1
profile_009741,treatment,1,1
profile_009742,treatment,0,1
profile_009743,treatment,1,1
profile_009744,control,1,1
profile_009745,control,1,1
profile_009746,treatment,1,1
profile_009747,control,0,1
profile_009748,treatment,1,1
profile_009749,treatment,1,1
profile_009750,control,0,1
profile_009751,control,0,1
profile_009752,control,1,1
profile_009753,treatment,0,0
profile_009754,treatment,1,1
profile_009755,control,0,0
profile_009756,treatment,0,1
profile_009757,control,0,1
profile_009758,treatment,1,1
profile_009759,treatment,1,1
profile_009760,control,1,1
profile_009761,treatment,0,0
profile_009762,treatment,0,1
profile_009763,treatment,1,1
profile_009764,control,0,1
profile_009765,treatment,0,1
profile_009766,treatment,1,1
profile_009767,control,1,1
profile_009768,control,1,1
profile_009769,treatment,0,0
profile_009770,treatment,0,0
profile_009771,control,1,1
profile_009772,treatment,0,0
profile_009773,control,1,1
profile_009774,control,1,1
profile_009775,control,1,1
profile_009776,treatment,1,1
profile_009777,control,0,0
profile_009778,treatment,1,1
profile_009779,treatment,1,1
profile_009780,control,0,1
profile_009781,control,1,1
profile_009782,control,1,1
profile_009783,control,1,1
profile_009784,treatment,1,1
profile_009785,control,0,0
profile_009786,treatment,1,1
profile_009787,control,1,1
profile_009788,treatment,1,1
profile_009789,treatment,1,1
profile_009790,treatment,1,1
profile_009791,treatment,0,0
profile_009792,treatment,1,1
profile_009793,treatment,1,1
profile_009794,treatment,1,1
profile_009795,treatment,1,1
profile_009796,treatment,1,1
profile_009797,treatment,1,1
profile_009798,control,0,1
profile_009799,treatment,0,0
profile_009800,control,0,1
profile_009801,treatment,1,1
profile_009802,treatment,1,1
profile_009803,control,1,1
profile_009804,treatment,1,1
profile_009805,treatment,1,1
profile_009806,control,1,1
profile_009807,treatment,1,1
profile_009808,treatment,1,1
profile_009809,control,0,0
profile_009810,treatment,1,1
profile_009811,control,0,1
profile_009812,control,0,1
profile_009813,control,1,1
profile_009814,control,1,1
profile_009815,treatment,0,1
profile_009816,treatment,1,1
profile_009817,treatment,0,1
profile_009818,control,0,1
profile_009819,control,1,1
profile_009820,control,1,1
profile_009821,control,1,1
profile_009822,control,1,1
profile_009823,control,1,1
profile_009824,treatment,1,1
profile_009825,control,0,0
profile_009826,treatment,1,1
profile_009827,control,1,1
profile_009828,treatment,1,1
profile_009829,control,1,1
profile_009830,treatment,0,1
profile_009831,treatment,1,1
profile_009832,control,1,1
profile_009833,treatment,1,1
profile_009834,control,0,1
profile_009835,treatment,0,1
profile_009836,treatment,1,1
profile_009837,control,1,1
profile_009838,treatment,1,1
profile_009839,treatment,1,1
profile_009840,control,1,1
profile_009841,treatment,1,1
profile_009842,treatment,1,1
profile_009843,control,1,1
profile_009844,control,0,1
profile_009845,control,1,1
profile_009846,control,1,1
profile_009847,treatment,0,0
profile_009848,control,0,0
profile_009849,control,1,1
profile_009850,control,1,1
profile_009851,control,1,1
profile_009852,control,0,1
profile_009853,treatment,0,0
profile_009854,treatment,1,1
profile_009855,control,1,1
profile_009856,control,0,0
profile_009857,treatment,1,1
profile_009858,control,1,1
profile_009859,control,0,1
profile_009860,treatment,1,1
profile_009861,treatment,0,1
profile_009862,control,1,1
profile_009863,control,1,1
profile_009864,treatment,1,1
profile_009865,treatment,1,1
profile_009866,control,1,1
profile_009867,treatment,1,1
profile_009868,treatment,1,1
profile_009869,treatment,1,1
profile_009870,control,1,1
profile_009871,control,1,1
profile_009872,control,1,1
profile_009873,treatment,1,1
profile_009874,control,1,1
profile_009875,control,0,1
profile_009876,control,1,1
profile_009877,treatment,0,1
profile_009878,treatment,1,1
profile_009879,control,1,1
profile_009880,treatment,0,0
profile_009881,control,1,1
profile_009882,treatment,1,1
profile_009883,control,0,0
profile_009884,control,1,1
profile_009885,treatment,0,1
profile_009886,treatment,0,0
profile_009887,treatment,1,1
profile_009888,control,1,1
profile_009889,control,1,1
profile_009890,treatment,0,0
profile_009891,control,1,1
profile_009892,control,0,1
profile_009893,control,0,1
profile_009894,control,1,1
profile_009895,treatment,1,1
profile_009896,control,0,1
profile_009897,control,0,1
profile_009898,control,1,1
profile_009899,control,0,1
profile_009900,treatment,0,1
profile_009901,treatment,1,1
profile_009902,control,1,1
profile_009903,treatment,1,1
profile_009904,treatment,0,0
profile_009905,treatment,0,0
profile_009906,treatment,1,1
profile_009907,control,0,0
profile_009908,control,1,1
profile_009909,treatment,1,1
profile_009910,control,0,0
profile_009911,control,0,0
profile_009912,control,1,1
profile_009913,control,0,0
profile_009914,treatment,1,1
profile_009915,control,1,1
profile_009916,control,1,1
profile_009917,control,1,1
profile_009918,treatment,1,1
profile_009919,treatment,0,0
profile_009920,treatment,0,1
profile_009921,treatment,1,1
profile_009922,control,1,1
profile_009923,treatment,1,1
profile_009924,control,1,1
profile_009925,control,1,1
profile_009926,control,1,1
profile_009927,control,1,1
profile_009928,control,0,1
profile_009929,control,1,1
profile_009930,treatment,0,1
profile_009931,control,1,1
profile_009932,control,1,1
profile_009933,control,1,1
profile_009934,treatment,1,1
profile_009935,control,0,0
profile_009936,control,1,1
profile_009937,control,1,1
profile_009938,treatment,0,0
profile_009939,treatment,1,1
profile_009940,control,1,1
profile_009941,control,0,1
profile_009942,treatment,1,1
profile_009943,treatment,0,1
profile_009944,control,0,0
profile_009945,treatment,1,1
profile_009946,treatment,0,1
profile_009947,treatment,0,0
profile_009948,control,0,0
profile_009949,treatment,0,1
profile_009950,treatment,1,1
profile_009951,treatment,1,1
profile_009952,treatment,1,1
profile_009953,treatment,1,1
profile_009954,treatment,0,1
profile_009955,treatment,0,1
profile_009956,control,0,1
profile_009957,treatment,0,1
profile_009958,control,1,1
profile_009959,control,0,0
profile_009960,control,0,1
profile_009961,treatment,1,1
profile_009962,control,0,0
profile_009963,treatment,0,1
profile_009964,control,0,1
profile_009965,control,0,1
profile_009966,control,1,1
profile_009967,control,1,1
profile_009968,control,1,1
profile_009969,treatment,1,1
profile_009970,control,0,0
profile_009971,treatment,1,1
profile_009972,control,1,1
profile_009973,control,1,1
profile_009974,treatment,0,1
profile_009975,treatment,1,1
profile_009976,treatment,0,1
profile_009977,control,0,0
profile_009978,control,0,1
profile_009979,control,0,1
profile_009980,treatment,0,1
profile_009981,control,1,1
profile_009982,treatment,0,0
profile_009983,control,0,1
profile_009984,control,1,1
profile_009985,control,1,1
profile_009986,control,1,1
profile_009987,treatment,1,1
profile_009988,treatment,1,1
profile_009989,treatment,1,1
profile_009990,control,1,1
profile_009991,treatment,0,1
profile_009992,treatment,1,1
profile_009993,control,0,0
profile_009994,control,0,0
profile_009995,treatment,0,0
profile_009996,control,1,1
profile_009997,treatment,1,1
profile_009998,treatment,0,0
profile_009999,treatment,1,1
profile_010000,control,1,1
profile_010001,control,1,1
profile_010002,treatment,1,1
profile_010003,treatment,0,0
profile_010004,treatment,1,1
profile_010005,treatment,0,1
profile_010006,treatment,1,1
profile_010007,control,1,1
profile_010008,control,1,1
profile_010009,treatment,1,1
profile_010010,control,1,1
profile_010011,control,1,1
profile_010012,control,0,0
profile_010013,control,1,1
profile_010014,treatment,1,1
profile_010015,control,1,1
profile_010016,control,1,1
profile_010017,control,0,0
profile_010018,treatment,1,1
profile_010019,treatment,1,1
profile_010020,treatment,1,1
profile_010021,treatment,0,0
profile_010022,control,0,0
profile_010023,treatment,1,1
profile_010024,treatment,0,0
profile_010025,control,1,1
profile_010026,treatment,0,0
profile_010027,control,1,1
profile_010028,control,1,1
profile_010029,control,0,1
profile_010030,control,0,1
profile_010031,treatment,1,1
profile_010032,control,1,1
profile_010033,control,0,1
profile_010034,control,0,1
profile_010035,control,0,1
profile_010036,treatment,0,0
profile_010037,treatment,1,1
profile_010038,control,1,1
profile_010039,treatment,1,1
profile_010040,treatment,1,1
profile_010041,treatment,0,0
profile_010042,treatment,1,1
profile_010043,treatment,1,1
profile_010044,control,0,1
profile_010045,treatment,0,0
profile_010046,treatment,1,1
profile_010047,control,1,1
profile_010048,control,1,1
profile_010049,treatment,1,1
profile_010050,control,1,1
profile_010051,treatment,0,0
profile_010052,treatment,1,1
profile_010053,treatment,0,1
profile_010054,control,0,1
profile_010055,treatment,0,1
profile_010056,treatment,0,1
profile_010057,treatment,0,0
profile_010058,treatment,1,1
profile_010059,treatment,1,1
profile_010060,control,1,1
profile_010061,control,1,1
profile_010062,control,1,1
profile_010063,control,0,0
profile_010064,control,1,1
profile_010065,treatment,0,0
profile_010066,treatment,1,1
profile_010067,control,0,1
profile_010068,treatment,0,0
profile_010069,control,0,1
profile_010070,treatment,0,1
profile_010071,treatment,0,1
profile_010072,treatment,1,1
profile_010073,control,0,0
profile_010074,treatment,0,0
profile_010075,control,0,1
profile_010076,treatment,1,1
profile_010077,control,1,1
profile_010078,treatment,1,1
profile_010079,treatment,1,1
profile_010080,control,1,1
profile_010081,control,1,1
profile_010082,treatment,0,1
profile_010083,control,1,1
profile_010084,control,1,1
profile_010085,control,1,1
profile_010086,control,0,0
profile_010087,control,1,1
profile_010088,control,0,1
profile_010089,control,0,0
profile_010090,control,1,1
profile_010091,treatment,0,1
profile_010092,control,0,0
profile_010093,treatment,1,1
profile_010094,treatment,1,1
profile_010095,control,1,1
profile_010096,control,1,1
profile_010097,control,1,1
profile_010098,treatment,0,0
profile_010099,treatment,1,1
profile_010100,control,0,1
profile_010101,control,1,1
profile_010102,control,0,1
profile_010103,treatment,0,1
profile_010104,treatment,1,1
profile_010105,control,1,1
profile_010106,control,0,1
profile_010107,treatment,0,1
profile_010108,treatment,1,1
profile_010109,treatment,1,1
profile_010110,treatment,0,0
profile_010111,control,1,1
profile_010112,control,1,1
profile_010113,treatment,1,1
profile_010114,treatment,0,1
profile_010115,treatment,1,1
profile_010116,treatment,1,1
profile_010117,control,1,1
profile_010118,control,1,1
profile_010119,treatment,0,1
profile_010120,control,0,0
profile_010121,treatment,1,1
profile_010122,treatment,0,0
profile_010123,treatment,1,1
profile_010124,treatment,1,1
profile_010125,treatment,1,1
profile_010126,treatment,1,1
profile_010127,treatment,1,1
profile_010128,treatment,1,1
profile_010129,control,1,1
profile_010130,treatment,1,1
profile_010131,control,1,1
profile_010132,treatment,1,1
profile_010133,control,1,1
profile_010134,control,0,0
profile_010135,control,1,1
profile_010136,control,1,1
profile_010137,control,1,1
profile_010138,control,0,1
profile_010139,treatment,0,0
profile_010140,control,1,1
profile_010141,control,0,1
profile_010142,treatment,0,1
profile_010143,treatment,0,1
profile_010144,control,1,1
profile_010145,control,1,1
profile_010146,treatment,1,1
profile_010147,control,1,1
profile_010148,treatment,1,1
profile_010149,control,1,1
profile_010150,control,1,1
profile_010151,treatment,1,1
profile_010152,control,1,1
profile_010153,treatment,1,1
profile_010154,treatment,0,1
profile_010155,control,0,0
profile_010156,control,1,1
profile_010157,treatment,1,1
profile_010158,control,1,1
profile_010159,control,1,1
profile_010160,control,1,1
profile_010161,control,1,1
profile_010162,treatment,0,1
profile_010163,control,1,1
profile_010164,control,1,1
profile_010165,treatment,1,1
profile_010166,control,1,1
profile_010167,control,0,1
profile_010168,control,1,1
profile_010169,control,1,1
profile_010170,treatment,1,1
profile_010171,treatment,0,0
profile_010172,treatment,0,1
profile_010173,control,1,1
profile_010174,treatment,1,1
profile_010175,treatment,1,1
profile_010176,treatment,1,1
profile_010177,treatment,0,1
profile_010178,treatment,0,1
profile_010179,control,1,1
profile_010180,treatment,0,1
profile_010181,control,0,0
profile_010182,treatment,1,1
profile_010183,treatment,1,1
profile_010184,control,1,1
profile_010185,treatment,1,1
profile_010186,treatment,0,1
profile_010187,control,1,1
profile_010188,treatment,1,1
profile_010189,control,1,1
profile_010190,treatment,0,1
profile_010191,control,1,1
profile_010192,treatment,1,1
profile_010193,treatment,1,1
profile_010194,treatment,0,1
profile_010195,control,0,0
profile_010196,treatment,1,1
profile_010197,control,1,1
profile_010198,control,0,0
profile_010199,control,1,1
profile_010200,treatment,1,1
profile_010201,control,1,1
profile_010202,treatment,1,1
profile_010203,control,1,1
profile_010204,control,1,1
profile_010205,treatment,1,1
profile_010206,treatment,1,1
profile_010207,treatment,1,1
profile_010208,control,1,1
profile_010209,control,0,0
profile_010210,control,0,0
profile_010211,treatment,1,1
profile_010212,treatment,1,1
profile_010213,treatment,1,1
profile_010214,treatment,0,0
profile_010215,treatment,0,0
profile_010216,treatment,1,1
profile_010217,control,1,1
profile_010218,treatment,1,1
profile_010219,treatment,0,1
profile_010220,treatment,1,1
profile_010221,control,1,1
profile_010222,control,1,1
profile_010223,control,0,0
profile_010224,treatment,1,1
profile_010225,control,0,0
profile_010226,control,1,1
profile_010227,treatment,1,1
profile_010228,treatment,0,1
profile_010229,control,0,1
profile_010230,treatment,1,1
profile_010231,control,1,1
profile_010232,treatment,0,1
profile_010233,treatment,0,1
profile_010234,control,0,0
profile_010235,treatment,0,1
profile_010236,control,0,0
profile_010237,control,0,1
profile_010238,control,0,0
profile_010239,control,1,1
profile_010240,control,1,1
profile_010241,treatment,0,0
profile_010242,control,1,1
profile_010243,control,0,1
profile_010244,control,0,0
profile_010245,control,1,1
profile_010246,treatment,0,1
profile_010247,control,0,0
profile_010248,treatment,0,1
profile_010249,treatment,1,1
profile_010250,control,1,1
profile_010251,control,1,1
profile_010252,control,1,1
profile_010253,control,1,1
profile_010254,control,1,1
profile_010255,treatment,1,1
profile_010256,treatment,0,1
profile_010257,control,0,1
profile_010258,control,0,1
profile_010259,control,1,1
profile_010260,control,0,1
profile_010261,treatment,1,1
profile_010262,treatment,0,1
profile_010263,treatment,1,1
profile_010264,treatment,0,0
profile_010265,treatment,1,1
profile_010266,treatment,0,0
profile_010267,treatment,1,1
profile_010268,treatment,1,1
profile_010269,control,1,1
profile_010270,control,1,1
profile_010271,treatment,0,1
profile_010272,control,1,1
profile_010273,control,1,1
profile_010274,treatment,0,0
profile_010275,control,1,1
profile_010276,control,1,1
profile_010277,treatment,1,1
profile_010278,control,0,1
profile_010279,treatment,0,1
profile_010280,control,1,1
profile_010281,control,0,1
profile_010282,treatment,1,1
profile_010283,control,1,1
profile_010284,control,0,0
profile_010285,treatment,0,0
profile_010286,treatment,0,1
profile_010287,control,0,1
profile_010288,control,1,1
profile_010289,control,1,1
profile_010290,control,0,1
profile_010291,treatment,1,1
profile_010292,treatment,1,1
profile_010293,control,0,1
profile_010294,treatment,0,0
profile_010295,control,1,1
profile_010296,control,1,1
profile_010297,control,0,1
profile_010298,control,1,1
profile_010299,treatment,0,1
profile_010300,control,1,1
profile_010301,treatment,1,1
profile_010302,control,1,1
profile_010303,treatment,1,1
profile_010304,control,0,1
profile_010305,control,0,1
profile_010306,treatment,0,1
profile_010307,treatment,0,1
profile_010308,treatment,1,1
profile_010309,control,0,1
profile_010310,control,1,1
profile_010311,control,0,1
profile_010312,control,1,1
profile_010313,treatment,1,1
profile_010314,control,1,1
profile_010315,control,1,1
profile_010316,control,0,0
profile_010317,control,0,0
profile_010318,treatment,0,1
profile_010319,treatment,1,1
profile_010320,control,1,1
profile_010321,control,1,1
profile_010322,control,1,1
profile_010323,control,1,1
profile_010324,control,1,1
profile_010325,treatment,1,1
profile_010326,treatment,1,1
profile_010327,treatment,0,0
profile_010328,control,0,0
profile_010329,control,0,1
profile_010330,treatment,1,1
profile_010331,treatment,0,1
profile_010332,control,0,1
profile_010333,treatment,0,0
profile_010334,control,1,1
profile_010335,treatment,1,1
profile_010336,control,1,1
profile_010337,control,0,1
profile_010338,treatment,1,1
profile_010339,treatment,1,1
profile_010340,treatment,0,1
profile_010341,treatment,0,0
profile_010342,control,1,1
profile_010343,treatment,1,1
profile_010344,treatment,0,1
profile_010345,treatment,1,1
profile_010346,control,1,1
profile_010347,treatment,0,1
profile_010348,control,1,1
profile_010349,treatment,1,1
profile_010350,treatment,0,0
profile_010351,treatment,1,1
profile_010352,control,1,1
profile_010353,treatment,1,1
profile_010354,control,1,1
profile_010355,control,1,1
profile_010356,treatment,0,1
profile_010357,treatment,0,1
profile_010358,control,0,0
profile_010359,treatment,0,1
profile_010360,control,1,1
profile_010361,control,1,1
profile_010362,treatment,1,1
profile_010363,control,0,0
profile_010364,control,1,1
profile_010365,control,0,1
profile_010366,treatment,0,1
profile_010367,treatment,1,1
profile_010368,control,1,1
profile_010369,control,1,1
profile_010370,control,1,1
profile_010371,control,0,1
profile_010372,control,1,1
profile_010373,treatment,1,1
profile_010374,control,1,1
profile_010375,control,0,0
profile_010376,control,1,1
profile_010377,control,0,0
profile_010378,control,1,1
profile_010379,treatment,0,0
profile_010380,control,1,1
profile_010381,control,0,1
profile_010382,control,1,1
profile_010383,control,1,1
profile_010384,treatment,0,0
profile_010385,control,1,1
profile_010386,treatment,1,1
profile_010387,control,0,0
profile_010388,control,1,1
profile_010389,treatment,1,1
profile_010390,control,0,1
profile_010391,treatment,1,1
profile_010392,control,0,1
profile_010393,treatment,0,1
profile_010394,control,1,1
profile_010395,treatment,1,1
profile_010396,treatment,0,1
profile_010397,treatment,0,0
profile_010398,treatment,1,1
profile_010399,control,1,1
profile_010400,treatment,1,1
profile_010401,control,0,1
profile_010402,treatment,1,1
profile_010403,treatment,1,1
profile_010404,control,1,1
profile_010405,control,1,1
profile_010406,treatment,1,1
profile_010407,control,1,1
profile_010408,control,1,1
profile_010409,treatment,1,1
profile_010410,treatment,1,1
profile_010411,control,1,1
profile_010412,treatment,1,1
profile_010413,treatment,1,1
profile_010414,control,0,0
profile_010415,control,1,1
profile_010416,treatment,1,1
profile_010417,control,1,1
profile_010418,treatment,0,0
profile_010419,control,1,1
profile_010420,control,1,1
profile_010421,treatment,0,0
profile_010422,control,1,1
profile_010423,control,1,1
profile_010424,treatment,1,1
profile_010425,treatment,1,1
profile_010426,control,1,1
profile_010427,control,0,0
profile_010428,treatment,1,1
profile_010429,treatment,0,1
profile_010430,treatment,1,1
profile_010431,control,1,1
profile_010432,treatment,1,1
profile_010433,control,1,1
profile_010434,control,1,1
profile_010435,control,0,1
profile_010436,treatment,0,1
profile_010437,treatment,1,1
profile_010438,treatment,0,1
profile_010439,control,1,1
profile_010440,control,0,1
profile_010441,treatment,0,1
profile_010442,control,1,1
profile_010443,control,0,1
profile_010444,control,0,1
profile_010445,control,1,1
profile_010446,treatment,0,1
profile_010447,control,0,1
profile_010448,treatment,1,1
profile_010449,treatment,0,0
profile_010450,treatment,0,0
profile_010451,control,1,1
profile_010452,treatment,0,1
profile_010453,treatment,0,1
profile_010454,control,1,1
profile_010455,control,1,1
profile_010456,control,0,1
profile_010457,treatment,1,1
profile_010458,treatment,1,1
profile_010459,control,1,1
profile_010460,control,0,1
profile_010461,treatment,1,1
profile_010462,treatment,1,1
profile_010463,treatment,1,1
profile_010464,control,0,1
profile_010465,treatment,1,1
profile_010466,treatment,0,1
profile_010467,control,1,1
profile_010468,treatment,0,1
profile_010469,treatment,1,1
profile_010470,treatment,1,1
profile_010471,control,1,1
profile_010472,treatment,0,1
profile_010473,treatment,0,1
profile_010474,treatment,1,1
profile_010475,treatment,0,1
profile_010476,control,0,0
profile_010477,control,0,1
profile_010478,control,1,1
profile_010479,treatment,1,1
profile_010480,control,0,1
profile_010481,treatment,1,1
profile_010482,treatment,0,1
profile_010483,treatment,0,1
profile_010484,treatment,0,0
profile_010485,control,0,1
profile_010486,control,1,1
profile_010487,control,1,1
profile_010488,treatment,0,1
profile_010489,control,1,1
profile_010490,control,1,1
profile_010491,control,1,1
profile_010492,treatment,1,1
profile_010493,treatment,1,1
profile_010494,control,1,1
profile_010495,treatment,1,1
profile_010496,treatment,1,1
profile_010497,treatment,1,1
profile_010498,treatment,1,1
profile_010499,control,0,1
profile_010500,control,1,1
profile_010501,treatment,1,1
profile_010502,control,1,1
profile_010503,treatment,1,1
profile_010504,control,1,1
profile_010505,control,0,1
profile_010506,treatment,0,0
profile_010507,control,1,1
profile_010508,treatment,1,1
profile_010509,control,1,1
profile_010510,control,0,0
profile_010511,control,0,1
profile_010512,treatment,1,1
profile_010513,control,0,0
profile_010514,control,1,1
profile_010515,control,0,1
profile_010516,treatment,1,1
profile_010517,treatment,1,1
profile_010518,control,1,1
profile_010519,control,0,1
profile_010520,control,1,1
profile_010521,treatment,0,0
profile_010522,treatment,1,1
profile_010523,control,0,0
profile_010524,control,1,1
profile_010525,treatment,1,1
profile_010526,treatment,0,1
profile_010527,treatment,1,1
profile_010528,treatment,0,0
profile_010529,control,0,0
profile_010530,control,1,1
profile_010531,treatment,1,1
profile_010532,treatment,0,0
profile_010533,control,0,1
profile_010534,control,1,1
profile_010535,control,1,1
profile_010536,treatment,1,1
profile_010537,treatment,1,1
profile_010538,control,1,1
profile_010539,treatment,0,0
profile_010540,control,0,1
profile_010541,treatment,1,1
profile_010542,control,0,1
profile_010543,control,0,0
profile_010544,treatment,1,1
profile_010545,control,1,1
profile_010546,control,1,1
profile_010547,control,0,1
profile_010548,control,1,1
profile_010549,control,1,1
profile_010550,control,1,1
profile_010551,treatment,1,1
profile_010552,control,0,1
profile_010553,treatment,1,1
profile_010554,treatment,0,1
profile_010555,treatment,1,1
profile_010556,control,1,1
profile_010557,treatment,0,0
profile_010558,control,0,1
profile_010559,treatment,0,0
profile_010560,control,1,1
profile_010561,treatment,0,0
profile_010562,control,0,1
profile_010563,treatment,1,1
profile_010564,control,1,1
profile_010565,treatment,0,1
profile_010566,control,0,0
profile_010567,control,1,1
profile_010568,control,0,0
profile_010569,control,0,0
profile_010570,treatment,1,1
profile_010571,control,1,1
profile_010572,treatment,1,1
profile_010573,treatment,1,1
profile_010574,treatment,1,1
profile_010575,treatment,1,1
profile_010576,treatment,0,1
profile_010577,control,0,1
profile_010578,control,0,1
profile_010579,treatment,1,1
profile_010580,treatment,1,1
profile_010581,treatment,1,1
profile_010582,control,1,1
profile_010583,treatment,0,0
profile_010584,treatment,0,0
profile_010585,control,1,1
profile_010586,control,1,1
profile_010587,treatment,1,1
profile_010588,treatment,1,1
profile_010589,control,1,1
profile_010590,treatment,0,0
profile_010591,control,0,1
profile_010592,treatment,1,1
profile_010593,control,1,1
profile_010594,treatment,1,1
profile_010595,control,1,1
profile_010596,control,1,1
profile_010597,treatment,0,0
profile_010598,control,1,1
profile_010599,treatment,0,1
profile_010600,control,1,1
profile_010601,control,1,1
profile_010602,treatment,1,1
profile_010603,control,0,0
profile_010604,treatment,0,1
profile_010605,control,0,1
profile_010606,treatment,0,1
profile_010607,treatment,0,1
profile_010608,control,1,1
profile_010609,treatment,0,0
profile_010610,control,1,1
profile_010611,treatment,1,1
profile_010612,control,1,1
profile_010613,treatment,1,1
profile_010614,treatment,1,1
profile_010615,control,1,1
profile_010616,treatment,1,1
profile_010617,treatment,1,1
profile_010618,control,1,1
profile_010619,treatment,0,0
profile_010620,treatment,1,1
profile_010621,control,1,1
profile_010622,treatment,1,1
profile_010623,treatment,1,1
profile_010624,treatment,1,1
profile_010625,control,1,1
profile_010626,treatment,1,1
profile_010627,control,1,1
profile_010628,control,1,1
profile_010629,control,0,1
profile_010630,control,1,1
profile_010631,control,0,0
profile_010632,control,1,1
profile_010633,treatment,0,1
profile_010634,treatment,0,0
profile_010635,control,0,0
profile_010636,control,1,1
profile_010637,control,0,0
profile_010638,treatment,0,1
profile_010639,control,1,1
profile_010640,treatment,1,1
profile_010641,treatment,1,1
profile_010642,control,0,0
profile_010643,control,1,1
profile_010644,control,0,1
profile_010645,treatment,0,0
profile_010646,treatment,1,1
profile_010647,control,1,1
profile_010648,treatment,0,1
profile_010649,treatment,0,1
profile_010650,control,1,1
profile_010651,treatment,1,1
profile_010652,treatment,0,0
profile_010653,control,0,1
profile_010654,control,0,1
profile_010655,treatment,1,1
profile_010656,treatment,0,1
profile_010657,control,1,1
profile_010658,control,0,1
profile_010659,treatment,1,1
profile_010660,control,1,1
profile_010661,control,0,0
profile_010662,control,1,1
profile_010663,treatment,0,1
profile_010664,control,0,0
profile_010665,treatment,1,1
profile_010666,control,0,0
profile_010667,control,1,1
profile_010668,treatment,0,0
profile_010669,treatment,0,0
profile_010670,treatment,1,1
profile_010671,treatment,0,1
profile_010672,control,1,1
profile_010673,treatment,0,0
profile_010674,treatment,1,1
profile_010675,control,1,1
profile_010676,control,1,1
profile_010677,treatment,1,1
profile_010678,control,0,0
profile_010679,treatment,1,1
profile_010680,control,0,0
profile_010681,treatment,1,1
profile_010682,treatment,0,1
profile_010683,control,1,1
profile_010684,treatment,0,0
profile_010685,treatment,0,1
profile_010686,treatment,1,1
profile_010687,treatment,0,1
profile_010688,control,1,1
profile_010689,control,0,0
profile_010690,treatment,1,1
profile_010691,control,0,0
profile_010692,treatment,1,1
profile_010693,treatment,1,1
profile_010694,treatment,0,0
profile_010695,control,0,0
profile_010696,treatment,0,0
profile_010697,control,1,1
profile_010698,treatment,0,1
profile_010699,treatment,1,1
profile_010700,treatment,0,0
profile_010701,treatment,1,1
profile_010702,control,0,1
profile_010703,control,1,1
profile_010704,control,1,1
profile_010705,control,0,0
profile_010706,treatment,1,1
profile_010707,treatment,0,0
profile_010708,treatment,1,1
profile_010709,treatment,1,1
profile_010710,control,1,1
profile_010711,treatment,1,1
profile_010712,control,1,1
profile_010713,treatment,1,1
profile_010714,control,1,1
profile_010715,treatment,1,1
profile_010716,control,0,0
profile_010717,treatment,1,1
profile_010718,treatment,0,1
profile_010719,control,1,1
profile_010720,treatment,0,0
profile_010721,treatment,1,1
profile_010722,control,0,0
profile_010723,treatment,0,1
profile_010724,treatment,0,1
profile_010725,control,1,1
profile_010726,control,0,1
profile_010727,control,0,1
profile_010728,treatment,1,1
profile_010729,control,1,1
profile_010730,treatment,0,0
profile_010731,treatment,1,1
profile_010732,control,1,1
profile_010733,treatment,1,1
profile_010734,control,1,1
profile_010735,control,0,0
profile_010736,treatment,0,0
profile_010737,control,1,1
profile_010738,treatment,1,1
profile_010739,treatment,0,0
profile_010740,treatment,1,1
profile_010741,treatment,1,1
profile_010742,treatment,1,1
profile_010743,control,0,0
profile_010744,treatment,0,1
profile_010745,treatment,1,1
profile_010746,control,0,1
profile_010747,control,1,1
profile_010748,treatment,0,0
profile_010749,treatment,1,1
profile_010750,control,0,1
profile_010751,control,1,1
profile_010752,treatment,1,1
profile_010753,control,0,1
profile_010754,control,0,0
profile_010755,control,1,1
profile_010756,treatment,1,1
profile_010757,treatment,0,0
profile_010758,control,1,1
profile_010759,treatment,1,1
profile_010760,treatment,1,1
profile_010761,control,1,1
profile_010762,control,0,0
profile_010763,control,1,1
profile_010764,treatment,0,1
profile_010765,treatment,1,1
profile_010766,treatment,1,1
profile_010767,control,0,1
profile_010768,treatment,0,0
profile_010769,treatment,1,1
profile_010770,control,1,1
profile_010771,treatment,1,1
profile_010772,control,1,1
profile_010773,treatment,0,1
profile_010774,treatment,1,1
profile_010775,control,1,1
profile_010776,control,1,1
profile_010777,control,0,1
profile_010778,control,1,1
profile_010779,treatment,1,1
profile_010780,treatment,0,1
profile_010781,control,0,1
profile_010782,treatment,1,1
profile_010783,control,1,1
profile_010784,control,0,0
profile_010785,treatment,0,1
profile_010786,treatment,1,1
profile_010787,treatment,0,1
profile_010788,treatment,1,1
profile_010789,treatment,1,1
profile_010790,treatment,1,1
profile_010791,control,1,1
profile_010792,control,1,1
profile_010793,treatment,1,1
profile_010794,treatment,0,1
profile_010795,control,1,1
profile_010796,control,1,1
profile_010797,treatment,0,0
profile_010798,control,1,1
profile_010799,control,0,0
profile_010800,control,0,1
profile_010801,treatment,0,1
profile_010802,control,1,1
profile_010803,control,1,1
profile_010804,treatment,1,1
profile_010805,treatment,1,1
profile_010806,control,0,1
profile_010807,treatment,0,0
profile_010808,control,0,1
profile_010809,treatment,0,0
profile_010810,control,1,1
profile_010811,treatment,1,1
profile_010812,treatment,1,1
profile_010813,control,0,0
profile_010814,control,1,1
profile_010815,treatment,0,0
profile_010816,control,0,0
profile_010817,treatment,0,1
profile_010818,treatment,0,0
profile_010819,treatment,1,1
profile_010820,treatment,1,1
profile_010821,treatment,0,0
profile_010822,control,1,1
profile_010823,control,1,1
profile_010824,control,1,1
profile_010825,treatment,1,1
profile_010826,treatment,0,0
profile_010827,control,0,1
profile_010828,control,1,1
profile_010829,treatment,1,1
profile_010830,control,0,1
profile_010831,treatment,1,1
profile_010832,treatment,1,1
profile_010833,control,0,1
profile_010834,control,1,1
profile_010835,control,1,1
profile_010836,treatment,0,1
profile_010837,control,1,1
profile_010838,control,1,1
profile_010839,treatment,0,0
profile_010840,control,1,1
profile_010841,control,0,1
profile_010842,treatment,0,1
profile_010843,treatment,1,1
profile_010844,treatment,0,1
profile_010845,treatment,1,1
profile_010846,control,1,1
profile_010847,treatment,1,1
profile_010848,control,1,1
profile_010849,treatment,0,0
profile_010850,treatment,0,1
profile_010851,control,0,0
profile_010852,treatment,1,1
profile_010853,treatment,0,0
profile_010854,treatment,1,1
profile_010855,control,1,1
profile_010856,treatment,1,1
profile_010857,control,1,1
profile_010858,control,0,0
profile_010859,treatment,0,1
profile_010860,treatment,1,1
profile_010861,treatment,0,1
profile_010862,treatment,1,1
profile_010863,control,1,1
profile_010864,control,1,1
profile_010865,treatment,1,1
profile_010866,treatment,0,1
profile_010867,control,0,0
profile_010868,control,0,0
profile_010869,control,0,0
profile_010870,treatment,1,1
profile_010871,treatment,0,1
profile_010872,control,1,1
profile_010873,treatment,0,0
profile_010874,treatment,0,1
profile_010875,treatment,0,0
profile_010876,treatment,0,0
profile_010877,control,1,1
profile_010878,treatment,1,1
profile_010879,control,1,1
profile_010880,treatment,1,1
profile_010881,treatment,1,1
profile_010882,control,0,0
profile_010883,treatment,1,1
profile_010884,treatment,0,0
profile_010885,control,1,1
profile_010886,treatment,1,1
profile_010887,treatment,1,1
profile_010888,treatment,0,1
profile_010889,control,1,1
profile_010890,treatment,1,1
profile_010891,treatment,1,1
profile_010892,treatment,0,1
profile_010893,treatment,1,1
profile_010894,treatment,1,1
profile_010895,control,1,1
profile_010896,treatment,1,1
profile_010897,control,1,1
profile_010898,treatment,0,0
profile_010899,control,1,1
profile_010900,control,0,1
profile_010901,control,1,1
profile_010902,treatment,1,1
profile_010903,control,0,1
profile_010904,control,1,1
profile_010905,treatment,1,1
profile_010906,treatment,1,1
profile_010907,treatment,1,1
profile_010908,control,1,1
profile_010909,control,0,1
profile_010910,treatment,1,1
profile_010911,treatment,1,1
profile_010912,control,0,1
profile_010913,control,1,1
profile_010914,control,0,1
profile_010915,treatment,1,1
profile_010916,treatment,1,1
profile_010917,treatment,0,1
profile_010918,control,1,1
profile_010919,control,0,1
profile_010920,control,0,1
profile_010921,treatment,0,1
profile_010922,control,1,1
profile_010923,treatment,0,1
profile_010924,control,1,1
profile_010925,control,0,1
profile_010926,control,1,1
profile_010927,treatment,1,1
profile_010928,treatment,0,1
profile_010929,treatment,1,1
profile_010930,treatment,0,1
profile_010931,treatment,0,0
profile_010932,treatment,1,1
profile_010933,control,0,1
profile_010934,treatment,0,1
profile_010935,control,1,1
profile_010936,treatment,1,1
profile_010937,treatment,0,1
profile_010938,control,1,1
profile_010939,control,0,0
profile_010940,control,0,1
profile_010941,treatment,0,0
profile_010942,treatment,1,1
profile_010943,treatment,1,1
profile_010944,control,0,1
profile_010945,treatment,0,0
profile_010946,treatment,1,1
profile_010947,treatment,1,1
profile_010948,control,1,1
profile_010949,control,1,1
profile_010950,treatment,1,1
profile_010951,control,1,1
profile_010952,control,0,0
profile_010953,treatment,0,1
profile_010954,treatment,0,1
profile_010955,control,1,1
profile_010956,treatment,1,1
profile_010957,treatment,1,1
profile_010958,treatment,0,1
profile_010959,control,1,1
profile_010960,treatment,0,1
profile_010961,treatment,1,1
profile_010962,treatment,0,1
profile_010963,treatment,1,1
profile_010964,control,0,1
profile_010965,treatment,1,1
profile_010966,treatment,0,1
profile_010967,treatment,0,0
profile_010968,control,1,1
profile_010969,treatment,0,0
profile_010970,control,0,0
profile_010971,control,0,1
profile_010972,control,1,1
profile_010973,treatment,0,1
profile_010974,treatment,0,1
profile_010975,treatment,0,1
profile_010976,treatment,1,1
profile_010977,control,1,1
profile_010978,control,0,0
profile_010979,treatment,0,0
profile_010980,treatment,1,1
profile_010981,treatment,0,0
profile_010982,treatment,1,1
profile_010983,treatment,0,1
profile_010984,treatment,1,1
profile_010985,treatment,0,0
profile_010986,treatment,1,1
profile_010987,treatment,0,0
profile_010988,treatment,0,0
profile_010989,treatment,0,0
profile_010990,treatment,0,1
profile_010991,control,1,1
profile_010992,control,1,1
profile_010993,control,1,1
profile_010994,treatment,1,1
profile_010995,treatment,0,1
profile_010996,control,0,1
profile_010997,treatment,1,1
profile_010998,treatment,1,1
profile_010999,treatment,1,1
profile_011000,treatment,1,1
profile_011001,control,1,1
profile_011002,control,0,0
profile_011003,control,1,1
profile_011004,control,1,1
profile_011005,control,1,1
profile_011006,control,1,1
profile_011007,treatment,1,1
profile_011008,treatment,1,1
profile_011009,treatment,1,1
profile_011010,control,1,1
profile_011011,control,1,1
profile_011012,treatment,0,0
profile_011013,control,1,1
profile_011014,treatment,1,1
profile_011015,treatment,1,1
profile_011016,control,0,0
profile_011017,control,1,1
profile_011018,control,0,0
profile_011019,control,1,1
profile_011020,control,0,1
profile_011021,control,0,1
profile_011022,control,1,1
profile_011023,control,1,1
profile_011024,treatment,0,1
profile_011025,treatment,1,1
profile_011026,treatment,1,1
profile_011027,control,1,1
profile_011028,treatment,1,1
profile_011029,treatment,1,1
profile_011030,treatment,0,1
profile_011031,treatment,1,1
profile_011032,treatment,1,1
profile_011033,treatment,1,1
profile_011034,control,1,1
profile_011035,control,1,1
profile_011036,treatment,1,1
profile_011037,control,1,1
profile_011038,treatment,1,1
profile_011039,treatment,1,1
profile_011040,treatment,0,0
profile_011041,control,1,1
profile_011042,treatment,1,1
profile_011043,treatment,1,1
profile_011044,control,1,1
profile_011045,control,1,1
profile_011046,control,1,1
profile_011047,treatment,0,0
profile_011048,control,0,0
profile_011049,treatment,0,1
profile_011050,treatment,1,1
profile_011051,treatment,0,0
profile_011052,treatment,1,1
profile_011053,treatment,0,0
profile_011054,treatment,1,1
profile_011055,control,0,0
profile_011056,control,1,1
profile_011057,treatment,1,1
profile_011058,treatment,1,1
profile_011059,treatment,0,0
profile_011060,control,1,1
profile_011061,control,1,1
profile_011062,treatment,1,1
profile_011063,treatment,0,1
profile_011064,treatment,1,1
profile_011065,control,1,1
profile_011066,control,0,0
profile_011067,treatment,0,1
profile_011068,control,0,1
profile_011069,treatment,1,1
profile_011070,treatment,1,1
profile_011071,control,1,1
profile_011072,treatment,1,1
profile_011073,control,1,1
profile_011074,control,1,1
profile_011075,treatment,1,1
profile_011076,control,1,1
profile_011077,treatment,1,1
profile_011078,control,0,1
profile_011079,control,0,1
profile_011080,control,1,1
profile_011081,control,0,0
profile_011082,control,1,1
profile_011083,control,0,1
profile_011084,treatment,0,0
profile_011085,control,1,1
profile_011086,treatment,1,1
profile_011087,treatment,0,1
profile_011088,control,0,1
profile_011089,treatment,0,0
profile_011090,treatment,1,1
profile_011091,treatment,0,1
profile_011092,control,1,1
profile_011093,treatment,1,1
profile_011094,treatment,0,0
profile_011095,control,1,1
profile_011096,treatment,0,1
profile_011097,treatment,0,1
profile_011098,control,0,1
profile_011099,treatment,1,1
profile_011100,treatment,1,1
profile_011101,control,1,1
profile_011102,control,1,1
profile_011103,control,1,1
profile_011104,treatment,1,1
profile_011105,control,1,1
profile_011106,treatment,0,1
profile_011107,control,0,1
profile_011108,treatment,0,1
profile_011109,treatment,1,1
profile_011110,treatment,0,1
profile_011111,control,1,1
profile_011112,control,0,1
profile_011113,treatment,0,0
profile_011114,control,1,1
profile_011115,control,1,1
profile_011116,control,0,0
profile_011117,treatment,0,1
profile_011118,treatment,1,1
profile_011119,treatment,0,1
profile_011120,control,0,0
profile_011121,treatment,1,1
profile_011122,control,1,1
profile_011123,control,1,1
profile_011124,control,0,0
profile_011125,treatment,0,0
profile_011126,control,1,1
profile_011127,treatment,1,1
profile_011128,treatment,1,1
profile_011129,treatment,1,1
profile_011130,treatment,0,0
profile_011131,treatment,1,1
profile_011132,control,0,1
profile_011133,treatment,0,1
profile_011134,treatment,1,1
profile_011135,control,0,1
profile_011136,treatment,1,1
profile_011137,treatment,1,1
profile_011138,control,0,0
profile_011139,treatment,1,1
profile_011140,control,1,1
profile_011141,treatment,0,1
profile_011142,control,1,1
profile_011143,treatment,0,1
profile_011144,control,1,1
profile_011145,control,0,0
profile_011146,control,0,1
profile_011147,treatment,1,1
profile_011148,control,0,0
profile_011149,control,0,1
profile_011150,treatment,1,1
profile_011151,treatment,1,1
profile_011152,control,1,1
profile_011153,treatment,0,0
profile_011154,control,1,1
profile_011155,treatment,0,0
profile_011156,treatment,0,0
profile_011157,treatment,1,1
profile_011158,control,0,1
profile_011159,control,1,1
profile_011160,treatment,0,1
profile_011161,treatment,0,1
profile_011162,treatment,0,1
profile_011163,treatment,0,1
profile_011164,treatment,0,1
profile_011165,treatment,1,1
profile_011166,treatment,0,1
profile_011167,treatment,1,1
profile_011168,treatment,1,1
profile_011169,treatment,1,1
profile_011170,treatment,1,1
profile_011171,treatment,1,1
profile_011172,treatment,0,1
profile_011173,treatment,0,0
profile_011174,control,0,0
profile_011175,control,1,1
profile_011176,control,0,0
profile_011177,treatment,1,1
profile_011178,control,0,0
profile_011179,treatment,0,1
profile_011180,treatment,0,0
profile_011181,control,1,1
profile_011182,control,1,1
profile_011183,treatment,1,1
profile_011184,control,1,1
profile_011185,control,1,1
profile_011186,control,0,0
profile_011187,control,1,1
profile_011188,control,0,0
profile_011189,treatment,1,1
profile_011190,treatment,1,1
profile_011191,control,1,1
profile_011192,control,0,0
profile_011193,control,0,1
profile_011194,treatment,1,1
profile_011195,treatment,1,1
profile_011196,control,0,1
profile_011197,treatment,0,0
profile_011198,control,1,1
profile_011199,control,0,1
profile_011200,treatment,1,1
profile_011201,control,1,1
profile_011202,control,1,1
profile_011203,treatment,0,1
profile_011204,treatment,0,1
profile_011205,treatment,1,1
profile_011206,control,1,1
profile_011207,control,0,0
profile_011208,control,0,0
profile_011209,treatment,1,1
profile_011210,treatment,0,1
profile_011211,control,1,1
profile_011212,treatment,1,1
profile_011213,control,0,1
profile_011214,control,1,1
profile_011215,treatment,0,0
profile_011216,treatment,1,1
profile_011217,control,1,1
profile_011218,control,1,1
profile_011219,treatment,1,1
profile_011220,treatment,1,1
profile_011221,treatment,1,1
profile_011222,treatment,1,1
profile_011223,treatment,1,1
profile_011224,treatment,1,1
profile_011225,control,1,1
profile_011226,treatment,0,1
profile_011227,treatment,1,1
profile_011228,treatment,1,1
profile_011229,control,1,1
profile_011230,control,0,0
profile_011231,treatment,0,0
profile_011232,control,1,1
profile_011233,control,0,0
profile_011234,control,0,1
profile_011235,treatment,0,1
profile_011236,treatment,1,1
profile_011237,treatment,1,1
profile_011238,control,1,1
profile_011239,treatment,1,1
profile_011240,treatment,1,1
profile_011241,treatment,1,1
profile_011242,control,1,1
profile_011243,control,1,1
profile_011244,treatment,1,1
profile_011245,treatment,1,1
profile_011246,treatment,0,1
profile_011247,control,1,1
profile_011248,treatment,0,1
profile_011249,control,1,1
profile_011250,treatment,0,1
profile_011251,control,1,1
profile_011252,control,1,1
profile_011253,control,1,1
profile_011254,treatment,1,1
profile_011255,treatment,1,1
profile_011256,control,1,1
profile_011257,control,0,0
profile_011258,control,0,1
profile_011259,treatment,0,1
profile_011260,control,1,1
profile_011261,treatment,0,1
profile_011262,treatment,1,1
profile_011263,treatment,0,1
profile_011264,treatment,0,0
profile_011265,treatment,1,1
profile_011266,treatment,1,1
profile_011267,treatment,1,1
profile_011268,treatment,0,1
profile_011269,control,0,1
profile_011270,control,1,1
profile_011271,control,0,0
profile_011272,treatment,1,1
profile_011273,control,1,1
profile_011274,treatment,0,1
profile_011275,treatment,0,1
profile_011276,treatment,0,0
profile_011277,control,1,1
profile_011278,treatment,1,1
profile_011279,treatment,0,1
profile_011280,treatment,0,0
profile_011281,control,1,1
profile_011282,control,0,0
profile_011283,treatment,0,1
profile_011284,control,1,1
profile_011285,treatment,1,1
profile_011286,treatment,1,1
profile_011287,treatment,0,0
profile_011288,treatment,0,0
profile_011289,treatment,1,1
profile_011290,control,1,1
profile_011291,treatment,0,1
profile_011292,control,1,1
profile_011293,control,0,0
profile_011294,control,0,0
profile_011295,control,0,1
profile_011296,treatment,0,1
profile_011297,control,0,0
profile_011298,treatment,0,1
profile_011299,treatment,0,0
profile_011300,treatment,1,1
profile_011301,control,1,1
profile_011302,treatment,1,1
profile_011303,control,1,1
profile_011304,treatment,1,1
profile_011305,treatment,1,1
profile_011306,control,0,0
profile_011307,treatment,1,1
profile_011308,treatment,1,1
profile_011309,control,1,1
profile_011310,control,0,1
profile_011311,control,1,1
profile_011312,treatment,0,1
profile_011313,treatment,1,1
profile_011314,control,1,1
profile_011315,treatment,1,1
profile_011316,treatment,0,0
profile_011317,control,0,1
profile_011318,treatment,1,1
profile_011319,control,1,1
profile_011320,control,1,1
profile_011321,control,1,1
profile_011322,treatment,1,1
profile_011323,control,0,1
profile_011324,control,1,1
profile_011325,control,0,0
profile_011326,treatment,0,1
profile_011327,control,1,1
profile_011328,control,1,1
profile_011329,control,1,1
profile_011330,control,1,1
profile_011331,treatment,1,1
profile_011332,treatment,0,1
profile_011333,treatment,0,1
profile_011334,treatment,1,1
profile_011335,treatment,1,1
profile_011336,treatment,1,1
profile_011337,treatment,0,0
profile_011338,treatment,1,1
profile_011339,treatment,1,1
profile_011340,control,1,1
profile_011341,control,1,1
profile_011342,treatment,1,1
profile_011343,control,1,1
profile_011344,control,0,0
profile_011345,control,0,0
profile_011346,control,1,1
profile_011347,control,0,1
profile_011348,control,0,1
profile_011349,control,0,0
profile_011350,treatment,0,1
profile_011351,control,0,0
profile_011352,treatment,1,1
profile_011353,treatment,0,0
profile_011354,treatment,1,1
profile_011355,treatment,1,1
profile_011356,control,0,1
profile_011357,treatment,1,1
profile_011358,control,0,1
profile_011359,control,1,1
profile_011360,control,1,1
profile_011361,control,1,1
profile_011362,control,1,1
profile_011363,control,0,0
profile_011364,control,0,1
profile_011365,treatment,1,1
profile_011366,treatment,0,1
profile_011367,treatment,0,1
profile_011368,treatment,0,1
profile_011369,control,1,1
profile_011370,control,0,0
profile_011371,control,0,1
profile_011372,treatment,0,0
profile_011373,control,1,1
profile_011374,control,1,1
profile_011375,treatment,1,1
profile_011376,control,1,1
profile_011377,control,0,1
profile_011378,treatment,1,1
profile_011379,control,1,1
profile_011380,control,1,1
profile_011381,control,0,1
profile_011382,control,0,0
profile_011383,control,0,0
profile_011384,control,0,1
profile_011385,treatment,0,1
profile_011386,control,0,1
profile_011387,treatment,1,1
profile_011388,treatment,0,1
profile_011389,treatment,1,1
profile_011390,control,0,1
profile_011391,control,1,1
profile_011392,control,0,1
profile_011393,treatment,0,1
profile_011394,treatment,0,1
profile_011395,treatment,1,1
profile_011396,treatment,1,1
profile_011397,treatment,1,1
profile_011398,treatment,1,1
profile_011399,control,1,1
profile_011400,control,1,1
profile_011401,control,0,0
profile_011402,control,1,1
profile_011403,treatment,1,1
profile_011404,control,1,1
profile_011405,control,1,1
profile_011406,treatment,1,1
profile_011407,control,0,1
profile_011408,treatment,1,1
profile_011409,control,0,0
profile_011410,treatment,1,1
profile_011411,control,0,0
profile_011412,control,0,0
profile_011413,treatment,0,0
profile_011414,control,1,1
profile_011415,treatment,1,1
profile_011416,control,1,1
profile_011417,control,0,0
profile_011418,control,0,1
profile_011419,treatment,1,1
profile_011420,control,1,1
profile_011421,treatment,0,0
profile_011422,control,1,1
profile_011423,treatment,1,1
profile_011424,treatment,1,1
profile_011425,control,1,1
profile_011426,control,0,1
profile_011427,control,1,1
profile_011428,treatment,0,0
profile_011429,treatment,0,0
profile_011430,treatment,1,1
profile_011431,control,1,1
profile_011432,control,1,1
profile_011433,treatment,1,1
profile_011434,control,0,0
profile_011435,treatment,1,1
profile_011436,control,1,1
profile_011437,control,1,1
profile_011438,control,0,1
profile_011439,control,1,1
profile_011440,treatment,1,1
profile_011441,treatment,1,1
profile_011442,control,1,1
profile_011443,control,1,1
profile_011444,control,1,1
profile_011445,control,1,1
profile_011446,treatment,1,1
profile_011447,control,1,1
profile_011448,treatment,1,1
profile_011449,treatment,1,1
profile_011450,treatment,1,1
profile_011451,control,1,1
profile_011452,treatment,1,1
profile_011453,control,1,1
profile_011454,treatment,0,0
profile_011455,treatment,1,1
profile_011456,control,0,0
profile_011457,control,1,1
profile_011458,control,1,1
profile_011459,control,1,1
profile_011460,control,1,1
profile_011461,treatment,0,0
profile_011462,control,0,0
profile_011463,control,0,1
profile_011464,treatment,0,0
profile_011465,control,1,1
profile_011466,treatment,1,1
profile_011467,control,1,1
profile_011468,control,1,1
profile_011469,treatment,1,1
profile_011470,treatment,0,0
profile_011471,control,1,1
profile_011472,control,1,1
profile_011473,treatment,0,1
profile_011474,control,1,1
profile_011475,treatment,1,1
profile_011476,control,1,1
profile_011477,control,1,1
profile_011478,control,0,0
profile_011479,control,1,1
profile_011480,treatment,1,1
profile_011481,treatment,1,1
profile_011482,control,0,0
profile_011483,treatment,1,1
profile_011484,treatment,1,1
profile_011485,control,1,1
profile_011486,control,1,1
profile_011487,treatment,0,1
profile_011488,control,1,1
profile_011489,control,1,1
profile_011490,treatment,1,1
profile_011491,treatment,0,1
profile_011492,control,1,1
profile_011493,treatment,0,0
profile_011494,treatment,1,1
profile_011495,control,1,1
profile_011496,control,0,1
profile_011497,control,0,1
profile_011498,control,0,1
profile_011499,treatment,1,1
profile_011500,treatment,0,1
profile_011501,treatment,0,1
profile_011502,treatment,0,0
profile_011503,treatment,0,1
profile_011504,control,1,1
profile_011505,treatment,0,0
profile_011506,treatment,1,1
profile_011507,control,1,1
profile_011508,control,1,1
profile_011509,treatment,0,0
profile_011510,control,0,0
profile_011511,treatment,0,1
profile_011512,control,0,0
profile_011513,treatment,1,1
profile_011514,control,1,1
profile_011515,control,1,1
profile_011516,control,0,1
profile_011517,treatment,1,1
profile_011518,treatment,1,1
profile_011519,control,1,1
profile_011520,control,0,1
profile_011521,control,1,1
profile_011522,control,1,1
profile_011523,treatment,0,1
profile_011524,treatment,0,1
profile_011525,treatment,0,1
profile_011526,control,0,1
profile_011527,control,1,1
profile_011528,control,1,1
profile_011529,treatment,0,0
profile_011530,treatment,1,1
profile_011531,control,0,0
profile_011532,treatment,1,1
profile_011533,control,0,0
profile_011534,treatment,1,1
profile_011535,treatment,0,0
profile_011536,control,1,1
profile_011537,treatment,1,1
profile_011538,treatment,1,1
profile_011539,control,1,1
profile_011540,control,1,1
profile_011541,treatment,0,0
profile_011542,treatment,1,1
profile_011543,control,1,1
profile_011544,control,1,1
profile_011545,treatment,1,1
profile_011546,treatment,1,1
profile_011547,control,0,0
profile_011548,control,1,1
profile_011549,control,1,1
profile_011550,treatment,1,1
profile_011551,control,1,1
profile_011552,treatment,0,1
profile_011553,treatment,0,1
profile_011554,control,1,1
profile_011555,control,1,1
profile_011556,treatment,1,1
profile_011557,treatment,1,1
profile_011558,control,1,1
profile_011559,control,1,1
profile_011560,control,1,1
profile_011561,treatment,1,1
profile_011562,treatment,1,1
profile_011563,treatment,1,1
profile_011564,control,1,1
profile_011565,treatment,1,1
profile_011566,treatment,0,0
profile_011567,control,0,1
profile_011568,control,0,0
profile_011569,treatment,1,1
profile_011570,control,1,1
profile_011571,control,0,1
profile_011572,treatment,1,1
profile_011573,treatment,1,1
profile_011574,control,0,0
profile_011575,control,0,1
profile_011576,treatment,1,1
profile_011577,control,1,1
profile_011578,treatment,1,1
profile_011579,control,1,1
profile_011580,treatment,1,1
profile_011581,treatment,1,1
profile_011582,treatment,0,0
profile_011583,control,0,0
profile_011584,control,1,1
profile_011585,treatment,1,1
profile_011586,treatment,0,0
profile_011587,treatment,0,0
profile_011588,treatment,1,1
profile_011589,treatment,0,1
profile_011590,control,0,0
profile_011591,control,1,1
profile_011592,treatment,0,1
profile_011593,treatment,0,1
profile_011594,treatment,1,1
profile_011595,control,0,1
profile_011596,control,0,1
profile_011597,treatment,1,1
profile_011598,control,1,1
profile_011599,control,0,0
profile_011600,control,0,0
profile_011601,treatment,0,0
profile_011602,treatment,0,0
profile_011603,treatment,1,1
profile_011604,treatment,1,1
profile_011605,control,1,1
profile_011606,treatment,0,1
profile_011607,control,1,1
profile_011608,control,1,1
profile_011609,treatment,1,1
profile_011610,treatment,0,0
profile_011611,control,1,1
profile_011612,treatment,1,1
profile_011613,control,1,1
profile_011614,control,1,1
profile_011615,treatment,0,1
profile_011616,control,0,1
profile_011617,control,1,1
profile_011618,treatment,0,1
profile_011619,treatment,0,0
profile_011620,treatment,1,1
profile_011621,treatment,0,0
profile_011622,treatment,1,1
profile_011623,control,0,1
profile_011624,control,1,1
profile_011625,control,1,1
profile_011626,treatment,1,1
profile_011627,treatment,1,1
profile_011628,treatment,1,1
profile_011629,control,0,0
profile_011630,control,1,1
profile_011631,control,0,0
profile_011632,treatment,1,1
profile_011633,control,1,1
profile_011634,control,1,1
profile_011635,control,1,1
profile_011636,control,1,1
profile_011637,control,1,1
profile_011638,treatment,1,1
profile_011639,control,1,1
profile_011640,control,1,1
profile_011641,control,1,1
profile_011642,control,0,1
profile_011643,control,1,1
profile_011644,control,1,1
profile_011645,control,1,1
profile_011646,control,1,1
profile_011647,control,1,1
profile_011648,treatment,1,1
profile_011649,control,1,1
profile_011650,control,1,1
profile_011651,control,1,1
profile_011652,treatment,1,1
profile_011653,treatment,0,1
profile_011654,treatment,1,1
profile_011655,treatment,1,1
profile_011656,control,0,0
profile_011657,control,0,1
profile_011658,control,0,1
profile_011659,control,1,1
profile_011660,control,0,0
profile_011661,treatment,0,0
profile_011662,treatment,1,1
profile_011663,control,0,0
profile_011664,treatment,0,0
profile_011665,treatment,0,0
profile_011666,control,0,1
profile_011667,control,1,1
profile_011668,treatment,1,1
profile_011669,control,1,1
profile_011670,control,1,1
profile_011671,treatment,0,0
profile_011672,treatment,1,1
profile_011673,control,1,1
profile_011674,control,1,1
profile_011675,control,1,1
profile_011676,treatment,1,1
profile_011677,treatment,1,1
profile_011678,control,0,0
profile_011679,control,1,1
profile_011680,treatment,0,0
profile_011681,treatment,1,1
profile_011682,treatment,1,1
profile_011683,control,1,1
profile_011684,treatment,0,1
profile_011685,control,1,1
profile_011686,control,1,1
profile_011687,control,1,1
profile_011688,control,1,1
profile_011689,treatment,0,1
profile_011690,control,1,1
profile_011691,treatment,0,1
profile_011692,control,0,0
profile_011693,treatment,1,1
profile_011694,control,1,1
profile_011695,treatment,1,1
profile_011696,treatment,1,1
profile_011697,treatment,0,0
profile_011698,treatment,0,0
profile_011699,treatment,1,1
profile_011700,treatment,0,0
profile_011701,control,1,1
profile_011702,control,0,0
profile_011703,treatment,0,0
profile_011704,treatment,1,1
profile_011705,treatment,1,1
profile_011706,control,0,0
profile_011707,treatment,1,1
profile_011708,treatment,1,1
profile_011709,treatment,0,1
profile_011710,control,1,1
profile_011711,treatment,1,1
profile_011712,control,0,0
profile_011713,control,0,1
profile_011714,treatment,0,1
profile_011715,control,0,0
profile_011716,treatment,0,0
profile_011717,control,1,1
profile_011718,treatment,0,1
profile_011719,control,1,1
profile_011720,control,0,1
profile_011721,treatment,0,1
profile_011722,treatment,1,1
profile_011723,treatment,1,1
profile_011724,treatment,1,1
profile_011725,treatment,0,1
profile_011726,treatment,1,1
profile_011727,treatment,1,1
profile_011728,control,0,1
profile_011729,treatment,1,1
profile_011730,treatment,0,1
profile_011731,control,1,1
profile_011732,control,0,0
profile_011733,control,1,1
profile_011734,treatment,1,1
profile_011735,control,0,0
profile_011736,treatment,1,1
profile_011737,treatment,1,1
profile_011738,treatment,1,1
profile_011739,control,1,1
profile_011740,control,0,1
profile_011741,control,0,0
profile_011742,treatment,1,1
profile_011743,treatment,1,1
profile_011744,treatment,0,0
profile_011745,control,1,1
profile_011746,control,1,1
profile_011747,treatment,0,1
profile_011748,control,1,1
profile_011749,treatment,0,1
profile_011750,treatment,1,1
profile_011751,treatment,0,1
profile_011752,treatment,1,1
profile_011753,treatment,0,1
profile_011754,control,0,0
profile_011755,treatment,0,1
profile_011756,control,1,1
profile_011757,treatment,1,1
profile_011758,treatment,1,1
profile_011759,control,1,1
profile_011760,control,1,1
profile_011761,control,1,1
profile_011762,control,0,0
profile_011763,treatment,1,1
profile_011764,control,1,1
profile_011765,treatment,1,1
profile_011766,treatment,1,1
profile_011767,treatment,0,1
profile_011768,control,1,1
profile_011769,control,1,1
profile_011770,treatment,0,1
profile_011771,control,1,1
profile_011772,control,1,1
profile_011773,control,0,0
profile_011774,control,1,1
profile_011775,control,0,0
profile_011776,treatment,0,1
profile_011777,control,1,1
profile_011778,control,1,1
profile_011779,control,1,1
profile_011780,control,1,1
profile_011781,treatment,0,1
profile_011782,treatment,0,1
profile_011783,control,1,1
profile_011784,treatment,1,1
profile_011785,control,1,1
profile_011786,control,0,0
profile_011787,treatment,1,1
profile_011788,treatment,1,1
profile_011789,treatment,0,0
profile_011790,treatment,1,1
profile_011791,treatment,1,1
profile_011792,control,1,1
profile_011793,treatment,1,1
profile_011794,control,0,0
profile_011795,treatment,0,1
profile_011796,control,0,1
profile_011797,treatment,0,0
profile_011798,control,0,1
profile_011799,treatment,1,1
profile_011800,treatment,0,1
profile_011801,control,1,1
profile_011802,control,1,1
profile_011803,control,0,0
profile_011804,control,1,1
profile_011805,control,1,1
profile_011806,treatment,1,1
profile_011807,treatment,1,1
profile_011808,control,1,1
profile_011809,treatment,0,0
profile_011810,treatment,1,1
profile_011811,control,0,0
profile_011812,control,1,1
profile_011813,treatment,1,1
profile_011814,control,1,1
profile_011815,treatment,1,1
profile_011816,control,1,1
profile_011817,treatment,0,0
profile_011818,treatment,0,1
profile_011819,control,0,1
profile_011820,control,0,0
profile_011821,control,0,0
profile_011822,treatment,0,1
profile_011823,treatment,0,1
profile_011824,control,1,1
profile_011825,treatment,1,1
profile_011826,treatment,1,1
profile_011827,treatment,1,1
profile_011828,treatment,1,1
profile_011829,control,1,1
profile_011830,treatment,0,1
profile_011831,control,1,1
profile_011832,treatment,1,1
profile_011833,control,1,1
profile_011834,treatment,0,1
profile_011835,treatment,0,0
profile_011836,control,1,1
profile_011837,control,1,1
profile_011838,treatment,1,1
profile_011839,control,0,0
profile_011840,treatment,1,1
profile_011841,treatment,1,1
profile_011842,treatment,0,1
profile_011843,treatment,1,1
profile_011844,treatment,0,1
profile_011845,treatment,0,1
profile_011846,control,1,1
profile_011847,treatment,1,1
profile_011848,control,0,1
profile_011849,treatment,1,1
profile_011850,control,0,1
profile_011851,treatment,1,1
profile_011852,treatment,1,1
profile_011853,treatment,0,0
profile_011854,treatment,0,1
profile_011855,treatment,0,0
profile_011856,control,1,1
profile_011857,treatment,1,1
profile_011858,control,0,1
profile_011859,control,0,0
profile_011860,treatment,0,1
profile_011861,treatment,0,1
profile_011862,treatment,1,1
profile_011863,treatment,0,0
profile_011864,control,1,1
profile_011865,treatment,1,1
profile_011866,treatment,1,1
profile_011867,control,1,1
profile_011868,treatment,0,0
profile_011869,treatment,1,1
profile_011870,control,0,1
profile_011871,control,0,0
profile_011872,treatment,1,1
profile_011873,treatment,1,1
profile_011874,control,1,1
profile_011875,control,0,0
profile_011876,control,1,1
profile_011877,treatment,1,1
profile_011878,treatment,0,1
profile_011879,treatment,0,0
profile_011880,treatment,1,1
profile_011881,treatment,1,1
profile_011882,control,1,1
profile_011883,treatment,1,1
profile_011884,treatment,0,1
profile_011885,control,0,1
profile_011886,control,1,1
profile_011887,treatment,1,1
profile_011888,control,0,1
profile_011889,control,1,1
profile_011890,treatment,0,0
profile_011891,treatment,0,1
profile_011892,treatment,1,1
profile_011893,control,1,1
profile_011894,treatment,0,1
profile_011895,treatment,0,0
profile_011896,treatment,1,1
profile_011897,treatment,1,1
profile_011898,control,1,1
profile_011899,treatment,1,1
profile_011900,control,0,0
profile_011901,control,1,1
profile_011902,treatment,0,0
profile_011903,control,0,1
profile_011904,treatment,1,1
profile_011905,control,1,1
profile_011906,treatment,1,1
profile_011907,control,0,1
profile_011908,treatment,0,0
profile_011909,treatment,0,0
profile_011910,treatment,1,1
profile_011911,control,0,1
profile_011912,treatment,0,0
profile_011913,treatment,1,1
profile_011914,treatment,1,1
profile_011915,treatment,0,0
profile_011916,control,0,1
profile_011917,treatment,1,1
profile_011918,control,0,0
profile_011919,treatment,0,0
profile_011920,treatment,0,0
profile_011921,control,0,1
profile_011922,control,1,1
profile_011923,control,1,1
profile_011924,treatment,1,1
profile_011925,control,1,1
profile_011926,treatment,1,1
profile_011927,treatment,0,1
profile_011928,control,1,1
profile_011929,control,1,1
profile_011930,treatment,1,1
profile_011931,treatment,1,1
profile_011932,treatment,0,1
profile_011933,treatment,1,1
profile_011934,control,1,1
profile_011935,treatment,0,1
profile_011936,treatment,1,1
profile_011937,control,0,1
profile_011938,treatment,1,1
profile_011939,control,0,0
profile_011940,control,1,1
profile_011941,control,1,1
profile_011942,control,1,1
profile_011943,control,0,1
profile_011944,treatment,1,1
profile_011945,control,0,0
profile_011946,control,1,1
profile_011947,treatment,0,1
profile_011948,treatment,0,0
profile_011949,treatment,0,0
profile_011950,treatment,1,1
profile_011951,control,1,1
profile_011952,treatment,0,1
profile_011953,control,0,0
profile_011954,control,1,1
profile_011955,control,0,0
profile_011956,treatment,1,1
profile_011957,control,0,0
profile_011958,treatment,0,1
profile_011959,treatment,0,1
profile_011960,control,1,1
profile_011961,treatment,0,1
profile_011962,control,1,1
profile_011963,treatment,1,1
profile_011964,treatment,1,1
profile_011965,control,1,1
profile_011966,treatment,0,1
profile_011967,treatment,1,1
profile_011968,control,1,1
profile_011969,treatment,0,1
profile_011970,treatment,1,1
profile_011971,treatment,0,0
profile_011972,treatment,1,1
profile_011973,treatment,1,1
profile_011974,treatment,1,1
profile_011975,treatment,1,1
profile_011976,control,1,1
profile_011977,treatment,1,1
profile_011978,treatment,1,1
profile_011979,control,0,0
profile_011980,treatment,1,1
profile_011981,control,0,0
profile_011982,control,1,1
profile_011983,control,0,1
profile_011984,treatment,1,1
profile_011985,treatment,1,1
profile_011986,treatment,1,1
profile_011987,treatment,0,1
profile_011988,control,1,1
profile_011989,treatment,1,1
profile_011990,control,0,1
profile_011991,treatment,0,1
profile_011992,control,1,1
profile_011993,treatment,0,1
profile_011994,treatment,1,1
profile_011995,control,0,1
profile_011996,treatment,1,1
profile_011997,control,1,1
profile_011998,control,1,1
profile_011999,control,1,1
profile_012000,control,0,1
profile_012001,control,0,1
profile_012002,control,0,0
profile_012003,control,0,0
profile_012004,control,1,1
profile_012005,control,1,1
profile_012006,control,1,1
profile_012007,treatment,0,1
profile_012008,control,0,1
profile_012009,treatment,0,1
profile_012010,control,0,0
profile_012011,control,1,1
profile_012012,treatment,0,1
profile_012013,treatment,1,1
profile_012014,treatment,1,1
profile_012015,control,1,1
profile_012016,treatment,1,1
profile_012017,treatment,0,1
profile_012018,control,1,1
profile_012019,control,0,0
profile_012020,control,0,0
profile_012021,control,1,1
profile_012022,treatment,0,0
profile_012023,treatment,0,1
profile_012024,control,1,1
profile_012025,treatment,0,0
profile_012026,control,1,1
profile_012027,control,0,0
profile_012028,control,0,0
profile_012029,treatment,1,1
profile_012030,treatment,0,1
profile_012031,control,0,0
profile_012032,treatment,0,1
profile_012033,treatment,0,0
profile_012034,treatment,1,1
profile_012035,control,1,1
profile_012036,treatment,1,1
profile_012037,treatment,1,1
profile_012038,control,1,1
profile_012039,control,1,1
profile_012040,control,1,1
profile_012041,treatment,1,1
profile_012042,control,1,1
profile_012043,control,1,1
profile_012044,control,1,1
profile_012045,control,1,1
profile_012046,control,0,1
profile_012047,treatment,0,0
profile_012048,treatment,1,1
profile_012049,control,0,0
profile_012050,treatment,1,1
profile_012051,control,1,1
profile_012052,treatment,0,1
profile_012053,control,0,0
profile_012054,treatment,1,1
profile_012055,treatment,0,1
profile_012056,control,0,0
profile_012057,treatment,1,1
profile_012058,control,1,1
profile_012059,control,1,1
profile_012060,control,0,1
profile_012061,control,0,0
profile_012062,treatment,0,1
profile_012063,treatment,1,1
profile_012064,control,0,0
profile_012065,control,1,1
profile_012066,control,0,1
profile_012067,control,1,1
profile_012068,treatment,0,1
profile_012069,treatment,0,0
profile_012070,treatment,0,0
profile_012071,treatment,1,1
profile_012072,treatment,1,1
profile_012073,treatment,0,1
profile_012074,control,0,1
profile_012075,treatment,0,0
profile_012076,control,0,0
profile_012077,treatment,1,1
profile_012078,control,1,1
profile_012079,control,0,0
profile_012080,treatment,0,1
profile_012081,treatment,1,1
profile_012082,control,0,1
profile_012083,control,0,0
profile_012084,treatment,1,1
profile_012085,control,1,1
profile_012086,control,1,1
profile_012087,control,0,0
profile_012088,treatment,0,1
profile_012089,treatment,0,1
profile_012090,control,1,1
profile_012091,treatment,1,1
profile_012092,treatment,0,1
profile_012093,control,1,1
profile_012094,treatment,1,1
profile_012095,treatment,1,1
profile_012096,control,0,1
profile_012097,treatment,1,1
profile_012098,control,1,1
profile_012099,treatment,0,1
profile_012100,control,0,1
profile_012101,treatment,1,1
profile_012102,treatment,1,1
profile_012103,treatment,0,1
profile_012104,control,0,1
profile_012105,control,1,1
profile_012106,control,0,1
profile_012107,control,1,1
profile_012108,treatment,1,1
profile_012109,control,0,1
profile_012110,control,0,0
profile_012111,treatment,0,0
profile_012112,control,0,1
profile_012113,control,1,1
profile_012114,treatment,0,1
profile_012115,treatment,0,1
profile_012116,treatment,0,0
profile_012117,control,0,1
profile_012118,control,1,1
profile_012119,control,0,1
profile_012120,control,0,0
profile_012121,control,0,0
profile_012122,treatment,0,0
profile_012123,control,0,1
profile_012124,treatment,1,1
profile_012125,control,1,1
profile_012126,treatment,1,1
profile_012127,treatment,1,1
profile_012128,treatment,0,0
profile_012129,control,0,0
profile_012130,treatment,1,1
profile_012131,control,1,1
profile_012132,control,1,1
profile_012133,treatment,1,1
profile_012134,treatment,1,1
profile_012135,treatment,0,1
profile_012136,treatment,1,1
profile_012137,control,1,1
profile_012138,control,1,1
profile_012139,treatment,0,1
profile_012140,treatment,1,1
profile_012141,treatment,0,1
profile_012142,treatment,1,1
profile_012143,treatment,1,1
profile_012144,treatment,1,1
profile_012145,treatment,0,0
profile_012146,treatment,1,1
profile_012147,control,1,1
profile_012148,control,1,1
profile_012149,treatment,1,1
profile_012150,treatment,0,0
profile_012151,treatment,0,1
profile_012152,control,0,1
profile_012153,control,1,1
profile_012154,treatment,1,1
profile_012155,control,1,1
profile_012156,control,1,1
profile_012157,treatment,0,1
profile_012158,treatment,0,0
profile_012159,control,0,1
profile_012160,treatment,0,0
profile_012161,treatment,1,1
profile_012162,treatment,1,1
profile_012163,control,1,1
profile_012164,treatment,1,1
profile_012165,control,0,0
profile_012166,treatment,0,1
profile_012167,treatment,0,0
profile_012168,treatment,1,1
profile_012169,control,1,1
profile_012170,treatment,1,1
profile_012171,treatment,1,1
profile_012172,treatment,1,1
profile_012173,control,0,0
profile_012174,control,1,1
profile_012175,control,1,1
profile_012176,treatment,0,0
profile_012177,control,0,1
profile_012178,control,1,1
profile_012179,control,0,0
profile_012180,treatment,0,0
profile_012181,control,0,0
profile_012182,control,1,1
profile_012183,control,1,1
profile_012184,control,0,0
profile_012185,control,1,1
profile_012186,control,0,0
profile_012187,control,1,1
profile_012188,treatment,1,1
profile_012189,control,0,1
profile_012190,treatment,0,0
profile_012191,control,1,1
profile_012192,treatment,1,1
profile_012193,control,1,1
profile_012194,treatment,0,0
profile_012195,treatment,0,1
profile_012196,treatment,0,0
profile_012197,control,0,1
profile_012198,control,1,1
profile_012199,control,0,0
profile_012200,control,0,0
profile_012201,treatment,1,1
profile_012202,treatment,0,0
profile_012203,treatment,1,1
profile_012204,control,1,1
profile_012205,treatment,1,1
profile_012206,treatment,0,1
profile_012207,control,1,1
profile_012208,control,1,1
profile_012209,treatment,1,1
profile_012210,control,0,0
profile_012211,treatment,1,1
profile_012212,treatment,1,1
profile_012213,control,1,1
profile_012214,control,1,1
profile_012215,treatment,0,1
profile_012216,treatment,1,1
profile_012217,treatment,1,1
profile_012218,control,1,1
profile_012219,treatment,1,1
profile_012220,control,1,1
profile_012221,treatment,1,1
profile_012222,treatment,1,1
profile_012223,treatment,1,1
profile_012224,treatment,0,1
profile_012225,treatment,1,1
profile_012226,treatment,1,1
profile_012227,control,1,1
profile_012228,treatment,1,1
profile_012229,control,1,1
profile_012230,control,1,1
profile_012231,treatment,0,1
profile_012232,control,0,0
profile_012233,control,1,1
profile_012234,control,1,1
profile_012235,control,0,0
profile_012236,control,0,1
profile_012237,treatment,1,1
profile_012238,control,1,1
profile_012239,control,1,1
profile_012240,control,1,1
profile_012241,treatment,1,1
profile_012242,control,1,1
profile_012243,treatment,1,1
profile_012244,control,1,1
profile_012245,treatment,0,1
profile_012246,treatment,0,0
profile_012247,treatment,0,0
profile_012248,treatment,1,1
profile_012249,control,0,0
profile_012250,control,1,1
profile_012251,treatment,1,1
profile_012252,control,0,0
profile_012253,control,1,1
profile_012254,control,1,1
profile_012255,control,0,1
profile_012256,control,1,1
profile_012257,control,0,0
profile_012258,treatment,1,1
profile_012259,control,0,0
profile_012260,treatment,1,1
profile_012261,treatment,0,0
profile_012262,control,1,1
profile_012263,treatment,0,0
profile_012264,treatment,1,1
profile_012265,control,1,1
profile_012266,treatment,1,1
profile_012267,treatment,1,1
profile_012268,control,0,1
profile_012269,treatment,1,1
profile_012270,control,1,1
profile_012271,treatment,1,1
profile_012272,control,1,1
profile_012273,treatment,1,1
profile_012274,control,0,1
profile_012275,control,1,1
profile_012276,treatment,0,0
profile_012277,control,1,1
profile_012278,treatment,1,1
profile_012279,treatment,1,1
profile_012280,control,1,1
profile_012281,control,0,0
profile_012282,treatment,1,1
profile_012283,control,0,0
profile_012284,control,1,1
profile_012285,treatment,0,0
profile_012286,control,1,1
profile_012287,control,1,1
profile_012288,treatment,1,1
profile_012289,control,1,1
profile_012290,control,1,1
profile_012291,treatment,0,0
profile_012292,control,1,1
profile_012293,treatment,0,1
profile_012294,treatment,0,1
profile_012295,treatment,0,1
profile_012296,control,1,1
profile_012297,treatment,1,1
profile_012298,control,1,1
profile_012299,treatment,0,1
profile_012300,control,0,1
profile_012301,control,0,1
profile_012302,treatment,1,1
profile_012303,treatment,1,1
profile_012304,treatment,0,1
profile_012305,control,1,1
profile_012306,control,0,1
profile_012307,treatment,0,1
profile_012308,treatment,1,1
profile_012309,treatment,1,1
profile_012310,treatment,1,1
profile_012311,control,1,1
profile_012312,treatment,0,0
profile_012313,treatment,0,1
profile_012314,control,0,0
profile_012315,control,1,1
profile_012316,treatment,0,0
profile_012317,control,0,1
profile_012318,treatment,0,1
profile_012319,control,1,1
profile_012320,control,1,1
profile_012321,control,0,1
profile_012322,treatment,1,1
profile_012323,treatment,1,1
profile_012324,control,0,1
profile_012325,treatment,0,1
profile_012326,control,1,1
profile_012327,treatment,0,1
profile_012328,control,1,1
profile_012329,treatment,0,0
profile_012330,treatment,1,1
profile_012331,control,0,0
profile_012332,treatment,1,1
profile_012333,control,1,1
profile_012334,control,1,1
profile_012335,treatment,0,1
profile_012336,control,1,1
profile_012337,control,0,0
profile_012338,treatment,1,1
profile_012339,treatment,0,1
profile_012340,control,1,1
profile_012341,treatment,1,1
profile_012342,control,1,1
profile_012343,treatment,1,1
profile_012344,treatment,0,1
profile_012345,treatment,1,1
profile_012346,control,0,0
profile_012347,control,1,1
profile_012348,treatment,1,1
profile_012349,control,1,1
profile_012350,control,1,1
profile_012351,treatment,1,1
profile_012352,treatment,1,1
profile_012353,control,1,1
profile_012354,control,1,1
profile_012355,control,1,1
profile_012356,treatment,1,1
profile_012357,treatment,1,1
profile_012358,treatment,1,1
profile_012359,treatment,0,0
profile_012360,treatment,1,1
profile_012361,control,1,1
profile_012362,control,0,0
profile_012363,treatment,1,1
profile_012364,control,0,1
profile_012365,control,1,1
profile_012366,treatment,1,1
profile_012367,treatment,1,1
profile_012368,treatment,0,1
profile_012369,treatment,1,1
profile_012370,treatment,0,1
profile_012371,control,1,1
profile_012372,treatment,0,1
profile_012373,treatment,0,1
profile_012374,control,1,1
profile_012375,control,0,0
profile_012376,treatment,1,1
profile_012377,treatment,0,0
profile_012378,treatment,0,0
profile_012379,treatment,1,1
profile_012380,control,0,0
profile_012381,control,0,1
profile_012382,control,1,1
profile_012383,control,0,0
profile_012384,control,0,0
profile_012385,control,0,0
profile_012386,treatment,1,1
profile_012387,treatment,0,1
profile_012388,treatment,1,1
profile_012389,treatment,1,1
profile_012390,treatment,1,1
profile_012391,treatment,0,1
profile_012392,control,1,1
profile_012393,control,1,1
profile_012394,treatment,0,0
profile_012395,treatment,1,1
profile_012396,control,1,1
profile_012397,control,0,1
profile_012398,control,1,1
profile_012399,control,1,1
profile_012400,treatment,1,1
profile_012401,treatment,1,1
profile_012402,treatment,1,1
profile_012403,control,1,1
profile_012404,treatment,0,1
profile_012405,treatment,1,1
profile_012406,control,0,0
profile_012407,treatment,0,0
profile_012408,treatment,0,1
profile_012409,treatment,0,1
profile_012410,control,0,0
profile_012411,treatment,0,1
profile_012412,control,0,0
profile_012413,control,0,0
profile_012414,control,0,0
profile_012415,control,1,1
profile_012416,treatment,0,1
profile_012417,treatment,1,1
profile_012418,treatment,1,1
profile_012419,treatment,0,0
profile_012420,treatment,0,1
profile_012421,control,1,1
profile_012422,control,1,1
profile_012423,treatment,1,1
profile_012424,control,0,0
profile_012425,control,1,1
profile_012426,control,0,1
profile_012427,control,1,1
profile_012428,treatment,1,1
profile_012429,control,1,1
profile_012430,treatment,0,0
profile_012431,treatment,0,1
profile_012432,treatment,1,1
profile_012433,control,0,0
profile_012434,treatment,0,0
profile_012435,treatment,1,1
profile_012436,treatment,0,1
profile_012437,control,0,1
profile_012438,treatment,0,0
profile_012439,control,1,1
profile_012440,treatment,0,1
profile_012441,treatment,0,0
profile_012442,treatment,1,1
profile_012443,control,1,1
profile_012444,control,1,1
profile_012445,control,0,0
profile_012446,treatment,1,1
profile_012447,treatment,1,1
profile_012448,control,1,1
profile_012449,treatment,1,1
profile_012450,treatment,0,1
profile_012451,control,0,0
profile_012452,treatment,1,1
profile_012453,treatment,1,1
profile_012454,control,1,1
profile_012455,control,0,1
profile_012456,treatment,1,1
profile_012457,control,1,1
profile_012458,control,0,0
profile_012459,control,1,1
profile_012460,treatment,0,0
profile_012461,control,1,1
profile_012462,control,1,1
profile_012463,control,0,0
profile_012464,control,1,1
profile_012465,control,0,1
profile_012466,control,1,1
profile_012467,treatment,1,1
profile_012468,control,1,1
profile_012469,treatment,0,1
profile_012470,control,0,0
profile_012471,control,1,1
profile_012472,control,0,1
profile_012473,treatment,1,1
profile_012474,control,1,1
profile_012475,treatment,0,0
profile_012476,control,0,1
profile_012477,treatment,0,0
profile_012478,treatment,0,0
profile_012479,treatment,0,1
profile_012480,control,1,1
profile_012481,control,0,1
profile_012482,control,1,1
profile_012483,treatment,0,1
profile_012484,treatment,1,1
profile_012485,control,1,1
profile_012486,treatment,1,1
profile_012487,control,1,1
profile_012488,treatment,0,1
profile_012489,treatment,0,0
profile_012490,control,1,1
profile_012491,control,1,1
profile_012492,control,1,1
profile_012493,treatment,1,1
profile_012494,treatment,0,1
profile_012495,control,1,1
profile_012496,control,1,1
profile_012497,control,1,1
profile_012498,control,0,1
profile_012499,treatment,0,1
profile_012500,treatment,1,1
profile_012501,control,1,1
profile_012502,control,1,1
profile_012503,control,1,1
profile_012504,control,1,1
profile_012505,treatment,0,1
profile_012506,control,0,0
profile_012507,control,0,1
profile_012508,treatment,0,1
profile_012509,control,0,1
profile_012510,treatment,1,1
profile_012511,control,1,1
profile_012512,control,0,0
profile_012513,treatment,0,1
profile_012514,control,0,0
profile_012515,control,1,1
profile_012516,control,0,0
profile_012517,control,0,0
profile_012518,treatment,0,0
profile_012519,control,1,1
profile_012520,treatment,0,0
profile_012521,control,1,1
profile_012522,treatment,0,1
profile_012523,treatment,1,1
profile_012524,treatment,0,0
profile_012525,control,1,1
profile_012526,treatment,1,1
profile_012527,control,1,1
profile_012528,control,1,1
profile_012529,treatment,1,1
profile_012530,treatment,0,1
profile_012531,control,1,1
profile_012532,treatment,1,1
profile_012533,treatment,1,1
profile_012534,control,1,1
profile_012535,treatment,1,1
profile_012536,control,1,1
profile_012537,treatment,1,1
profile_012538,treatment,1,1
profile_012539,treatment,1,1
profile_012540,treatment,1,1
profile_012541,treatment,0,1
profile_012542,treatment,1,1
profile_012543,treatment,1,1
profile_012544,treatment,1,1
profile_012545,treatment,1,1
profile_012546,treatment,0,0
profile_012547,treatment,1,1
profile_012548,control,1,1
profile_012549,control,1,1
profile_012550,treatment,1,1
profile_012551,treatment,0,1
profile_012552,treatment,0,0
profile_012553,treatment,0,1
profile_012554,treatment,1,1
profile_012555,control,1,1
profile_012556,control,1,1
profile_012557,treatment,1,1
profile_012558,control,0,1
profile_012559,treatment,1,1
profile_012560,control,1,1
profile_012561,treatment,1,1
profile_012562,control,1,1
profile_012563,treatment,0,0
profile_012564,treatment,0,0
profile_012565,control,1,1
profile_012566,control,0,1
profile_012567,control,0,0
profile_012568,control,0,0
profile_012569,treatment,1,1
profile_012570,control,1,1
profile_012571,control,1,1
profile_012572,treatment,1,1
profile_012573,treatment,0,0
profile_012574,treatment,0,1
profile_012575,treatment,1,1
profile_012576,control,1,1
profile_012577,control,1,1
profile_012578,treatment,0,1
profile_012579,control,1,1
profile_012580,control,1,1
profile_012581,treatment,1,1
profile_012582,treatment,0,0
profile_012583,control,1,1
profile_012584,control,0,0
profile_012585,control,0,0
profile_012586,control,0,1
profile_012587,treatment,1,1
profile_012588,control,1,1
profile_012589,treatment,1,1
profile_012590,control,1,1
profile_012591,control,0,1
profile_012592,treatment,0,1
profile_012593,control,0,1
profile_012594,treatment,0,1
profile_012595,treatment,1,1
profile_012596,treatment,1,1
profile_012597,control,1,1
profile_012598,treatment,0,0
profile_012599,control,1,1
profile_012600,control,0,0
profile_012601,control,1,1
profile_012602,treatment,1,1
profile_012603,treatment,1,1
profile_012604,control,1,1
profile_012605,treatment,1,1
profile_012606,control,0,0
profile_012607,control,1,1
profile_012608,treatment,1,1
profile_012609,treatment,1,1
profile_012610,treatment,1,1
profile_012611,treatment,1,1
profile_012612,treatment,1,1
profile_012613,treatment,1,1
profile_012614,control,1,1
profile_012615,treatment,1,1
profile_012616,treatment,1,1
profile_012617,control,1,1
profile_012618,treatment,0,1
profile_012619,control,0,1
profile_012620,control,1,1
profile_012621,treatment,1,1
profile_012622,control,1,1
profile_012623,control,1,1
profile_012624,treatment,1,1
profile_012625,control,1,1
profile_012626,treatment,0,0
profile_012627,treatment,0,1
profile_012628,treatment,0,1
profile_012629,control,1,1
profile_012630,treatment,0,0
profile_012631,treatment,1,1
profile_012632,treatment,1,1
profile_012633,control,1,1
profile_012634,treatment,1,1
profile_012635,control,1,1
profile_012636,control,0,0
profile_012637,control,0,0
profile_012638,control,1,1
profile_012639,control,1,1
profile_012640,treatment,0,0
profile_012641,control,0,1
profile_012642,treatment,0,1
profile_012643,control,1,1
profile_012644,control,1,1
profile_012645,treatment,0,1
profile_012646,control,0,0
profile_012647,treatment,1,1
profile_012648,control,1,1
profile_012649,treatment,0,0
profile_012650,control,1,1
profile_012651,control,1,1
profile_012652,control,1,1
profile_012653,treatment,0,1
profile_012654,treatment,1,1
profile_012655,treatment,1,1
profile_012656,control,1,1
profile_012657,treatment,1,1
profile_012658,treatment,1,1
profile_012659,control,0,1
profile_012660,control,0,0
profile_012661,control,1,1
profile_012662,control,0,1
profile_012663,treatment,0,1
profile_012664,treatment,1,1
profile_012665,treatment,1,1
profile_012666,control,0,1
profile_012667,treatment,1,1
profile_012668,control,1,1
profile_012669,control,1,1
profile_012670,control,1,1
profile_012671,treatment,1,1
profile_012672,control,1,1
profile_012673,control,1,1
profile_012674,treatment,1,1
profile_012675,treatment,0,0
profile_012676,treatment,1,1
profile_012677,control,0,1
profile_012678,treatment,0,1
profile_012679,control,1,1
profile_012680,treatment,1,1
profile_012681,treatment,1,1
profile_012682,control,1,1
profile_012683,control,0,1
profile_012684,control,0,0
profile_012685,control,0,0
profile_012686,treatment,0,1
profile_012687,control,0,0
profile_012688,treatment,0,1
profile_012689,control,0,1
profile_012690,control,0,0
profile_012691,control,1,1
profile_012692,control,0,0
profile_012693,treatment,0,1
profile_012694,treatment,1,1
profile_012695,control,0,1
profile_012696,control,1,1
profile_012697,control,1,1
profile_012698,treatment,0,0
profile_012699,control,0,0
profile_012700,treatment,1,1
profile_012701,treatment,1,1
profile_012702,control,0,1
profile_012703,control,1,1
profile_012704,treatment,1,1
profile_012705,treatment,1,1
profile_012706,control,0,0
profile_012707,control,0,1
profile_012708,control,1,1
profile_012709,treatment,0,1
profile_012710,control,0,1
profile_012711,control,1,1
profile_012712,treatment,0,0
profile_012713,treatment,1,1
profile_012714,control,1,1
profile_012715,treatment,1,1
profile_012716,control,1,1
profile_012717,control,1,1
profile_012718,treatment,1,1
profile_012719,control,1,1
profile_012720,control,1,1
profile_012721,control,0,1
profile_012722,control,1,1
profile_012723,control,1,1
profile_012724,treatment,0,1
profile_012725,treatment,1,1
profile_012726,control,0,0
profile_012727,control,1,1
profile_012728,treatment,1,1
profile_012729,treatment,1,1
profile_012730,treatment,1,1
profile_012731,control,1,1
profile_012732,treatment,0,0
profile_012733,treatment,0,0
profile_012734,control,0,1
profile_012735,treatment,1,1
profile_012736,control,1,1
profile_012737,control,1,1
profile_012738,control,1,1
profile_012739,treatment,0,1
profile_012740,treatment,0,1
profile_012741,treatment,0,0
profile_012742,control,0,1
profile_012743,treatment,1,1
profile_012744,control,1,1
profile_012745,control,0,1
profile_012746,treatment,0,0
profile_012747,control,0,1
profile_012748,control,1,1
profile_012749,control,0,0
profile_012750,treatment,0,0
profile_012751,control,1,1
profile_012752,treatment,1,1
profile_012753,control,0,1
profile_012754,control,1,1
profile_012755,control,1,1
profile_012756,control,1,1
profile_012757,treatment,1,1
profile_012758,control,1,1
profile_012759,control,0,1
profile_012760,treatment,1,1
profile_012761,treatment,1,1
profile_012762,treatment,1,1
profile_012763,control,1,1
profile_012764,treatment,0,0
profile_012765,control,1,1
profile_012766,control,1,1
profile_012767,control,1,1
profile_012768,treatment,1,1
profile_012769,control,0,0
profile_012770,treatment,1,1
profile_012771,control,0,0
profile_012772,control,0,0
profile_012773,control,1,1
profile_012774,control,0,1
profile_012775,treatment,1,1
profile_012776,control,1,1
profile_012777,treatment,0,0
profile_012778,treatment,0,0
profile_012779,control,1,1
profile_012780,control,1,1
profile_012781,treatment,0,1
profile_012782,treatment,1,1
profile_012783,control,0,1
profile_012784,treatment,0,0
profile_012785,treatment,1,1
profile_012786,control,0,1
profile_012787,control,0,0
profile_012788,control,1,1
profile_012789,control,0,1
profile_012790,control,1,1
profile_012791,control,1,1
profile_012792,treatment,0,1
profile_012793,treatment,0,0
profile_012794,control,0,1
profile_012795,control,1,1
profile_012796,control,1,1
profile_012797,treatment,1,1
profile_012798,treatment,0,0
profile_012799,control,0,0
profile_012800,treatment,1,1
profile_012801,control,1,1
profile_012802,treatment,0,1
profile_012803,treatment,1,1
profile_012804,control,1,1
profile_012805,treatment,1,1
profile_012806,treatment,0,0
profile_012807,treatment,0,1
profile_012808,treatment,0,0
profile_012809,treatment,0,0
profile_012810,control,0,1
profile_012811,treatment,1,1
profile_012812,control,1,1
profile_012813,treatment,1,1
profile_012814,control,1,1
profile_012815,treatment,0,0
profile_012816,treatment,0,1
profile_012817,control,1,1
profile_012818,control,1,1
profile_012819,control,0,1
profile_012820,treatment,0,1
profile_012821,control,1,1
profile_012822,treatment,0,0
profile_012823,treatment,0,1
profile_012824,treatment,1,1
profile_012825,treatment,1,1
profile_012826,control,1,1
profile_012827,treatment,1,1
profile_012828,control,0,1
profile_012829,control,1,1
profile_012830,treatment,0,1
profile_012831,control,1,1
profile_012832,control,0,1
profile_012833,control,0,1
profile_012834,treatment,0,1
profile_012835,treatment,1,1
profile_012836,control,1,1
profile_012837,treatment,1,1
profile_012838,treatment,0,0
profile_012839,control,1,1
profile_012840,control,0,1
profile_012841,treatment,1,1
profile_012842,treatment,0,0
profile_012843,treatment,0,0
profile_012844,control,1,1
profile_012845,control,0,0
profile_012846,control,0,0
profile_012847,treatment,1,1
profile_012848,control,1,1
profile_012849,control,0,1
profile_012850,treatment,0,0
profile_012851,control,1,1
profile_012852,treatment,0,1
profile_012853,control,0,0
profile_012854,control,1,1
profile_012855,treatment,1,1
profile_012856,treatment,1,1
profile_012857,treatment,0,0
profile_012858,treatment,1,1
profile_012859,control,1,1
profile_012860,control,1,1
profile_012861,control,0,1
profile_012862,control,0,0
profile_012863,control,1,1
profile_012864,treatment,0,1
profile_012865,control,1,1
profile_012866,control,1,1
profile_012867,treatment,1,1
profile_012868,treatment,1,1
profile_012869,treatment,1,1
profile_012870,control,1,1
profile_012871,control,1,1
profile_012872,control,0,0
profile_012873,treatment,0,1
profile_012874,treatment,1,1
profile_012875,treatment,1,1
profile_012876,control,1,1
profile_012877,control,0,1
profile_012878,treatment,1,1
profile_012879,treatment,1,1
profile_012880,treatment,0,0
profile_012881,treatment,1,1
profile_012882,treatment,0,0
profile_012883,treatment,1,1
profile_012884,treatment,1,1
profile_012885,treatment,1,1
profile_012886,treatment,1,1
profile_012887,control,1,1
profile_012888,control,1,1
profile_012889,control,1,1
profile_012890,treatment,1,1
profile_012891,treatment,1,1
profile_012892,control,0,1
profile_012893,treatment,1,1
profile_012894,treatment,1,1
profile_012895,treatment,1,1
profile_012896,control,0,0
profile_012897,control,1,1
profile_012898,treatment,1,1
profile_012899,treatment,0,0
profile_012900,treatment,0,1
profile_012901,control,1,1
profile_012902,control,1,1
profile_012903,treatment,0,1
profile_012904,treatment,0,1
profile_012905,control,1,1
profile_012906,treatment,1,1
profile_012907,control,0,0
profile_012908,control,1,1
profile_012909,control,1,1
profile_012910,treatment,1,1
profile_012911,treatment,0,1
profile_012912,control,1,1
profile_012913,treatment,0,1
profile_012914,control,0,0
profile_012915,treatment,1,1
profile_012916,control,1,1
profile_012917,treatment,1,1
profile_012918,treatment,1,1
profile_012919,control,0,0
profile_012920,treatment,1,1
profile_012921,treatment,0,0
profile_012922,control,1,1
profile_012923,control,1,1
profile_012924,control,1,1
profile_012925,control,0,0
profile_012926,treatment,1,1
profile_012927,control,1,1
profile_012928,control,0,0
profile_012929,treatment,0,1
profile_012930,treatment,0,0
profile_012931,control,1,1
profile_012932,treatment,1,1
profile_012933,control,0,0
profile_012934,control,1,1
profile_012935,control,1,1
profile_012936,treatment,0,0
profile_012937,control,1,1
profile_012938,control,1,1
profile_012939,control,1,1
profile_012940,treatment,1,1
profile_012941,control,0,1
profile_012942,control,1,1
profile_012943,treatment,0,1
profile_012944,control,0,1
profile_012945,control,1,1
profile_012946,treatment,1,1
profile_012947,control,1,1
profile_012948,treatment,1,1
profile_012949,treatment,1,1
profile_012950,treatment,1,1
profile_012951,control,1,1
profile_012952,treatment,0,0
profile_012953,control,1,1
profile_012954,control,1,1
profile_012955,control,0,0
profile_012956,treatment,0,1
profile_012957,treatment,1,1
profile_012958,control,0,1
profile_012959,control,1,1
profile_012960,treatment,0,1
profile_012961,control,1,1
profile_012962,treatment,0,0
profile_012963,control,1,1
profile_012964,treatment,1,1
profile_012965,control,1,1
profile_012966,control,1,1
profile_012967,treatment,1,1
profile_012968,control,0,1
profile_012969,control,0,0
profile_012970,treatment,0,1
profile_012971,control,0,1
profile_012972,control,1,1
profile_012973,control,0,1
profile_012974,control,1,1
profile_012975,treatment,1,1
profile_012976,treatment,1,1
profile_012977,treatment,0,1
profile_012978,control,1,1
profile_012979,treatment,1,1
profile_012980,control,1,1
profile_012981,control,0,1
profile_012982,control,1,1
profile_012983,treatment,1,1
profile_012984,control,1,1
profile_012985,treatment,1,1
profile_012986,treatment,1,1
profile_012987,treatment,0,1
profile_012988,control,0,1
profile_012989,treatment,1,1
profile_012990,treatment,0,1
profile_012991,treatment,1,1
profile_012992,treatment,0,1
profile_012993,treatment,0,0
profile_012994,treatment,0,1
profile_012995,treatment,1,1
profile_012996,treatment,1,1
profile_012997,treatment,0,1
profile_012998,treatment,1,1
profile_012999,control,1,1
profile_013000,treatment,1,1
profile_013001,control,1,1
profile_013002,treatment,1,1
profile_013003,treatment,1,1
profile_013004,treatment,1,1
profile_013005,control,0,0
profile_013006,control,1,1
profile_013007,treatment,0,0
profile_013008,treatment,1,1
profile_013009,treatment,0,0
profile_013010,control,1,1
profile_013011,treatment,0,1
profile_013012,treatment,0,0
profile_013013,treatment,1,1
profile_013014,treatment,1,1
profile_013015,treatment,0,1
profile_013016,control,1,1
profile_013017,treatment,1,1
profile_013018,control,1,1
profile_013019,treatment,0,1
profile_013020,control,0,1
profile_013021,control,1,1
profile_013022,control,1,1
profile_013023,control,0,0
profile_013024,control,1,1
profile_013025,control,0,0
profile_013026,treatment,0,1
profile_013027,treatment,1,1
profile_013028,treatment,0,1
profile_013029,treatment,1,1
profile_013030,treatment,0,0
profile_013031,treatment,1,1
profile_013032,control,0,1
profile_013033,treatment,1,1
profile_013034,control,0,0
profile_013035,treatment,1,1
profile_013036,control,1,1
profile_013037,control,1,1
profile_013038,control,1,1
profile_013039,treatment,1,1
profile_013040,treatment,1,1
profile_013041,treatment,1,1
profile_013042,treatment,0,0
profile_013043,treatment,1,1
profile_013044,treatment,1,1
profile_013045,treatment,0,0
profile_013046,treatment,1,1
profile_013047,control,1,1
profile_013048,control,0,1
profile_013049,treatment,0,0
profile_013050,treatment,1,1
profile_013051,treatment,0,0
profile_013052,control,0,0
profile_013053,treatment,0,0
profile_013054,control,0,0
profile_013055,treatment,1,1
profile_013056,control,0,0
profile_013057,treatment,0,0
profile_013058,control,1,1
profile_013059,control,1,1
profile_013060,treatment,1,1
profile_013061,treatment,0,0
profile_013062,control,0,0
profile_013063,treatment,0,0
profile_013064,treatment,0,1
profile_013065,treatment,1,1
profile_013066,control,0,0
profile_013067,control,1,1
profile_013068,treatment,1,1
profile_013069,control,0,1
profile_013070,treatment,1,1
profile_013071,treatment,1,1
profile_013072,treatment,0,0
profile_013073,treatment,0,1
profile_013074,control,1,1
profile_013075,treatment,1,1
profile_013076,treatment,0,1
profile_013077,control,0,0
profile_013078,control,0,1
profile_013079,treatment,1,1
profile_013080,treatment,0,0
profile_013081,control,1,1
profile_013082,control,0,1
profile_013083,control,1,1
profile_013084,control,0,1
profile_013085,control,1,1
profile_013086,control,1,1
profile_013087,control,1,1
profile_013088,treatment,0,1
profile_013089,control,1,1
profile_013090,treatment,0,1
profile_013091,treatment,1,1
profile_013092,control,0,0
profile_013093,treatment,1,1
profile_013094,treatment,1,1
profile_013095,treatment,1,1
profile_013096,control,0,0
profile_013097,treatment,1,1
profile_013098,treatment,0,0
profile_013099,treatment,0,1
profile_013100,treatment,0,0
profile_013101,control,0,0
profile_013102,control,1,1
profile_013103,control,0,1
profile_013104,treatment,1,1
profile_013105,treatment,0,1
profile_013106,treatment,0,0
profile_013107,control,1,1
profile_013108,treatment,0,0
profile_013109,treatment,1,1
profile_013110,control,0,0
profile_013111,control,1,1
profile_013112,treatment,0,0
profile_013113,control,1,1
profile_013114,treatment,1,1
profile_013115,treatment,1,1
profile_013116,control,0,0
profile_013117,control,0,0
profile_013118,control,1,1
profile_013119,control,1,1
profile_013120,control,0,1
profile_013121,treatment,0,0
profile_013122,treatment,0,0
profile_013123,control,1,1
profile_013124,treatment,1,1
profile_013125,control,1,1
profile_013126,control,0,1
profile_013127,control,1,1
profile_013128,control,0,0
profile_013129,treatment,0,0
profile_013130,treatment,1,1
profile_013131,treatment,0,1
profile_013132,treatment,0,0
profile_013133,treatment,1,1
profile_013134,control,0,1
profile_013135,treatment,0,1
profile_013136,treatment,1,1
profile_013137,treatment,0,0
profile_013138,treatment,1,1
profile_013139,treatment,1,1
profile_013140,treatment,1,1
profile_013141,treatment,0,0
profile_013142,control,1,1
profile_013143,treatment,1,1
profile_013144,treatment,0,0
profile_013145,control,0,1
profile_013146,treatment,0,1
profile_013147,control,0,0
profile_013148,treatment,0,0
profile_013149,control,0,0
profile_013150,control,1,1
profile_013151,treatment,0,1
profile_013152,control,0,0
profile_013153,control,0,1
profile_013154,control,1,1
profile_013155,treatment,0,0
profile_013156,control,1,1
profile_013157,treatment,0,0
profile_013158,treatment,0,1
profile_013159,treatment,0,1
profile_013160,treatment,1,1
profile_013161,treatment,1,1
profile_013162,control,0,1
profile_013163,treatment,0,1
profile_013164,treatment,1,1
profile_013165,treatment,1,1
profile_013166,treatment,1,1
profile_013167,treatment,1,1
profile_013168,treatment,0,1
profile_013169,control,1,1
profile_013170,treatment,0,1
profile_013171,control,1,1
profile_013172,control,1,1
profile_013173,treatment,0,1
profile_013174,control,0,0
profile_013175,treatment,1,1
profile_013176,control,0,1
profile_013177,control,0,1
profile_013178,control,1,1
profile_013179,control,0,1
profile_013180,control,1,1
profile_013181,control,0,1
profile_013182,treatment,1,1
profile_013183,treatment,1,1
profile_013184,treatment,1,1
profile_013185,treatment,1,1
profile_013186,treatment,0,1
profile_013187,control,0,0
profile_013188,treatment,1,1
profile_013189,treatment,0,1
profile_013190,control,1,1
profile_013191,control,1,1
profile_013192,treatment,0,0
profile_013193,control,0,0
profile_013194,control,0,1
profile_013195,treatment,0,1
profile_013196,control,1,1
profile_013197,treatment,1,1
profile_013198,control,0,0
profile_013199,treatment,1,1
profile_013200,treatment,1,1
profile_013201,control,1,1
profile_013202,control,1,1
profile_013203,control,0,0
profile_013204,control,1,1
profile_013205,control,1,1
profile_013206,control,1,1
profile_013207,control,0,0
profile_013208,treatment,1,1
profile_013209,control,1,1
profile_013210,control,1,1
profile_013211,control,0,1
profile_013212,treatment,0,0
profile_013213,treatment,0,0
profile_013214,treatment,1,1
profile_013215,treatment,1,1
profile_013216,control,0,1
profile_013217,control,1,1
profile_013218,control,0,0
profile_013219,treatment,0,1
profile_013220,treatment,0,1
profile_013221,treatment,0,0
profile_013222,control,1,1
profile_013223,control,1,1
profile_013224,control,1,1
profile_013225,treatment,1,1
profile_013226,treatment,1,1
profile_013227,control,1,1
profile_013228,control,1,1
profile_013229,control,1,1
profile_013230,treatment,0,1
profile_013231,control,0,0
profile_013232,treatment,0,1
profile_013233,control,1,1
profile_013234,treatment,1,1
profile_013235,treatment,1,1
profile_013236,control,1,1
profile_013237,treatment,1,1
profile_013238,control,1,1
profile_013239,treatment,1,1
profile_013240,treatment,0,1
profile_013241,treatment,0,0
profile_013242,control,1,1
profile_013243,treatment,1,1
profile_013244,control,1,1
profile_013245,control,0,1
profile_013246,control,0,0
profile_013247,control,1,1
profile_013248,treatment,1,1
profile_013249,control,1,1
profile_013250,treatment,1,1
profile_013251,control,1,1
profile_013252,treatment,0,0
profile_013253,treatment,0,0
profile_013254,control,1,1
profile_013255,control,0,0
profile_013256,treatment,0,0
profile_013257,treatment,1,1
profile_013258,control,1,1
profile_013259,treatment,0,0
profile_013260,treatment,0,0
profile_013261,control,0,0
profile_013262,control,1,1
profile_013263,treatment,1,1
profile_013264,control,1,1
profile_013265,control,1,1
profile_013266,treatment,0,1
profile_013267,control,0,0
profile_013268,treatment,0,0
profile_013269,treatment,0,1
profile_013270,treatment,1,1
profile_013271,control,1,1
profile_013272,control,1,1
profile_013273,treatment,0,0
profile_013274,control,1,1
profile_013275,control,0,1
profile_013276,control,1,1
profile_013277,treatment,0,1
profile_013278,treatment,0,0
profile_013279,control,0,1
profile_013280,treatment,1,1
profile_013281,control,1,1
profile_013282,treatment,1,1
profile_013283,treatment,1,1
profile_013284,control,0,0
profile_013285,treatment,1,1
profile_013286,control,1,1
profile_013287,treatment,1,1
profile_013288,treatment,1,1
profile_013289,treatment,1,1
profile_013290,treatment,0,0
profile_013291,treatment,0,1
profile_013292,treatment,0,0
profile_013293,control,0,0
profile_013294,treatment,0,0
profile_013295,control,1,1
profile_013296,treatment,1,1
profile_013297,treatment,0,1
profile_013298,control,1,1
profile_013299,treatment,1,1
profile_013300,control,0,0
profile_013301,control,0,1
profile_013302,control,0,0
profile_013303,control,0,1
profile_013304,treatment,0,0
profile_013305,treatment,1,1
profile_013306,control,1,1
profile_013307,treatment,1,1
profile_013308,treatment,1,1
profile_013309,treatment,1,1
profile_013310,treatment,0,1
profile_013311,control,0,1
profile_013312,control,0,0
profile_013313,control,1,1
profile_013314,control,0,0
profile_013315,treatment,1,1
profile_013316,control,1,1
profile_013317,control,1,1
profile_013318,control,0,1
profile_013319,treatment,0,1
profile_013320,treatment,0,1
profile_013321,control,1,1
profile_013322,treatment,1,1
profile_013323,treatment,1,1
profile_013324,treatment,1,1
profile_013325,control,1,1
profile_013326,control,0,1
profile_013327,treatment,1,1
profile_013328,treatment,0,1
profile_013329,treatment,0,0
profile_013330,control,1,1
profile_013331,control,1,1
profile_013332,treatment,1,1
profile_013333,control,1,1
profile_013334,control,0,0
profile_013335,treatment,0,0
profile_013336,treatment,0,0
profile_013337,control,0,0
profile_013338,control,0,1
profile_013339,control,0,1
profile_013340,control,0,0
profile_013341,treatment,1,1
profile_013342,treatment,1,1
profile_013343,control,0,1
profile_013344,control,0,1
profile_013345,treatment,1,1
profile_013346,treatment,1,1
profile_013347,treatment,0,0
profile_013348,control,1,1
profile_013349,treatment,1,1
profile_013350,treatment,1,1
profile_013351,control,1,1
profile_013352,treatment,1,1
profile_013353,treatment,1,1
profile_013354,treatment,1,1
profile_013355,control,1,1
profile_013356,control,1,1
profile_013357,treatment,1,1
profile_013358,control,1,1
profile_013359,control,1,1
profile_013360,treatment,1,1
profile_013361,treatment,1,1
profile_013362,treatment,1,1
profile_013363,treatment,0,1
profile_013364,control,1,1
profile_013365,treatment,1,1
profile_013366,control,0,0
profile_013367,control,0,0
profile_013368,control,0,1
profile_013369,treatment,0,1
profile_013370,control,0,1
profile_013371,treatment,1,1
profile_013372,treatment,0,1
profile_013373,control,1,1
profile_013374,treatment,0,1
profile_013375,control,0,1
profile_013376,treatment,0,0
profile_013377,control,1,1
profile_013378,control,1,1
profile_013379,control,0,1
profile_013380,control,0,0
profile_013381,control,1,1
profile_013382,treatment,0,0
profile_013383,treatment,1,1
profile_013384,control,0,1
profile_013385,control,1,1
profile_013386,treatment,1,1
profile_013387,control,0,1
profile_013388,control,0,0
profile_013389,treatment,0,0
profile_013390,control,1,1
profile_013391,control,1,1
profile_013392,control,1,1
profile_013393,treatment,0,0
profile_013394,treatment,0,0
profile_013395,control,0,1
profile_013396,treatment,0,0
profile_013397,control,0,0
profile_013398,control,0,0
profile_013399,treatment,1,1
profile_013400,control,1,1
profile_013401,treatment,0,0
profile_013402,treatment,1,1
profile_013403,treatment,1,1
profile_013404,control,1,1
profile_013405,treatment,0,0
profile_013406,control,1,1
profile_013407,treatment,0,0
profile_013408,control,0,0
profile_013409,control,0,0
profile_013410,treatment,0,0
profile_013411,control,0,1
profile_013412,control,0,1
profile_013413,treatment,1,1
profile_013414,treatment,0,0
profile_013415,treatment,1,1
profile_013416,control,0,1
profile_013417,treatment,1,1
profile_013418,treatment,1,1
profile_013419,treatment,1,1
profile_013420,treatment,1,1
profile_013421,treatment,0,1
profile_013422,treatment,0,0
profile_013423,control,1,1
profile_013424,treatment,1,1
profile_013425,treatment,0,0
profile_013426,treatment,1,1
profile_013427,treatment,0,1
profile_013428,treatment,0,0
profile_013429,control,1,1
profile_013430,treatment,0,1
profile_013431,treatment,1,1
profile_013432,control,0,0
profile_013433,control,1,1
profile_013434,treatment,1,1
profile_013435,treatment,1,1
profile_013436,treatment,1,1
profile_013437,treatment,0,1
profile_013438,control,0,1
profile_013439,control,0,1
profile_013440,control,1,1
profile_013441,control,1,1
profile_013442,treatment,1,1
profile_013443,treatment,1,1
profile_013444,treatment,0,1
profile_013445,treatment,1,1
profile_013446,treatment,1,1
profile_013447,treatment,1,1
profile_013448,control,0,0
profile_013449,control,0,0
profile_013450,treatment,1,1
profile_013451,control,0,0
profile_013452,treatment,0,0
profile_013453,control,1,1
profile_013454,treatment,0,1
profile_013455,control,0,0
profile_013456,treatment,0,1
profile_013457,control,1,1
profile_013458,treatment,0,1
profile_013459,control,1,1
profile_013460,control,1,1
profile_013461,control,0,0
profile_013462,control,0,1
profile_013463,control,0,0
profile_013464,control,1,1
profile_013465,control,0,0
profile_013466,control,1,1
profile_013467,treatment,1,1
profile_013468,treatment,1,1
profile_013469,control,1,1
profile_013470,treatment,0,1
profile_013471,treatment,1,1
profile_013472,treatment,0,0
profile_013473,treatment,1,1
profile_013474,control,0,0
profile_013475,control,1,1
profile_013476,treatment,1,1
profile_013477,control,0,1
profile_013478,treatment,1,1
profile_013479,control,0,0
profile_013480,control,1,1
profile_013481,treatment,1,1
profile_013482,control,1,1
profile_013483,treatment,1,1
profile_013484,control,0,0
profile_013485,treatment,1,1
profile_013486,treatment,1,1
profile_013487,control,1,1
profile_013488,control,1,1
profile_013489,control,1,1
profile_013490,control,1,1
profile_013491,control,1,1
profile_013492,treatment,0,1
profile_013493,control,0,1
profile_013494,treatment,1,1
profile_013495,control,1,1
profile_013496,treatment,1,1
profile_013497,control,1,1
profile_013498,control,1,1
profile_013499,control,1,1
profile_013500,control,1,1
profile_013501,control,0,1
profile_013502,control,0,0
profile_013503,treatment,1,1
profile_013504,treatment,0,0
profile_013505,control,1,1
profile_013506,treatment,1,1
profile_013507,control,0,0
profile_013508,control,1,1
profile_013509,control,1,1
profile_013510,control,0,0
profile_013511,treatment,1,1
profile_013512,control,1,1
profile_013513,treatment,0,0
profile_013514,treatment,1,1
profile_013515,control,1,1
profile_013516,control,0,1
profile_013517,treatment,1,1
profile_013518,control,1,1
profile_013519,treatment,1,1
profile_013520,treatment,0,0
profile_013521,control,0,1
profile_013522,control,1,1
profile_013523,treatment,0,0
profile_013524,treatment,0,0
profile_013525,treatment,1,1
profile_013526,control,0,1
profile_013527,treatment,1,1
profile_013528,treatment,1,1
profile_013529,control,0,0
profile_013530,treatment,0,0
profile_013531,treatment,0,1
profile_013532,control,1,1
profile_013533,treatment,1,1
profile_013534,treatment,1,1
profile_013535,treatment,0,1
profile_013536,treatment,1,1
profile_013537,control,1,1
profile_013538,control,1,1
profile_013539,control,1,1
profile_013540,control,0,0
profile_013541,treatment,1,1
profile_013542,control,0,0
profile_013543,treatment,0,0
profile_013544,control,0,1
profile_013545,treatment,1,1
profile_013546,control,1,1
profile_013547,treatment,0,0
profile_013548,treatment,1,1
profile_013549,control,1,1
profile_013550,treatment,1,1
profile_013551,control,0,1
profile_013552,control,1,1
profile_013553,control,0,1
profile_013554,treatment,1,1
profile_013555,treatment,0,1
profile_013556,treatment,0,1
profile_013557,control,1,1
profile_013558,treatment,0,1
profile_013559,treatment,0,0
profile_013560,treatment,1,1
profile_013561,control,0,0
profile_013562,control,1,1
profile_013563,treatment,0,1
profile_013564,control,1,1
profile_013565,treatment,1,1
profile_013566,control,1,1
profile_013567,control,1,1
profile_013568,control,1,1
profile_013569,control,1,1
profile_013570,treatment,1,1
profile_013571,treatment,0,0
profile_013572,control,1,1
profile_013573,control,1,1
profile_013574,treatment,0,1
profile_013575,control,1,1
profile_013576,control,0,1
profile_013577,control,1,1
profile_013578,control,1,1
profile_013579,treatment,1,1
profile_013580,treatment,1,1
profile_013581,control,1,1
profile_013582,control,0,1
profile_013583,treatment,1,1
profile_013584,control,0,1
profile_013585,treatment,1,1
profile_013586,treatment,1,1
profile_013587,control,1,1
profile_013588,treatment,1,1
profile_013589,control,1,1
profile_013590,treatment,1,1
profile_013591,treatment,1,1
profile_013592,treatment,0,1
profile_013593,control,0,0
profile_013594,treatment,1,1
profile_013595,treatment,0,0
profile_013596,control,1,1
profile_013597,control,1,1
profile_013598,control,1,1
profile_013599,treatment,0,0
profile_013600,control,1,1
profile_013601,treatment,1,1
profile_013602,treatment,1,1
profile_013603,treatment,0,1
profile_013604,control,1,1
profile_013605,control,1,1
profile_013606,treatment,1,1
profile_013607,control,1,1
profile_013608,control,0,0
profile_013609,treatment,0,0
profile_013610,control,0,1
profile_013611,control,0,1
profile_013612,treatment,0,0
profile_013613,treatment,0,0
profile_013614,control,1,1
profile_013615,control,1,1
profile_013616,treatment,1,1
profile_013617,treatment,1,1
profile_013618,treatment,0,0
profile_013619,control,1,1
profile_013620,control,1,1
profile_013621,treatment,0,0
profile_013622,treatment,0,0
profile_013623,control,1,1
profile_013624,treatment,1,1
profile_013625,control,1,1
profile_013626,treatment,1,1
profile_013627,control,1,1
profile_013628,treatment,1,1
profile_013629,control,0,0
profile_013630,treatment,0,1
profile_013631,control,0,0
profile_013632,control,1,1
profile_013633,control,1,1
profile_013634,control,1,1
profile_013635,control,1,1
profile_013636,control,1,1
profile_013637,treatment,0,1
profile_013638,control,1,1
profile_013639,treatment,1,1
profile_013640,treatment,1,1
profile_013641,treatment,0,1
profile_013642,treatment,0,1
profile_013643,control,1,1
profile_013644,control,0,0
profile_013645,control,0,1
profile_013646,treatment,0,1
profile_013647,control,1,1
profile_013648,treatment,1,1
profile_013649,treatment,1,1
profile_013650,control,1,1
profile_013651,treatment,1,1
profile_013652,treatment,1,1
profile_013653,control,0,0
profile_013654,control,1,1
profile_013655,treatment,1,1
profile_013656,treatment,0,0
profile_013657,control,1,1
profile_013658,control,0,1
profile_013659,control,1,1
profile_013660,control,1,1
profile_013661,treatment,1,1
profile_013662,treatment,0,1
profile_013663,treatment,1,1
profile_013664,control,0,1
profile_013665,treatment,1,1
profile_013666,control,1,1
profile_013667,control,0,1
profile_013668,treatment,1,1
profile_013669,control,1,1
profile_013670,control,1,1
profile_013671,control,0,0
profile_013672,control,0,0
profile_013673,control,0,0
profile_013674,treatment,0,1
profile_013675,treatment,1,1
profile_013676,control,0,0
profile_013677,treatment,0,1
profile_013678,treatment,0,0
profile_013679,control,0,1
profile_013680,control,0,0
profile_013681,control,1,1
profile_013682,treatment,1,1
profile_013683,treatment,0,0
profile_013684,control,0,0
profile_013685,treatment,0,0
profile_013686,treatment,1,1
profile_013687,control,1,1
profile_013688,control,0,1
profile_013689,control,1,1
profile_013690,control,1,1
profile_013691,treatment,1,1
profile_013692,control,0,1
profile_013693,control,0,0
profile_013694,treatment,0,0
profile_013695,control,1,1
profile_013696,treatment,1,1
profile_013697,treatment,0,1
profile_013698,treatment,1,1
profile_013699,treatment,0,0
profile_013700,control,1,1
profile_013701,control,0,1
profile_013702,treatment,0,1
profile_013703,treatment,1,1
profile_013704,control,1,1
profile_013705,treatment,0,0
profile_013706,treatment,1,1
profile_013707,treatment,1,1
profile_013708,treatment,1,1
profile_013709,treatment,0,0
profile_013710,control,0,0
profile_013711,treatment,0,1
profile_013712,control,1,1
profile_013713,control,1,1
profile_013714,treatment,1,1
profile_013715,control,1,1
profile_013716,control,0,0
profile_013717,control,0,0
profile_013718,treatment,1,1
profile_013719,control,1,1
profile_013720,control,1,1
profile_013721,treatment,0,1
profile_013722,control,1,1
profile_013723,treatment,1,1
profile_013724,control,1,1
profile_013725,treatment,1,1
profile_013726,control,1,1
profile_013727,control,0,1
profile_013728,control,0,0
profile_013729,treatment,1,1
profile_013730,treatment,0,0
profile_013731,treatment,1,1
profile_013732,control,1,1
profile_013733,control,1,1
profile_013734,control,1,1
profile_013735,control,1,1
profile_013736,treatment,1,1
profile_013737,treatment,1,1
profile_013738,control,0,1
profile_013739,control,1,1
profile_013740,control,0,1
profile_013741,control,1,1
profile_013742,treatment,1,1
profile_013743,control,1,1
profile_013744,control,1,1
profile_013745,control,1,1
profile_013746,control,1,1
profile_013747,control,0,1
profile_013748,control,1,1
profile_013749,treatment,0,1
profile_013750,treatment,0,0
profile_013751,treatment,0,1
profile_013752,control,1,1
profile_013753,treatment,1,1
profile_013754,treatment,1,1
profile_013755,control,0,0
profile_013756,control,1,1
profile_013757,control,1,1
profile_013758,control,0,1
profile_013759,control,0,1
profile_013760,control,1,1
profile_013761,treatment,1,1
profile_013762,control,1,1
profile_013763,control,0,1
profile_013764,control,0,0
profile_013765,treatment,1,1
profile_013766,treatment,0,0
profile_013767,control,0,0
profile_013768,treatment,1,1
profile_013769,control,1,1
profile_013770,treatment,0,1
profile_013771,treatment,0,1
profile_013772,treatment,1,1
profile_013773,treatment,1,1
profile_013774,control,1,1
profile_013775,control,0,0
profile_013776,control,1,1
profile_013777,control,1,1
profile_013778,treatment,0,1
profile_013779,control,1,1
profile_013780,treatment,1,1
profile_013781,control,0,0
profile_013782,treatment,1,1
profile_013783,control,1,1
profile_013784,control,0,0
profile_013785,control,1,1
profile_013786,treatment,0,0
profile_013787,treatment,0,1
profile_013788,control,0,0
profile_013789,control,1,1
profile_013790,treatment,1,1
profile_013791,control,1,1
profile_013792,control,1,1
profile_013793,control,1,1
profile_013794,control,1,1
profile_013795,treatment,0,0
profile_013796,control,1,1
profile_013797,control,1,1
profile_013798,control,0,1
profile_013799,treatment,0,1
profile_013800,treatment,1,1
profile_013801,control,0,1
profile_013802,control,0,1
profile_013803,treatment,1,1
profile_013804,treatment,0,1
profile_013805,treatment,1,1
profile_013806,control,1,1
profile_013807,control,1,1
profile_013808,treatment,1,1
profile_013809,control,1,1
profile_013810,control,1,1
profile_013811,control,1,1
profile_013812,control,1,1
profile_013813,control,1,1
profile_013814,control,1,1
profile_013815,control,1,1
profile_013816,treatment,1,1
profile_013817,control,1,1
profile_013818,treatment,1,1
profile_013819,treatment,0,1
profile_013820,treatment,1,1
profile_013821,control,1,1
profile_013822,treatment,1,1
profile_013823,control,1,1
profile_013824,control,1,1
profile_013825,treatment,1,1
profile_013826,treatment,1,1
profile_013827,treatment,1,1
profile_013828,treatment,1,1
profile_013829,treatment,0,0
profile_013830,treatment,0,1
profile_013831,control,1,1
profile_013832,control,1,1
profile_013833,treatment,1,1
profile_013834,control,0,1
profile_013835,control,0,0
profile_013836,control,1,1
profile_013837,control,0,0
profile_013838,control,1,1
profile_013839,control,1,1
profile_013840,control,1,1
profile_013841,treatment,1,1
profile_013842,treatment,1,1
profile_013843,treatment,1,1
profile_013844,control,1,1
profile_013845,treatment,0,0
profile_013846,control,0,1
profile_013847,control,1,1
profile_013848,treatment,1,1
profile_013849,treatment,1,1
profile_013850,control,1,1
profile_013851,treatment,1,1
profile_013852,control,1,1
profile_013853,control,0,0
profile_013854,treatment,1,1
profile_013855,treatment,1,1
profile_013856,treatment,0,0
profile_013857,control,1,1
profile_013858,treatment,1,1
profile_013859,treatment,1,1
profile_013860,treatment,0,0
profile_013861,treatment,0,0
profile_013862,control,0,0
profile_013863,treatment,1,1
profile_013864,treatment,1,1
profile_013865,control,0,1
profile_013866,treatment,1,1
profile_013867,control,1,1
profile_013868,treatment,0,0
profile_013869,treatment,0,1
profile_013870,treatment,0,0
profile_013871,control,0,0
profile_013872,control,0,0
profile_013873,control,1,1
profile_013874,treatment,0,1
profile_013875,control,1,1
profile_013876,control,1,1
profile_013877,control,0,0
profile_013878,treatment,0,0
profile_013879,control,1,1
profile_013880,control,1,1
profile_013881,control,1,1
profile_013882,treatment,0,1
profile_013883,control,0,1
profile_013884,treatment,1,1
profile_013885,treatment,1,1
profile_013886,treatment,1,1
profile_013887,control,0,1
profile_013888,treatment,1,1
profile_013889,control,0,0
profile_013890,control,0,0
profile_013891,control,0,0
profile_013892,treatment,1,1
profile_013893,treatment,0,0
profile_013894,treatment,0,0
profile_013895,treatment,0,1
profile_013896,control,1,1
profile_013897,treatment,0,1
profile_013898,control,0,1
profile_013899,treatment,0,1
profile_013900,treatment,1,1
profile_013901,control,1,1
profile_013902,control,1,1
profile_013903,control,1,1
profile_013904,control,1,1
profile_013905,treatment,0,1
profile_013906,control,1,1
profile_013907,control,1,1
profile_013908,treatment,1,1
profile_013909,control,1,1
profile_013910,control,0,0
profile_013911,control,1,1
profile_013912,treatment,1,1
profile_013913,control,1,1
profile_013914,control,1,1
profile_013915,control,1,1
profile_013916,control,1,1
profile_013917,control,1,1
profile_013918,treatment,1,1
profile_013919,treatment,1,1
profile_013920,control,1,1
profile_013921,treatment,0,0
profile_013922,control,1,1
profile_013923,control,0,1
profile_013924,treatment,1,1
profile_013925,control,1,1
profile_013926,treatment,0,1
profile_013927,treatment,1,1
profile_013928,treatment,1,1
profile_013929,control,1,1
profile_013930,treatment,1,1
profile_013931,control,1,1
profile_013932,control,0,1
profile_013933,treatment,1,1
profile_013934,control,0,0
profile_013935,control,1,1
profile_013936,treatment,0,0
profile_013937,treatment,0,1
profile_013938,control,1,1
profile_013939,control,1,1
profile_013940,treatment,1,1
profile_013941,control,1,1
profile_013942,control,1,1
profile_013943,control,1,1
profile_013944,control,0,0
profile_013945,control,1,1
profile_013946,control,0,1
profile_013947,control,1,1
profile_013948,treatment,0,1
profile_013949,treatment,0,1
profile_013950,treatment,0,0
profile_013951,treatment,1,1
profile_013952,control,1,1
profile_013953,control,0,1
profile_013954,control,0,0
profile_013955,treatment,1,1
profile_013956,treatment,1,1
profile_013957,control,1,1
profile_013958,treatment,0,1
profile_013959,treatment,1,1
profile_013960,control,1,1
profile_013961,treatment,0,1
profile_013962,control,1,1
profile_013963,control,0,1
profile_013964,treatment,0,1
profile_013965,control,0,0
profile_013966,treatment,1,1
profile_013967,control,0,1
profile_013968,control,1,1
profile_013969,treatment,0,1
profile_013970,control,1,1
profile_013971,treatment,0,0
profile_013972,control,1,1
profile_013973,control,1,1
profile_013974,control,1,1
profile_013975,control,1,1
profile_013976,treatment,0,1
profile_013977,treatment,0,0
profile_013978,control,0,1
profile_013979,control,1,1
profile_013980,control,1,1
profile_013981,treatment,1,1
profile_013982,treatment,0,1
profile_013983,treatment,1,1
profile_013984,control,1,1
profile_013985,control,1,1
profile_013986,treatment,0,1
profile_013987,control,1,1
profile_013988,control,0,1
profile_013989,control,0,1
profile_013990,control,1,1
profile_013991,treatment,1,1
profile_013992,control,1,1
profile_013993,control,0,0
profile_013994,control,0,0
profile_013995,treatment,1,1
profile_013996,treatment,1,1
profile_013997,control,0,1
profile_013998,treatment,1,1
profile_013999,control,1,1
profile_014000,treatment,1,1
